Record_ID,Resource_Name,Suggested_Name,Category,Organization_Status,Organization_Reason,URLs,URL_Statuses,Phones,Phone_Statuses,Emails,Email_Statuses,Addresses,Contact_Names,Viability_Score,Viability_Rating,Viability_Evidence,Duplicate_Group,Duplicate_Confidence,Flags,Source_Files,Source_Indexes,Source_Document,Description_Context,Discovery_Notes,Errors
a44488fbe73fe8d5c0aa,Patient Advocate Foundation (PAF) – Emergency Financial Aid,,CSV_RESOURCE,INCONCLUSIVE,Network/TLS/server failures prevented a reliable organization verdict.,https://www.patientadvocate.org/,https://www.patientadvocate.org/ => INCONCLUSIVE_OFFLINE,+1-800-532-5274 | +1-800-363-7436,+1-800-532-5274 => PLAUSIBLE_UNVERIFIED | +1-800-363-7436 => PLAUSIBLE_UNVERIFIED,,,,,67,CONDITIONAL_OR_UNKNOWN,SOURCE_ONLY,dg_0eca0e7495b8,UNIQUE_OR_UNMERGED,no_parseable_email_in_source_or_context | live_network_not_tested,/mnt/data/master_resource_extract (1).json,0,"Grants:Mutual_Aid:Orgs.txt, FINAL RESOURCE LIST.txt, Help List Total copy.txt, HELP LIST FINAL.txt","Patient Advocate Foundation (PAF) – Emergency Financial Aid
Provides: “$250–$800 emergency financial aid for those with chronic illness (Lyme qualifies). Can include … housing if medically necessary”. In other words, PAF pays small emergency grants (e.g. bills, transportation, even short-term housing) for medically urgent needs.

Eligibility (strict gates): Must have a documented serious illness and show financial hardship. It explicitly disqualifies applicants without a qualifying illness or hardship.

Intake (if unsheltered/RV/DV-displaced): Apply online or by phone, supplying medical records and proof of need. No fixed residence is required — the application asks for documentation of homelessness or urgent need and medical necessity, not a lease.

Lyme Treatment Foundation – Infrastructure/Treatment Grants
Provides: Grants up to $4,000 for Lyme disease patients to cover treatment-related expenses, including housing or RV infrastructure if needed for care. Essentially funds medical and related costs; housing costs can be justified as part of treatment access.

Eligibility: Requires an adult Lyme diagnosis and documented inability to pay for care. No award if you lack a confirmed Lyme diagnosis or have sufficient funds.

Intake (if unsheltered/RV): Apply online via the Foundation’s website with a doctor’s letter, financial statements, and personal narrative. An RV resident can qualify if the RV is needed to manage the disease (per “housing infrastructure” clause), and no lease is needed.",,
47d4e72418f0c45517ca,Lyme Treatment Foundation,,CSV_RESOURCE,INCONCLUSIVE,Network/TLS/server failures prevented a reliable organization verdict.,https://www.lymetreatmentfoundation.org/apply,https://www.lymetreatmentfoundation.org/apply => INCONCLUSIVE_OFFLINE,,,,,,,50,CONDITIONAL_OR_UNKNOWN,SOURCE_ONLY,dg_40e0c1275fe0,UNIQUE_OR_UNMERGED,no_parseable_phone_in_source_or_context | no_parseable_email_in_source_or_context | live_network_not_tested,/mnt/data/master_resource_extract (1).json,1,Grants:Mutual_Aid:Orgs.txt,"Up to $4,000 treatment/infrastructure grants. Must have Lyme diagnosis, show inability to afford treatment; can be used for housing if needed for treatment access. | https://www.lymetreatmentfoundation.org/apply",,
3e9564b83d082ce35bb0,"AHCCCS H₂O Housing & Health Opportunities Program Transitional housing subsidies (rent, deposit, utilities) for homeless individuals with chronic illness or justice involvement. Intake: 1",,GRANTS,INCONCLUSIVE,Network/TLS/server failures prevented a reliable organization verdict.,https://www.azahcccs.gov/Resources/Grants/H2O.html,https://www.azahcccs.gov/Resources/Grants/H2O.html => INCONCLUSIVE_OFFLINE,+1-855-432-7587 | +1-855-814-4673,+1-855-432-7587 => PLAUSIBLE_UNVERIFIED | +1-855-814-4673 => PLAUSIBLE_UNVERIFIED,,,,,53,CONDITIONAL_OR_UNKNOWN,SOURCE_ONLY,dg_0849a1b1e1f9,UNIQUE_OR_UNMERGED,name_looks_compound_or_malformed | no_parseable_email_in_source_or_context | live_network_not_tested,/mnt/data/master_resource_extract (1).json,2,"FINAL RESOURCE LIST.txt, Help List Total copy.txt, Grants:Mutual_Aid:Orgs.txt","AHCCCS H2O Housing Program (AZ Medicaid)
Provides: Medicaid-funded transitional housing support (rent, deposits, utilities, or mobile-unit costs) and healthcare coordination for homeless members with chronic illness, SMI, or justice involvementazahcccs.gov. Up to 6 months of shelter or rental assistance plus wraparound services.

Eligibility: Must be an AHCCCS (Arizona Medicaid) enrollee who is literally homeless or at risk, and have a serious medical/mental health condition or SMIcommunity.solari-inc.org. Those not on Medicaid or without those diagnoses are ineligible.

Intake (if unsheltered/RV): Referrals go through health plans or 2‑1‑1 Coordinated Entry. In practice, call the Solari H2O support line (toll-free 1-855-814-4673) or 2‑1‑1 for screeningcommunity.solari-inc.orgazahcccs.gov. A homeless applicant (even in an RV or shelter) should ensure their Medicaid ID is active and mention homelessness/chronic illness during intake. (External referrals are handled via Solari; callers need only relay qualifying statusazahcccs.govcommunity.solari-inc.org.)",,
b03de83cdaec903f4a48,Mesa CARES Small Business Reemergence Program,,CSV_RESOURCE,INCONCLUSIVE,Network/TLS/server failures prevented a reliable organization verdict.,https://www.mesaaz.gov/business/economic-development/mesa-cares-business-assistance,https://www.mesaaz.gov/business/economic-development/mesa-cares-business-assistance => INCONCLUSIVE_OFFLINE,,,,,,,50,CONDITIONAL_OR_UNKNOWN,SOURCE_ONLY,dg_f4643e97778a,UNIQUE_OR_UNMERGED,no_parseable_phone_in_source_or_context | no_parseable_email_in_source_or_context | live_network_not_tested,/mnt/data/master_resource_extract (1).json,3,"Grants:Mutual_Aid:Orgs.txt, FINAL RESOURCE LIST.txt","Description: 12. Mesa CARES Small Business Reemergence Program One-time grants to Mesa businesses impacted by COVID-19.
Benefits: • Eligibility:
Eligibility: • Intake:
Intake: • Source URLs:",,
892071c739bf75820f6f,City of Mesa Business Export Assistance Program,,CSV_RESOURCE,INCONCLUSIVE,Network/TLS/server failures prevented a reliable organization verdict.,https://mesaaz.gov/business/business-export-assistance-program,https://mesaaz.gov/business/business-export-assistance-program => INCONCLUSIVE_OFFLINE,,,,,,,50,CONDITIONAL_OR_UNKNOWN,SOURCE_ONLY,dg_86bc641bcb7d,UNIQUE_OR_UNMERGED,no_parseable_phone_in_source_or_context | no_parseable_email_in_source_or_context | live_network_not_tested,/mnt/data/master_resource_extract (1).json,4,Grants:Mutual_Aid:Orgs.txt,"Grants/support for Mesa-based exporters, must be in Mesa and seeking to enter/export markets. | https://mesaaz.gov/business/business-export-assistance-program",,
24bf0794638d9804ab8a,Intake: https://pinetoplakesideaz.gov/252/Grant,,GRANTS,INCONCLUSIVE,Network/TLS/server failures prevented a reliable organization verdict.,https://pinetoplakesideaz.gov/252/Grant-Programs,https://pinetoplakesideaz.gov/252/Grant-Programs => INCONCLUSIVE_OFFLINE,,,,,,,50,CONDITIONAL_OR_UNKNOWN,SOURCE_ONLY,dg_6386d7eae771,UNIQUE_OR_UNMERGED,no_parseable_phone_in_source_or_context | no_parseable_email_in_source_or_context | live_network_not_tested,/mnt/data/master_resource_extract (1).json,5,"FINAL RESOURCE LIST.txt, Grants:Mutual_Aid:Orgs.txt","Description: •	Intake: https://pinetoplakesideaz.gov/252/Grant-Programs (honorhealthfoundation.org)      📚 Culture & Education Grants (niche program examples serving educational or cultural needs in AZ)
Benefits: • Eligibility:
Eligibility: • Intake:
Intake: • Source URLs: https://pinetoplakesideaz.gov/252/Grant-Programs",,
927668967298c816a977,AsBA Growing Opportunities (GO) Program,,CSV_RESOURCE,INCONCLUSIVE,Network/TLS/server failures prevented a reliable organization verdict.,https://www.asba.com/page/go-program,https://www.asba.com/page/go-program => INCONCLUSIVE_OFFLINE,,,,,,,50,CONDITIONAL_OR_UNKNOWN,SOURCE_ONLY,dg_d16751107a46,UNIQUE_OR_UNMERGED,no_parseable_phone_in_source_or_context | no_parseable_email_in_source_or_context | live_network_not_tested,/mnt/data/master_resource_extract (1).json,6,Grants:Mutual_Aid:Orgs.txt,"Training, mentorship, stipends for underrepresented AZ entrepreneurs. | https://www.asba.com/page/go-program",,
8df007a0cd8576c42c23,Transform Business Grant,,CSV_RESOURCE,INCONCLUSIVE,Network/TLS/server failures prevented a reliable organization verdict.,https://www.submittable.com/,https://www.submittable.com/ => INCONCLUSIVE_OFFLINE,,,,,,,50,CONDITIONAL_OR_UNKNOWN,SOURCE_ONLY,dg_6a4e06ac1462,UNIQUE_OR_UNMERGED,no_parseable_phone_in_source_or_context | no_parseable_email_in_source_or_context | live_network_not_tested,/mnt/data/master_resource_extract (1).json,7,Grants:Mutual_Aid:Orgs.txt,"$1,000 grant plus mentorship, must be marginalized or disabled founder. | https://www.submittable.com/",,
8e8f79e19fc0239fe23f,Halcyon Fellowship,,CSV_RESOURCE,INCONCLUSIVE,Network/TLS/server failures prevented a reliable organization verdict.,https://halcyonhouse.org/,https://halcyonhouse.org/ => INCONCLUSIVE_OFFLINE,,,,,,,50,CONDITIONAL_OR_UNKNOWN,SOURCE_ONLY,dg_3562cc9ee657,UNIQUE_OR_UNMERGED,no_parseable_phone_in_source_or_context | no_parseable_email_in_source_or_context | live_network_not_tested,/mnt/data/master_resource_extract (1).json,8,Grants:Mutual_Aid:Orgs.txt,"Free DC housing, $10K-$80K in funding for early-stage social impact ventures; open to national applicants. | https://halcyonhouse.org/",,
bd97b2cf376e1f869992,State Vocational Rehabilitation Grants,,CSV_RESOURCE,INCONCLUSIVE,Network/TLS/server failures prevented a reliable organization verdict.,https://rsa.ed.gov/about/programs/vocational-rehabilitation-grants,https://rsa.ed.gov/about/programs/vocational-rehabilitation-grants => INCONCLUSIVE_OFFLINE,,,,,,,50,CONDITIONAL_OR_UNKNOWN,SOURCE_ONLY,dg_d5fb41ea96e2,UNIQUE_OR_UNMERGED,no_parseable_phone_in_source_or_context | no_parseable_email_in_source_or_context | live_network_not_tested,/mnt/data/master_resource_extract (1).json,9,Grants:Mutual_Aid:Orgs.txt,"Funds business startup or reentry for individuals with disabilities; AZ VR services, documentation of disability required. | https://rsa.ed.gov/about/programs/vocational-rehabilitation-grants",,
79d58f5f18aa6ced6267,"Community Development Block Grant (CDBG) Federal funds for community revitalization, housing rehabilitation, infrastructure, and public services in rural Arizona. Intake: https://housing.az.gov/programs/community",,GRANTS,INCONCLUSIVE,Network/TLS/server failures prevented a reliable organization verdict.,https://housing.az.gov/programs/community-development-and-revitalization,https://housing.az.gov/programs/community-development-and-revitalization => INCONCLUSIVE_OFFLINE,,,,,,,50,CONDITIONAL_OR_UNKNOWN,SOURCE_ONLY,dg_18ca6dd5dd2c,UNIQUE_OR_UNMERGED,name_looks_compound_or_malformed | no_parseable_phone_in_source_or_context | no_parseable_email_in_source_or_context | live_network_not_tested,/mnt/data/master_resource_extract (1).json,10,"FINAL RESOURCE LIST.txt, Grants:Mutual_Aid:Orgs.txt","Description: •	Community Development Block Grant (CDBG) Federal funds for community revitalization, housing rehabilitation, infrastructure, and public services in rural Arizona. Intake: https://housing.az.gov/programs/community-development-and-revitalization (housing.az.gov)
Benefits: • Eligibility:
Eligibility: • Intake:
Intake: • Source URLs: https://housing.az.gov/programs/community-development-and-revitalization",,
8bb8ec113c48a8cd7794,Preschool Development Grant Supports high,,GRANTS,INCONCLUSIVE,Network/TLS/server failures prevented a reliable organization verdict.,https://www.azed.gov/early-childhood,https://www.azed.gov/early-childhood => INCONCLUSIVE_OFFLINE,,,,,,,50,CONDITIONAL_OR_UNKNOWN,SOURCE_ONLY,dg_c4dfef6fc9d0,UNIQUE_OR_UNMERGED,no_parseable_phone_in_source_or_context | no_parseable_email_in_source_or_context | live_network_not_tested,/mnt/data/master_resource_extract (1).json,11,"FINAL RESOURCE LIST.txt, Grants:Mutual_Aid:Orgs.txt","Description: •	Preschool Development Grant Supports high-quality early care and education programs from birth through kindergarten readiness. Intake: https://www.azed.gov/early-childhood (azed.gov).    Disabled Business Owner Grants
Benefits: • Eligibility:
Eligibility: • Intake:
Intake: • Source URLs: https://www.azed.gov/early-childhood",,
76b0bdf15d9f5f32836f,Arizona’s FAST (Federal And State Technology) Partnership Program,,CSV_RESOURCE,INCONCLUSIVE,Network/TLS/server failures prevented a reliable organization verdict.,https://www.azcommerce.com/fast-program | https://www.azcommerce.com/fast-program/,https://www.azcommerce.com/fast-program => INCONCLUSIVE_OFFLINE | https://www.azcommerce.com/fast-program/ => INCONCLUSIVE_OFFLINE,,,,,,,50,CONDITIONAL_OR_UNKNOWN,SOURCE_ONLY,dg_4f247aa77d47,UNIQUE_OR_UNMERGED,no_parseable_phone_in_source_or_context | no_parseable_email_in_source_or_context | live_network_not_tested,/mnt/data/master_resource_extract (1).json,12,Grants:Mutual_Aid:Orgs.txt,Startup SBIR/STTR R&D grants; for AZ tech startups; application required. | https://www.azcommerce.com/fast-program/,,
35dddee25949d5c9ad2b,Arizona Advanced Manufacturing Facilities Grant (AMF),,CSV_RESOURCE,INCONCLUSIVE,Network/TLS/server failures prevented a reliable organization verdict.,https://www.azcommerce.com/programs/sbir-sttr-resource-center/az-amf-grant | https://www.azcommerce.com/programs/sbir-sttr-resource-center/az-amf-grant/,https://www.azcommerce.com/programs/sbir-sttr-resource-center/az-amf-grant => INCONCLUSIVE_OFFLINE | https://www.azcommerce.com/programs/sbir-sttr-resource-center/az-amf-grant/ => INCONCLUSIVE_OFFLINE,,,,,,,50,CONDITIONAL_OR_UNKNOWN,SOURCE_ONLY,dg_66066c074a99,UNIQUE_OR_UNMERGED,no_parseable_phone_in_source_or_context | no_parseable_email_in_source_or_context | live_network_not_tested,/mnt/data/master_resource_extract (1).json,13,Grants:Mutual_Aid:Orgs.txt,"Up to $75,000, 1:1 match, for R&D/manufacturing at ASU. | https://www.azcommerce.com/programs/sbir-sttr-resource-center/az-amf-grant/",,
997d38e053741108c110,SBIR/STTR Resource Center,,CSV_RESOURCE,INCONCLUSIVE,Network/TLS/server failures prevented a reliable organization verdict.,https://www.azcommerce.com/programs/sbir-sttr-resource-center | https://www.azcommerce.com/programs/sbir-sttr-resource-center/,https://www.azcommerce.com/programs/sbir-sttr-resource-center => INCONCLUSIVE_OFFLINE | https://www.azcommerce.com/programs/sbir-sttr-resource-center/ => INCONCLUSIVE_OFFLINE,,,,,,,50,CONDITIONAL_OR_UNKNOWN,SOURCE_ONLY,dg_0651f2d77900,UNIQUE_OR_UNMERGED,no_parseable_phone_in_source_or_context | no_parseable_email_in_source_or_context | live_network_not_tested,/mnt/data/master_resource_extract (1).json,14,Grants:Mutual_Aid:Orgs.txt,Centralizes federal/state grant info and application support for AZ science/tech startups. | https://www.azcommerce.com/programs/sbir-sttr-resource-center/,,
abf43f9845b5a423f251,Arizona Microbusiness Loan Program,,CSV_RESOURCE,INCONCLUSIVE,Network/TLS/server failures prevented a reliable organization verdict.,https://oeo.az.gov/microbiz,https://oeo.az.gov/microbiz => INCONCLUSIVE_OFFLINE,,,,,,,50,CONDITIONAL_OR_UNKNOWN,SOURCE_ONLY,dg_ab2c8297a716,UNIQUE_OR_UNMERGED,no_parseable_phone_in_source_or_context | no_parseable_email_in_source_or_context | live_network_not_tested,/mnt/data/master_resource_extract (1).json,15,Grants:Mutual_Aid:Orgs.txt,"Low-interest loans, 5 or fewer employees, must meet OEO microbiz criteria. | https://oeo.az.gov/microbiz",,
0d2e2cc8446baab7c1f4,Arizona State Trade Expansion Program (AZSTEP),,CSV_RESOURCE,INCONCLUSIVE,Network/TLS/server failures prevented a reliable organization verdict.,https://www.azcommerce.com/programs/arizona-state-trade-expansion-program | https://www.azcommerce.com/programs/arizona-state-trade-expansion-program/,https://www.azcommerce.com/programs/arizona-state-trade-expansion-program => INCONCLUSIVE_OFFLINE | https://www.azcommerce.com/programs/arizona-state-trade-expansion-program/ => INCONCLUSIVE_OFFLINE,,,,,,,50,CONDITIONAL_OR_UNKNOWN,SOURCE_ONLY,dg_c22800fb732c,UNIQUE_OR_UNMERGED,no_parseable_phone_in_source_or_context | no_parseable_email_in_source_or_context | live_network_not_tested,/mnt/data/master_resource_extract (1).json,16,Grants:Mutual_Aid:Orgs.txt,"Grants for export market entry, trade shows, market research, for eligible AZ small businesses. | https://www.azcommerce.com/programs/arizona-state-trade-expansion-program/",,
1218466b853be06061c6,Arizona Broadband Development Grant (ABDG) Program,,CSV_RESOURCE,INCONCLUSIVE,Network/TLS/server failures prevented a reliable organization verdict.,https://www.azcommerce.com/broadband/initiatives/arizona-broadband-development-grant-program | https://www.azcommerce.com/broadband/initiatives/arizona-broadband-development-grant-program/,https://www.azcommerce.com/broadband/initiatives/arizona-broadband-development-grant-program => INCONCLUSIVE_OFFLINE | https://www.azcommerce.com/broadband/initiatives/arizona-broadband-development-grant-program/ => INCONCLUSIVE_OFFLINE,,,,,,,50,CONDITIONAL_OR_UNKNOWN,SOURCE_ONLY,dg_283efbb93e8a,UNIQUE_OR_UNMERGED,no_parseable_phone_in_source_or_context | no_parseable_email_in_source_or_context | live_network_not_tested,/mnt/data/master_resource_extract (1).json,17,Grants:Mutual_Aid:Orgs.txt,"Infrastructure grants to expand broadband, must serve rural/underserved AZ. | https://www.azcommerce.com/broadband/initiatives/arizona-broadband-development-grant-program/",,
0334fdf46c25bf4e7de6,Arizona Finance Authority (AFA) Funding Opportunities,,CSV_RESOURCE,INCONCLUSIVE,Network/TLS/server failures prevented a reliable organization verdict.,https://oeo.az.gov/afa,https://oeo.az.gov/afa => INCONCLUSIVE_OFFLINE,,,,,,,50,CONDITIONAL_OR_UNKNOWN,SOURCE_ONLY,dg_2c7aa21b51dd,UNIQUE_OR_UNMERGED,no_parseable_phone_in_source_or_context | no_parseable_email_in_source_or_context | live_network_not_tested,/mnt/data/master_resource_extract (1).json,18,Grants:Mutual_Aid:Orgs.txt,"Collaborative grants for business infrastructure, AZ businesses/nonprofits, must apply and meet eligibility. | https://oeo.az.gov/afa",,
f24900be4171695a722c,U.S. Small Business Administration (SBA) Funding Programs,,CSV_RESOURCE,INCONCLUSIVE,Network/TLS/server failures prevented a reliable organization verdict.,https://www.sba.gov/funding-programs,https://www.sba.gov/funding-programs => INCONCLUSIVE_OFFLINE,,,,,,,50,CONDITIONAL_OR_UNKNOWN,SOURCE_ONLY,dg_b58f1ed35528,UNIQUE_OR_UNMERGED,no_parseable_phone_in_source_or_context | no_parseable_email_in_source_or_context | live_network_not_tested,/mnt/data/master_resource_extract (1).json,19,Grants:Mutual_Aid:Orgs.txt,"Federal grants, loans, disaster/business aid, wide eligibility, must apply for each specific program. | https://www.sba.gov/funding-programs",,
a5b25b32869090cc3d8d,SBA Microloan Program,,CSV_RESOURCE,INCONCLUSIVE,Network/TLS/server failures prevented a reliable organization verdict.,https://www.sba.gov/funding-programs/loans/microloans,https://www.sba.gov/funding-programs/loans/microloans => INCONCLUSIVE_OFFLINE,,,,,,,50,CONDITIONAL_OR_UNKNOWN,SOURCE_ONLY,dg_73277911baa3,UNIQUE_OR_UNMERGED,no_parseable_phone_in_source_or_context | no_parseable_email_in_source_or_context | live_network_not_tested,/mnt/data/master_resource_extract (1).json,20,"Grants:Mutual_Aid:Orgs.txt, FINAL RESOURCE LIST.txt","Description: 11.	SBA Microloan Program Description: Microloans up to $50,000 through SBA-approved intermediaries, for small business startup or expansion. Intake: Apply via SBA intermediaries (see above) (difi.az.gov)     Disability & Medical Grants
Benefits: Up to $50,000 through sba-approved intermediaries, for small business startup or expansion.
Eligibility: • Intake:
Intake: • Source URLs:",,
m_86b20940b7d3e0c592,Arizona Long Term Care System (ALTCS),,CSV_RESOURCE,INCONCLUSIVE,Network/TLS/server failures prevented a reliable organization verdict.,https://www.azahcccs.gov/,https://www.azahcccs.gov/ => INCONCLUSIVE_OFFLINE,+1-888-621-6880 | +1-602-417-4000,+1-888-621-6880 => PLAUSIBLE_UNVERIFIED | +1-602-417-4000 => PLAUSIBLE_UNVERIFIED,altcsregistrations@azahcccs.gov,altcsregistrations@azahcccs.gov => PLAUSIBLE_UNVERIFIED,,,50,CONDITIONAL_OR_UNKNOWN,SOURCE_ONLY,dg_3a561719b9df,STRONG_IDENTITY_MERGE,deduplicated_strong_identity | name_looks_compound_or_malformed | live_network_not_tested,/mnt/data/master_resource_extract (1).json,21 | 288,"Grants:Mutual_Aid:Orgs.txt, FINAL RESOURCE LIST.txt; FINAL RESOURCE LIST.txt","Description: •	Arizona Long Term Care System (ALTCS) Medicaid‐funded long‐term care for Arizonans who are aged, blind, or have a physical/developmental disability requiring nursing-level care. Intake: Call 888-621-6880 or email altcsregistrations@azahcccs.gov (azahcccs.gov)
Benefits: • Eligibility:
Eligibility: • Intake: Phones: 888-621-6880 | Emails: altcsregistrations@azahcccs.gov
Intake: Phones: 888-621-6880 | Emails: altcsregistrations@azahcccs.gov",,
b516654ee5cd988e90de,"SOAR (SSI/SSDI Outreach, Access & Recovery) Fast-tracks disability",,HOUSING,INCONCLUSIVE,Network/TLS/server failures prevented a reliable organization verdict.,https://soarworks.samhsa.gov/,https://soarworks.samhsa.gov/ => INCONCLUSIVE_OFFLINE,,,,,,,60,CONDITIONAL_OR_UNKNOWN,SOURCE_ONLY,dg_6b4dd047d8bc,UNIQUE_OR_UNMERGED,contains_must_get_placeholders | no_parseable_phone_in_source_or_context | no_parseable_email_in_source_or_context | live_network_not_tested,/mnt/data/master_resource_extract (1).json,22,"FINAL RESOURCE LIST.txt, Grants:Mutual_Aid:Orgs.txt, HELP LIST FINAL.txt, Help List Total copy.txt","ORG_CONTACT: [Must_Get]
Email: [Must_Get]
Phone: [Must_Get]
Website: [Must_Get]
Full_Address: [Must_Get]
Any Listed Contact_Names: [Must_Get]
Existing_Notes/Tips_Verbatim: Provides: Case-managed assistance to apply for federal disability benefits (SSI/SSDI), expediting access to income. This is not cash aid, but an application fast-track (often under a grant) which stabilizes income for disabled homeless applicants.

Eligibility: Homeless or at-risk with a disabling condition. If you have no diagnosed disability, SOAR won’t accept you.

Intake (if unsheltered): Apply via a SOAR-trained caseworker (many legal aid or homeless service agencies in AZ have them). Usually, providers like Community Legal Services or HUD VASH teams offer SOAR assistance. You provide medical/psych records, no lease needed—your RV or shelter address is fine.",,
f81fb9a57541268ea183,PAN / HealthWell / Good Days / Accessia Health Co-pay Assistance,,CSV_RESOURCE,INCONCLUSIVE,Network/TLS/server failures prevented a reliable organization verdict.,https://www.panfoundation.org/ | https://www.healthwellfoundation.org/ | https://mygooddays.org/ | https://accessiahealth.org/,https://www.panfoundation.org/ => INCONCLUSIVE_OFFLINE | https://www.healthwellfoundation.org/ => INCONCLUSIVE_OFFLINE | https://mygooddays.org/ => INCONCLUSIVE_OFFLINE | https://accessiahealth.org/ => INCONCLUSIVE_OFFLINE,,,,,,,50,CONDITIONAL_OR_UNKNOWN,SOURCE_ONLY,dg_e610505961d1,UNIQUE_OR_UNMERGED,multiple_domains_compound_record | no_parseable_phone_in_source_or_context | no_parseable_email_in_source_or_context | live_network_not_tested,/mnt/data/master_resource_extract (1).json,23,"Grants:Mutual_Aid:Orgs.txt, FINAL RESOURCE LIST.txt","Description: •	PAN / HealthWell / Good Days / Accessia Health Co-pay Assistance Medication co-pay grants for qualifying Arizona residents across 80+ conditions. Intake:
Benefits: • Eligibility: For qualifying arizona residents across 80+ conditions.
Eligibility: For qualifying arizona residents across 80+ conditions.
Intake: • Source URLs:",,
15813c7bf073aaa5fedf,Ticked Off Foundation; Intake,,GRANTS,INCONCLUSIVE,Network/TLS/server failures prevented a reliable organization verdict.,https://tickedofffoundation.org/,https://tickedofffoundation.org/ => INCONCLUSIVE_OFFLINE,,,,,,,50,CONDITIONAL_OR_UNKNOWN,SOURCE_ONLY,dg_f13b637dbbd9,UNIQUE_OR_UNMERGED,no_parseable_phone_in_source_or_context | no_parseable_email_in_source_or_context | live_network_not_tested,/mnt/data/master_resource_extract (1).json,24,"FINAL RESOURCE LIST.txt, Grants:Mutual_Aid:Orgs.txt","Description: •	Ticked Off Foundation – Lyme Grants $1,000–$5,000 grants for Arizona Lyme patients facing financial hardship. Intake: https://tickedofffoundation.org/     Housing & Human Services Grants •	Ticked Off Foundation – Lyme Grants Grants to Lyme patients age 26+ facing financial hardship. Intake: https://tickedofffoundation.org/      Valley Fever Grants •	Intake: https://tickedofffoundation.org/ (projectlyme.org)
Benefits: • Eligibility:
Eligibility: • Intake:
Intake: • Source URLs: https://tickedofffoundation.org/",,
9c70bbced35e4c3f9eb2,"HOME Investment Partnerships Program Federal formula grant for affordable housing development, rental assistance, and homebuyer programs. Intake: Contact ADOH at (602) 771",,GRANTS,INCONCLUSIVE,Network/TLS/server failures prevented a reliable organization verdict.,https://housing.az.gov/programs/home-investment-partnerships,https://housing.az.gov/programs/home-investment-partnerships => INCONCLUSIVE_OFFLINE,+1-602-771-1000,+1-602-771-1000 => PLAUSIBLE_UNVERIFIED,,,,,50,CONDITIONAL_OR_UNKNOWN,SOURCE_ONLY,dg_30fa121add83,UNIQUE_OR_UNMERGED,name_looks_compound_or_malformed | no_parseable_email_in_source_or_context | live_network_not_tested,/mnt/data/master_resource_extract (1).json,25,"FINAL RESOURCE LIST.txt, Grants:Mutual_Aid:Orgs.txt","Description: •	HOME Investment Partnerships Program Federal formula grant for affordable housing development, rental assistance, and homebuyer programs. Intake: Contact ADOH at (602) 771-1000 or via https://housing.az.gov/programs/home-investment-partnerships
Benefits: • Eligibility:
Eligibility: • Intake: Phones: (602) 771-1000
Intake: Phones: (602) 771-1000",,
m_b7735eaca4a95eb56d,Emergency Solutions Grant (ESG),,CSV_RESOURCE,INCONCLUSIVE,Network/TLS/server failures prevented a reliable organization verdict.,https://housing.maricopa.gov/,https://housing.maricopa.gov/ => INCONCLUSIVE_OFFLINE,,,,,,,50,CONDITIONAL_OR_UNKNOWN,SOURCE_ONLY,dg_a4769b300913,STRONG_IDENTITY_MERGE,deduplicated_strong_identity | contains_must_get_placeholders | no_parseable_phone_in_source_or_context | no_parseable_email_in_source_or_context | live_network_not_tested,/mnt/data/master_resource_extract (1).json,26 | 295,"Grants:Mutual_Aid:Orgs.txt, HELP LIST FINAL.txt, Help List Total copy.txt; FINAL RESOURCE LIST.txt","ORG_CONTACT: [Must_Get]
Email: [Must_Get]
Phone: [Must_Get]
Website: [Must_Get]
Full_Address: [Must_Get]
Any Listed Contact_Names: [Must_Get]
Existing_Notes/Tips_Verbatim: Provides: Up to 24 months of rent, utilities or relocation for people who are literally homeless or about to become homeless. It’s federal funding (via local CoCs) to stabilize housing (including RV space costs, depending on local rules).

Eligibility: You must be literally homeless (e.g. living in an RV, shelter, street) or imminently homeless (<14 days notice) and have income <30% AMI. Also must work with a Continuum-of-Care (CoC) case manager; higher income or lacking a CoC referral disqualifies you.

Intake (if unsheltered/RV): Apply through local CoC/2-1-1 coordinated entry. (For example, call 2-1-1 AZ and ask for ESG intake, mentioning RV-status.) You will need ID, SSN, and proof of homelessness (an RV photo or shelter letter is acceptable).",,
93a8eb819128fcb4302b,Housing Opportunities for Persons with AIDS (HOPWA) Short,,HOUSING,INCONCLUSIVE,Network/TLS/server failures prevented a reliable organization verdict.,https://housing.az.gov/programs/homeless-special-needs,https://housing.az.gov/programs/homeless-special-needs => INCONCLUSIVE_OFFLINE,,,,,,,50,CONDITIONAL_OR_UNKNOWN,SOURCE_ONLY,dg_656c8e353ad4,UNIQUE_OR_UNMERGED,no_parseable_phone_in_source_or_context | no_parseable_email_in_source_or_context | live_network_not_tested,/mnt/data/master_resource_extract (1).json,27,"FINAL RESOURCE LIST.txt, Grants:Mutual_Aid:Orgs.txt","Description: •	Housing Opportunities for Persons with AIDS (HOPWA) Short-term rental, mortgage, utility assistance, and support services for low-income Arizonans living with HIV/AIDS. Intake: https://housing.az.gov/programs/homeless-special-needs (housing.az.gov)
Benefits: • Eligibility: For low-income arizonans living with hiv/aids.
Eligibility: For low-income arizonans living with hiv/aids.
Intake: • Source URLs: https://housing.az.gov/programs/homeless-special-needs",,
m_5b106620771db2b8a9,Section 8 Housing Choice Voucher Program,,CSV_RESOURCE,INCONCLUSIVE,Network/TLS/server failures prevented a reliable organization verdict.,https://www.maricopa.gov/2186/Public-Housing,https://www.maricopa.gov/2186/Public-Housing => INCONCLUSIVE_OFFLINE,,,,,,,56,CONDITIONAL_OR_UNKNOWN,SOURCE_ONLY,dg_ccf6af032bea,STRONG_IDENTITY_MERGE,deduplicated_strong_identity | contains_must_get_placeholders | no_parseable_phone_in_source_or_context | no_parseable_email_in_source_or_context | live_network_not_tested,/mnt/data/master_resource_extract (1).json,28 | 296,"Grants:Mutual_Aid:Orgs.txt, HELP LIST FINAL.txt, Help List Total copy.txt; FINAL RESOURCE LIST.txt","ORG_CONTACT: [Must_Get]
Email: [Must_Get]
Phone: [Must_Get]
Website: [Must_Get]
Full_Address: [Must_Get]
Any Listed Contact_Names: [Must_Get]
Existing_Notes/Tips_Verbatim: Provides: Long-term rent subsidies for very low-income households. Some PHAs allow using vouchers to rent RV sites or tiny homes if the RV is your primary home (rules vary).

Eligibility: Very low income and citizenship/immigrant status. If your income is above limits or you don’t meet local PHA rules, you’re disqualified. Literally homeless or RV-dwelling counts as “homeless/unhoused” status.

Intake (if unsheltered): Apply through your local public housing authority (PHA). List “homeless” as your status; some PHAs have separate waitlists for homeless. No lease is needed to apply, but once you get a voucher you must eventually lease an apartment or RV lot according to program rules.",,
70bc5ef50dca2cf8e561,Weatherization Assistance Program Home energy,,HOUSING,INCONCLUSIVE,Network/TLS/server failures prevented a reliable organization verdict.,https://housing.az.gov/general-public/weatherization-assistance-program,https://housing.az.gov/general-public/weatherization-assistance-program => INCONCLUSIVE_OFFLINE,,,,,,,50,CONDITIONAL_OR_UNKNOWN,SOURCE_ONLY,dg_ce51ac4c11a2,UNIQUE_OR_UNMERGED,no_parseable_phone_in_source_or_context | no_parseable_email_in_source_or_context | live_network_not_tested,/mnt/data/master_resource_extract (1).json,29,"FINAL RESOURCE LIST.txt, Grants:Mutual_Aid:Orgs.txt","Description: •	Weatherization Assistance Program Home energy-efficiency services for income-eligible households to reduce utility costs. Intake: https://housing.az.gov/general-public/weatherization-assistance-program (housing.az.gov)
Benefits: • Eligibility: Eligible households to reduce utility costs.
Eligibility: Eligible households to reduce utility costs.
Intake: • Source URLs: https://housing.az.gov/general-public/weatherization-assistance-program",,
b82b8cfdb68a606b85c2,Emergency Housing Voucher (EHV) HUD,,HOUSING,INCONCLUSIVE,Network/TLS/server failures prevented a reliable organization verdict.,https://www.hud.gov/ehv,https://www.hud.gov/ehv => INCONCLUSIVE_OFFLINE,+1-602-534-1974,+1-602-534-1974 => PLAUSIBLE_UNVERIFIED,,,,,50,CONDITIONAL_OR_UNKNOWN,SOURCE_ONLY,dg_43debe3257b0,UNIQUE_OR_UNMERGED,contains_must_get_placeholders | no_parseable_email_in_source_or_context | live_network_not_tested,/mnt/data/master_resource_extract (1).json,30,"FINAL RESOURCE LIST.txt, HELP LIST FINAL.txt, Help List Total copy.txt, Grants:Mutual_Aid:Orgs.txt","ORG_CONTACT: [Must_Get]
Email: [Must_Get]
Phone: (602) 534-1974
Website: [Must_Get]
Full_Address: [Must_Get]
Any Listed Contact_Names: [Must_Get]
Existing_Notes/Tips_Verbatim: Provides: A long-term HUD voucher (Section 8) for extremely low-income households who are homeless or fleeing domestic violence. The voucher covers rent for apartments (rarely RV sites) until you get your own lease.

Eligibility: Must be very low income (<50% AMI) and homeless or fleeing abuse. Crucially, you need a referral from a CoC or DV provider—no self-referrals. Without an advocate referral or if over income, you cannot get an EHV.

Intake (if unsheltered/DV): Go through a local CoC case manager or domestic violence agency. For Phoenix, call the PHA (Housing Authority) at (602) 534-1974 with a DV or shelter referral. If you’re in an RV or unsheltered, emphasize that status in your CoC intake so they refer you for an EHV.",,
fb2cdd5059710c19cff0,City of Phoenix Emergency Housing Assistance Bridge funding and placement for Phoenix residents in housing crisis (medical vulnerability prioritized). Intake: (602) 534,,HOUSING,INCONCLUSIVE,Network/TLS/server failures prevented a reliable organization verdict.,https://www.phoenix.gov/humanservices/programs/emergency,https://www.phoenix.gov/humanservices/programs/emergency => INCONCLUSIVE_OFFLINE,+1-602-534-2433,+1-602-534-2433 => PLAUSIBLE_UNVERIFIED,,,,,54,CONDITIONAL_OR_UNKNOWN,SOURCE_ONLY,dg_e1b160870948,UNIQUE_OR_UNMERGED,name_looks_compound_or_malformed | contains_must_get_placeholders | no_parseable_email_in_source_or_context | live_network_not_tested,/mnt/data/master_resource_extract (1).json,31,"FINAL RESOURCE LIST.txt, Grants:Mutual_Aid:Orgs.txt, HELP LIST FINAL.txt, Help List Total copy.txt","ORG_CONTACT: [Must_Get]
Email: [Must_Get]
Phone: 602‑534‑AIDE
Website: [Must_Get]
Full_Address: [Must_Get]
Any Listed Contact_Names: [Must_Get]
Existing_Notes/Tips_Verbatim: Provides: Short-term emergency housing and bridge rental assistance for Phoenix residents in crisis. Can move you into emergency shelter or subsidize a new rental.

Eligibility: Must be a Phoenix resident facing immediate housing loss or medical vulnerability. Proof of residency and documented emergency is required. Outside Phoenix or without a verifiable crisis, one is ineligible.

Intake (if unsheltered): Apply by phone (602‑534‑AIDE) or online. Even if currently in an RV or couch-surfing, explain your urgent crisis and bring ID/address proof. (Often coordinated through Phoenix Human Services.)",,
f2cda0557158f043195b,Permanent Supportive Housing (PSH),,CSV_RESOURCE,INSUFFICIENT_SOURCE_DATA,"No usable website, phone, or email was present or discovered.",,,,,,,,,45,CONDITIONAL_OR_UNKNOWN,SOURCE_ONLY,dg_d2bdb63f958e,UNIQUE_OR_UNMERGED,no_website_in_source_or_context | no_parseable_phone_in_source_or_context | no_parseable_email_in_source_or_context,/mnt/data/master_resource_extract (1).json,32,Grants:Mutual_Aid:Orgs.txt,Ongoing rental/case management for disabling/long-term homeless; 2-1-1 or referral required. | 2-1-1 Arizona,,
cdd814a300c5971aa7f4,Artist Opportunity Grant (AOG) Supports individual Arizona artists to pursue unique career,,GRANTS,INCONCLUSIVE,Network/TLS/server failures prevented a reliable organization verdict.,https://azarts.gov/grant/artist-opportunity | https://azarts.gov/grant/artist-opportunity/,https://azarts.gov/grant/artist-opportunity => INCONCLUSIVE_OFFLINE | https://azarts.gov/grant/artist-opportunity/ => INCONCLUSIVE_OFFLINE,,,,,,,50,CONDITIONAL_OR_UNKNOWN,SOURCE_ONLY,dg_1e43df7fdf7b,UNIQUE_OR_UNMERGED,no_parseable_phone_in_source_or_context | no_parseable_email_in_source_or_context | live_network_not_tested,/mnt/data/master_resource_extract (1).json,33,"FINAL RESOURCE LIST.txt, Grants:Mutual_Aid:Orgs.txt","Description: •	Artist Opportunity Grant (AOG) Supports individual Arizona artists to pursue unique career-boosting opportunities. Intake: https://azarts.gov/grant/artist-opportunity/ (azarts.gov)
Benefits: • Eligibility:
Eligibility: • Intake:
Intake: • Source URLs: https://azarts.gov/grant/artist-opportunity/",,
af45403ffe908ebd1b1e,Creative Youth Grant Funds youth,,GRANTS,INCONCLUSIVE,Network/TLS/server failures prevented a reliable organization verdict.,https://azarts.gov/arts-learning/grants-and-funding | https://azarts.gov/arts-learning/grants-and-funding/,https://azarts.gov/arts-learning/grants-and-funding => INCONCLUSIVE_OFFLINE | https://azarts.gov/arts-learning/grants-and-funding/ => INCONCLUSIVE_OFFLINE,,,,,,,50,CONDITIONAL_OR_UNKNOWN,SOURCE_ONLY,dg_9bf6f36394fd,UNIQUE_OR_UNMERGED,no_parseable_phone_in_source_or_context | no_parseable_email_in_source_or_context | live_network_not_tested,/mnt/data/master_resource_extract (1).json,34,"FINAL RESOURCE LIST.txt, Grants:Mutual_Aid:Orgs.txt","Description: •	Creative Youth Grant Funds youth-led arts projects (individuals or organizations) for Arizonans ≤ 20 years old. Intake: https://azarts.gov/arts-learning/grants-and-funding/ (azarts.gov)
Benefits: • Eligibility:
Eligibility: • Intake:
Intake: • Source URLs: https://azarts.gov/arts-learning/grants-and-funding/",,
750fc12ca17b44cbf8ff,Title I: Improving the Academic Achievement of the Disadvantaged Federal grants to LEAs for supplemental academic services in high,,GRANTS,INCONCLUSIVE,Network/TLS/server failures prevented a reliable organization verdict.,https://www.azed.gov/cte/state-federal-grants,https://www.azed.gov/cte/state-federal-grants => INCONCLUSIVE_OFFLINE,,,,,,,50,CONDITIONAL_OR_UNKNOWN,SOURCE_ONLY,dg_0cc462102144,UNIQUE_OR_UNMERGED,no_parseable_phone_in_source_or_context | no_parseable_email_in_source_or_context | live_network_not_tested,/mnt/data/master_resource_extract (1).json,35,"FINAL RESOURCE LIST.txt, Grants:Mutual_Aid:Orgs.txt","Description: •	Title I: Improving the Academic Achievement of the Disadvantaged Federal grants to LEAs for supplemental academic services in high-poverty schools. Intake: https://www.azed.gov/cte/state-federal-grants (azed.gov)
Benefits: • Eligibility:
Eligibility: • Intake:
Intake: • Source URLs: https://www.azed.gov/cte/state-federal-grants",,
2505c04e3fe26590c1f7,Perkins V CTE Grants Career & Technical Education funding for secondary/postsecondary programs. Intake,,GRANTS,INCONCLUSIVE,Network/TLS/server failures prevented a reliable organization verdict.,https://www.azed.gov/cte/grants,https://www.azed.gov/cte/grants => INCONCLUSIVE_OFFLINE,,,,,,,50,CONDITIONAL_OR_UNKNOWN,SOURCE_ONLY,dg_c332807a9848,UNIQUE_OR_UNMERGED,no_parseable_phone_in_source_or_context | no_parseable_email_in_source_or_context | live_network_not_tested,/mnt/data/master_resource_extract (1).json,36,"FINAL RESOURCE LIST.txt, Grants:Mutual_Aid:Orgs.txt","Description: •	Perkins V CTE Grants Career & Technical Education funding for secondary/postsecondary programs. Intake: https://www.azed.gov/cte/grants (azed.gov)
Benefits: • Eligibility:
Eligibility: • Intake:
Intake: • Source URLs: https://www.azed.gov/cte/grants",,
6c806ddec327a3def657,Early Literacy Grant (ELG) Literacy support for K,,GRANTS,INCONCLUSIVE,Network/TLS/server failures prevented a reliable organization verdict.,https://www.azed.gov/standards-practices/early-literacy-grant,https://www.azed.gov/standards-practices/early-literacy-grant => INCONCLUSIVE_OFFLINE,,,,,,,50,CONDITIONAL_OR_UNKNOWN,SOURCE_ONLY,dg_ccf81c5f637d,UNIQUE_OR_UNMERGED,no_parseable_phone_in_source_or_context | no_parseable_email_in_source_or_context | live_network_not_tested,/mnt/data/master_resource_extract (1).json,37,"FINAL RESOURCE LIST.txt, Grants:Mutual_Aid:Orgs.txt","Description: •	Early Literacy Grant (ELG) Literacy support for K-3 at-risk student populations, no separate application (entitlement). Intake: https://www.azed.gov/standards-practices/early-literacy-grant (azed.gov)
Benefits: • Eligibility:
Eligibility: • Intake:
Intake: • Source URLs: https://www.azed.gov/standards-practices/early-literacy-grant",,
c250ebf18a7e952c43e1,Comprehensive Literacy State Development (CLSD) Competitive federal grant to accelerate literacy outcomes via statewide collaboration. Intake: https://www.azed.gov/standards,,GRANTS,INCONCLUSIVE,Network/TLS/server failures prevented a reliable organization verdict.,https://www.azed.gov/standards-practices/clsd,https://www.azed.gov/standards-practices/clsd => INCONCLUSIVE_OFFLINE,,,,,,,50,CONDITIONAL_OR_UNKNOWN,SOURCE_ONLY,dg_5af4a5e815a9,UNIQUE_OR_UNMERGED,name_looks_compound_or_malformed | no_parseable_phone_in_source_or_context | no_parseable_email_in_source_or_context | live_network_not_tested,/mnt/data/master_resource_extract (1).json,38,"FINAL RESOURCE LIST.txt, Grants:Mutual_Aid:Orgs.txt","Description: •	Comprehensive Literacy State Development (CLSD) Competitive federal grant to accelerate literacy outcomes via statewide collaboration. Intake: https://www.azed.gov/standards-practices/clsd (azed.gov)
Benefits: • Eligibility:
Eligibility: • Intake:
Intake: • Source URLs: https://www.azed.gov/standards-practices/clsd",,
cf9db2ee0aa56a44bb42,Arizona Vocational Rehabilitation Services (DES VR),,CSV_RESOURCE,INCONCLUSIVE,Network/TLS/server failures prevented a reliable organization verdict.,https://des.az.gov/services/employment/rehabilitation-services,https://des.az.gov/services/employment/rehabilitation-services => INCONCLUSIVE_OFFLINE,,,,,,,50,CONDITIONAL_OR_UNKNOWN,SOURCE_ONLY,dg_ec1d546d2bf3,UNIQUE_OR_UNMERGED,no_parseable_phone_in_source_or_context | no_parseable_email_in_source_or_context | live_network_not_tested,/mnt/data/master_resource_extract (1).json,39,Grants:Mutual_Aid:Orgs.txt,Business/self-employment funding for individuals with disabilities; application and eligibility required. | https://des.az.gov/services/employment/rehabilitation-services,,
1cd4aa597c455cb21a8a,NAACP / Leslie’s $5K Disability,,GRANTS,INCONCLUSIVE,Network/TLS/server failures prevented a reliable organization verdict.,https://www.nationalsafeparents.org/,https://www.nationalsafeparents.org/ => INCONCLUSIVE_OFFLINE,,,,,,,50,CONDITIONAL_OR_UNKNOWN,SOURCE_ONLY,dg_997a76acdb58,UNIQUE_OR_UNMERGED,no_parseable_phone_in_source_or_context | no_parseable_email_in_source_or_context | live_network_not_tested,/mnt/data/master_resource_extract (1).json,40,"FINAL RESOURCE LIST.txt, Grants:Mutual_Aid:Orgs.txt","Description: •	NAACP / Leslie’s $5K Disability-Owned Business Grant $5,000 grants for Arizona-based, disability-owned small businesses in consulting or food sectors (51 %+ disability ownership required). Intake: https://www.nationalsafeparents.org (via NAACP/Leslie’s program)
Benefits: • Eligibility:
Eligibility: • Intake:
Intake: • Source URLs: https://www.nationalsafeparents.org",,
d0c0262fd52c3d256b33,2Gether International,,CSV_RESOURCE,INCONCLUSIVE,Network/TLS/server failures prevented a reliable organization verdict.,https://www.2gether-international.org/,https://www.2gether-international.org/ => INCONCLUSIVE_OFFLINE,,,,,,,50,CONDITIONAL_OR_UNKNOWN,SOURCE_ONLY,dg_10e7bf57e8b3,UNIQUE_OR_UNMERGED,no_parseable_phone_in_source_or_context | no_parseable_email_in_source_or_context | live_network_not_tested,/mnt/data/master_resource_extract (1).json,41,Grants:Mutual_Aid:Orgs.txt,"$5,000 plus networking for tech startup founders with disabilities. | https://www.2gether-international.org/",,
76cbad433a36a3fe7ce4,Microsoft AI for Accessibility Grant Cash grants and Azure credits for projects improving accessibility for people with disabilities. Intake: https://www.microsoft.com/en,,GRANTS,INCONCLUSIVE,Network/TLS/server failures prevented a reliable organization verdict.,https://www.microsoft.com/en-us/ai/ai-for-accessibility,https://www.microsoft.com/en-us/ai/ai-for-accessibility => INCONCLUSIVE_OFFLINE,,,,,,,50,CONDITIONAL_OR_UNKNOWN,SOURCE_ONLY,dg_228c8da1d773,UNIQUE_OR_UNMERGED,name_looks_compound_or_malformed | no_parseable_phone_in_source_or_context | no_parseable_email_in_source_or_context | live_network_not_tested,/mnt/data/master_resource_extract (1).json,42,"FINAL RESOURCE LIST.txt, Grants:Mutual_Aid:Orgs.txt","Description: •	Microsoft AI for Accessibility Grant Cash grants and Azure credits for projects improving accessibility for people with disabilities. Intake: https://www.microsoft.com/en-us/ai/ai-for-accessibility
Benefits: • Eligibility: For people with disabilities.
Eligibility: For people with disabilities.
Intake: • Source URLs: https://www.microsoft.com/en-us/ai/ai-for-accessibility",,
79006bffc4e02d68cc59,Google.org Grants for Under,,GRANTS,INCONCLUSIVE,Network/TLS/server failures prevented a reliable organization verdict.,https://www.google.org/,https://www.google.org/ => INCONCLUSIVE_OFFLINE,,,,,,,50,CONDITIONAL_OR_UNKNOWN,SOURCE_ONLY,dg_8735e33b0922,UNIQUE_OR_UNMERGED,no_parseable_phone_in_source_or_context | no_parseable_email_in_source_or_context | live_network_not_tested,/mnt/data/master_resource_extract (1).json,43,"FINAL RESOURCE LIST.txt, Grants:Mutual_Aid:Orgs.txt","Description: •	Google.org Grants for Under-Represented Founders Equity-free grants and cloud credits for under-represented founders, including disabled entrepreneurs. Intake: https://www.google.org/
Benefits: • Eligibility:
Eligibility: • Intake:
Intake: • Source URLs: https://www.google.org/",,
c93ed122f9a1de37a356,"NASE Growth Grant Up to $4,000 for NASE member small businesses to expand (open to disabled entrepreneurs). Intake: https://www.nase.org/become",,GRANTS,INCONCLUSIVE,Network/TLS/server failures prevented a reliable organization verdict.,https://www.nase.org/become-a-member/grants-and-scholarships/growth-grants,https://www.nase.org/become-a-member/grants-and-scholarships/growth-grants => INCONCLUSIVE_OFFLINE,,,,,,,50,CONDITIONAL_OR_UNKNOWN,SOURCE_ONLY,dg_8c62653c930e,UNIQUE_OR_UNMERGED,name_looks_compound_or_malformed | no_parseable_phone_in_source_or_context | no_parseable_email_in_source_or_context | live_network_not_tested,/mnt/data/master_resource_extract (1).json,44,"FINAL RESOURCE LIST.txt, Grants:Mutual_Aid:Orgs.txt","Description: •	NASE Growth Grant Up to $4,000 for NASE member small businesses to expand (open to disabled entrepreneurs). Intake: https://www.nase.org/become-a-member/grants-and-scholarships/growth-grants      Single-Parent & Single-Parent Business Owner Grants
Benefits: Up to $4,000 for nase member small businesses to expand (open to disabled entrepreneurs).
Eligibility: • Intake:
Intake: • Source URLs: https://www.nase.org/become-a-member/grants-and-scholarships/growth-grants",,
39781bb68725b3ed8ef0,Financial Assistance for Single Parents One,,GRANTS,INCONCLUSIVE,Network/TLS/server failures prevented a reliable organization verdict.,https://www.debt.org/advice | https://www.debt.org/advice/,https://www.debt.org/advice => INCONCLUSIVE_OFFLINE | https://www.debt.org/advice/ => INCONCLUSIVE_OFFLINE,,,,,,,50,CONDITIONAL_OR_UNKNOWN,SOURCE_ONLY,dg_5fd6402d8d54,UNIQUE_OR_UNMERGED,no_parseable_phone_in_source_or_context | no_parseable_email_in_source_or_context | live_network_not_tested,/mnt/data/master_resource_extract (1).json,45,"FINAL RESOURCE LIST.txt, Grants:Mutual_Aid:Orgs.txt","Description: •	Financial Assistance for Single Parents One-time and ongoing grants for housing, childcare, and essentials through government and nonprofit sources. Intake: https://www.debt.org/advice/
Benefits: Financial assistance for single parents one-time and ongoing grants for housing, childcare, and essentials through government and nonprofit sources.
Eligibility: • Intake:
Intake: • Source URLs: https://www.debt.org/advice/",,
1d5eefd130a0dd6abfab,Pathways for Single Moms (Women’s Foundation of Arizona) Scholarship and certificate,,COMMUNITIES & ADVOCACY,INCONCLUSIVE,Network/TLS/server failures prevented a reliable organization verdict.,https://womengiving.org/leadership/pathways | https://womengiving.org/leadership/pathways/,https://womengiving.org/leadership/pathways => INCONCLUSIVE_OFFLINE | https://womengiving.org/leadership/pathways/ => INCONCLUSIVE_OFFLINE,,,,,,,50,CONDITIONAL_OR_UNKNOWN,SOURCE_ONLY,dg_aec1776aa900,UNIQUE_OR_UNMERGED,no_parseable_phone_in_source_or_context | no_parseable_email_in_source_or_context | live_network_not_tested,/mnt/data/master_resource_extract (1).json,46,"FINAL RESOURCE LIST.txt, Grants:Mutual_Aid:Orgs.txt","Description: •	Pathways for Single Moms (Women’s Foundation of Arizona) Scholarship and certificate-program support for single mothers pursuing high-demand, livable-wage careers. Intake: https://womengiving.org/leadership/pathways/ (womengiving.org)
Benefits: • Eligibility:
Eligibility: • Intake:
Intake: • Source URLs: https://womengiving.org/leadership/pathways/",,
70051e8aea37a93da24e,"Helping Hands for Single Moms (AZ Blue Foundation) Educational scholarships (e.g., $2,000 toward nursing at Phoenix College) for low",,MEDICAL SUPPORT,INCONCLUSIVE,Network/TLS/server failures prevented a reliable organization verdict.,https://www.azbluefoundation.org/focus-areas/health-equity/helping-hands-for-single-moms,https://www.azbluefoundation.org/focus-areas/health-equity/helping-hands-for-single-moms => INCONCLUSIVE_OFFLINE,,,,,,,50,CONDITIONAL_OR_UNKNOWN,SOURCE_ONLY,dg_55156989fcfa,UNIQUE_OR_UNMERGED,no_parseable_phone_in_source_or_context | no_parseable_email_in_source_or_context | live_network_not_tested,/mnt/data/master_resource_extract (1).json,47,"FINAL RESOURCE LIST.txt, Grants:Mutual_Aid:Orgs.txt","Description: •	Helping Hands for Single Moms (AZ Blue Foundation) Educational scholarships (e.g., $2,000 toward nursing at Phoenix College) for low-income single mothers. Intake: https://www.azbluefoundation.org/focus-areas/health-equity/helping-hands-for-single-moms (azbluefoundation.org)
Benefits: • Eligibility: For low-income single mothers.
Eligibility: For low-income single mothers.
Intake: • Source URLs: https://www.azbluefoundation.org/focus-areas/health-equity/helping-hands-for-single-moms",,
a1c634b1e598482753f6,Arizona Child Care Assistance Program (CCAP) Subsidizes childcare costs for low,,HOUSING,INCONCLUSIVE,Network/TLS/server failures prevented a reliable organization verdict.,https://des.az.gov/services/child-and-family/child-care/child-care-assistance/child-care-assistance-program,https://des.az.gov/services/child-and-family/child-care/child-care-assistance/child-care-assistance-program => INCONCLUSIVE_OFFLINE,,,,,,,50,CONDITIONAL_OR_UNKNOWN,SOURCE_ONLY,dg_06e448c8db6a,UNIQUE_OR_UNMERGED,contains_must_get_placeholders | no_parseable_phone_in_source_or_context | no_parseable_email_in_source_or_context | live_network_not_tested,/mnt/data/master_resource_extract (1).json,48,"FINAL RESOURCE LIST.txt, Grants:Mutual_Aid:Orgs.txt, HELP LIST FINAL.txt, Help List Total copy.txt","ORG_CONTACT: [Must_Get]
Email: [Must_Get]
Phone: [Must_Get]
Website: [Must_Get]
Full_Address: [Must_Get]
Any Listed Contact_Names: [Must_Get]
Existing_Notes/Tips_Verbatim: Provides: Subsidies for child care costs for low-income working or job-seeking parents in Arizona.

Eligibility: AZ parent/guardian, working or in school, income eligible. Not available if you’re not working/seeking work or have no children.

Intake (if unsheltered): Apply online or at DES. You’ll need basic ID and child info; being homeless doesn’t bar you, but you must still arrange eligible care and provide contact information.",,
6a0c0f177fa975abfd5f,Temporary Assistance for Needy Families (TANF) Cash assistance and work supports for single,,HOUSING,INCONCLUSIVE,Network/TLS/server failures prevented a reliable organization verdict.,https://www.tanf.gov/,https://www.tanf.gov/ => INCONCLUSIVE_OFFLINE,,,,,,,50,CONDITIONAL_OR_UNKNOWN,SOURCE_ONLY,dg_f793fd768ab0,UNIQUE_OR_UNMERGED,contains_must_get_placeholders | no_parseable_phone_in_source_or_context | no_parseable_email_in_source_or_context | live_network_not_tested,/mnt/data/master_resource_extract (1).json,49,"FINAL RESOURCE LIST.txt, Grants:Mutual_Aid:Orgs.txt, HELP LIST FINAL.txt, Help List Total copy.txt","ORG_CONTACT: [Must_Get]
Email: [Must_Get]
Phone: [Must_Get]
Website: [Must_Get]
Full_Address: [Must_Get]
Any Listed Contact_Names: [Must_Get]
Existing_Notes/Tips_Verbatim: Provides: Cash assistance for low-income families with children. Can be used for basic needs, including temporary housing.

Eligibility: Must have dependent children, low income, and be U.S. citizen/qualified resident. If you have no kids or income above limits, you cannot get TANF.

Intake (if unsheltered): Apply at local welfare office or online. Being unhoused (RV or shelter) does not bar you, but you must still report where you can be reached. It often requires a local mailing address (some use shelters or relatives).",,
3af7ac7a847a5eb8d8f9,SNAP (Food Assistance) Monthly benefits for low,,GRANTS,INCONCLUSIVE,Network/TLS/server failures prevented a reliable organization verdict.,https://www.fns.usda.gov/snap | https://www.fns.usda.gov/snap/,https://www.fns.usda.gov/snap => INCONCLUSIVE_OFFLINE | https://www.fns.usda.gov/snap/ => INCONCLUSIVE_OFFLINE,,,,,,,50,CONDITIONAL_OR_UNKNOWN,SOURCE_ONLY,dg_0c9245e03158,UNIQUE_OR_UNMERGED,no_parseable_phone_in_source_or_context | no_parseable_email_in_source_or_context | live_network_not_tested,/mnt/data/master_resource_extract (1).json,50,"FINAL RESOURCE LIST.txt, Grants:Mutual_Aid:Orgs.txt","Description: •	SNAP (Food Assistance) Monthly benefits for low-income families, usable by unhoused or RV-dwelling households. Intake: https://www.fns.usda.gov/snap/      Chronic Illness & Disease-Specific Grants
Benefits: Benefits for low-income families, usable by unhoused or rv-dwelling households.
Eligibility: For low-income families, usable by unhoused or rv-dwelling households.
Intake: • Source URLs: https://www.fns.usda.gov/snap/",,
eca636436008aa3ea418,Modest Needs Foundation Grants $750,,GRANTS,INCONCLUSIVE,Network/TLS/server failures prevented a reliable organization verdict.,https://www.modestneeds.org/,https://www.modestneeds.org/ => INCONCLUSIVE_OFFLINE,,,,,,,50,CONDITIONAL_OR_UNKNOWN,SOURCE_ONLY,dg_105e31b2bc1e,UNIQUE_OR_UNMERGED,no_parseable_phone_in_source_or_context | no_parseable_email_in_source_or_context | live_network_not_tested,/mnt/data/master_resource_extract (1).json,51,"FINAL RESOURCE LIST.txt, Grants:Mutual_Aid:Orgs.txt","Description: •	Modest Needs Foundation Grants $750–$1,800 self-sufficiency grants for urgent expenses (rent, RV repairs, etc.). Intake: https://www.modestneeds.org
Benefits: • Eligibility:
Eligibility: • Intake:
Intake: • Source URLs: https://www.modestneeds.org",,
fa1a719bf6e2fb6c6d83,GiveDirectly Cash Grants Unconditional transfers for low,,GRANTS,INCONCLUSIVE,Network/TLS/server failures prevented a reliable organization verdict.,https://www.givedirectly.org/individuals | https://www.givedirectly.org/individuals/,https://www.givedirectly.org/individuals => INCONCLUSIVE_OFFLINE | https://www.givedirectly.org/individuals/ => INCONCLUSIVE_OFFLINE,,,,,,,50,CONDITIONAL_OR_UNKNOWN,SOURCE_ONLY,dg_d6f7d43d1c12,UNIQUE_OR_UNMERGED,no_parseable_phone_in_source_or_context | no_parseable_email_in_source_or_context | live_network_not_tested,/mnt/data/master_resource_extract (1).json,52,"FINAL RESOURCE LIST.txt, Grants:Mutual_Aid:Orgs.txt","Description: •	GiveDirectly Cash Grants Unconditional transfers for low-income Americans during crises. Intake: https://www.givedirectly.org/individuals/      Lyme Disease-Specific Grants
Benefits: • Eligibility: For low-income americans during crises.
Eligibility: For low-income americans during crises.
Intake: • Source URLs: https://www.givedirectly.org/individuals/",,
ff06708481727da342df,"Valley Fever Center for Excellence Fund Supports education, outreach, research, and emergent patient needs at the University of Arizona’s center. Intake: https://vfce.arizona.edu/about/support; Valley Fever Vaccine Project Funds clinical trials and vaccine development efforts (animal & human). Intake: https://vfce.arizona.edu/about/support",,GRANTS,INCONCLUSIVE,Network/TLS/server failures prevented a reliable organization verdict.,https://vfce.arizona.edu/about/support-center,https://vfce.arizona.edu/about/support-center => INCONCLUSIVE_OFFLINE,,,,,,,54,CONDITIONAL_OR_UNKNOWN,SOURCE_ONLY,dg_cdcdfed628bc,UNIQUE_OR_UNMERGED,name_looks_compound_or_malformed | no_parseable_phone_in_source_or_context | no_parseable_email_in_source_or_context | live_network_not_tested,/mnt/data/master_resource_extract (1).json,53,"FINAL RESOURCE LIST.txt, Grants:Mutual_Aid:Orgs.txt","Description: •	Valley Fever Center for Excellence Fund Supports education, outreach, research, and emergent patient needs at the University of Arizona’s center. Intake: https://vfce.arizona.edu/about/support-center (vfce.arizona.edu)   •	Valley Fever Vaccine Project Funds clinical trials and vaccine development efforts (animal & human). Intake: https://vfce.arizona.edu/about/support-center (vfce.arizona.edu)      EBV (Epstein-Barr Virus) & Hashimoto’s Grants
Benefits: • Eligibility:
Eligibility: • Intake:
Intake: • Source URLs: https://vfce.arizona.edu/about/support-center",,
41c6915d477b83f19755,PAN Foundation Disease Funds PAN offers condition,,GRANTS,INCONCLUSIVE,Network/TLS/server failures prevented a reliable organization verdict.,https://www.panfoundation.org/find-disease-fund | https://www.panfoundation.org/find-disease-fund/,https://www.panfoundation.org/find-disease-fund => INCONCLUSIVE_OFFLINE | https://www.panfoundation.org/find-disease-fund/ => INCONCLUSIVE_OFFLINE,,,,,,,53,CONDITIONAL_OR_UNKNOWN,SOURCE_ONLY,dg_f37d99121648,UNIQUE_OR_UNMERGED,no_parseable_phone_in_source_or_context | no_parseable_email_in_source_or_context | live_network_not_tested,/mnt/data/master_resource_extract (1).json,54,"FINAL RESOURCE LIST.txt, Grants:Mutual_Aid:Orgs.txt","Description: •	PAN Foundation Disease Funds PAN offers condition-specific grants covering copays, premiums, and transportation—search for “Epstein-Barr” or “thyroid” funds on their site. Intake: https://www.panfoundation.org/find-disease-fund/ (panfoundation.org)
Benefits: • Eligibility:
Eligibility: • Intake:
Intake: • Source URLs: https://www.panfoundation.org/find-disease-fund/",,
ad14f51e974c6db47312,Patient Assistance Program (Tirosint-SOL),,CSV_RESOURCE,INCONCLUSIVE,Network/TLS/server failures prevented a reliable organization verdict.,https://tirosintsol.com/patient-savings-resources/patient-assistance-program | https://tirosintsol.com/patient-savings-resources/patient-assistance-program/,https://tirosintsol.com/patient-savings-resources/patient-assistance-program => INCONCLUSIVE_OFFLINE | https://tirosintsol.com/patient-savings-resources/patient-assistance-program/ => INCONCLUSIVE_OFFLINE,,,,,,,50,CONDITIONAL_OR_UNKNOWN,SOURCE_ONLY,dg_d12e85c888bb,UNIQUE_OR_UNMERGED,no_parseable_phone_in_source_or_context | no_parseable_email_in_source_or_context | live_network_not_tested,/mnt/data/master_resource_extract (1).json,55,Grants:Mutual_Aid:Orgs.txt,"Copay support for Tirosint®-SOL prescription, US patients only. | https://tirosintsol.com/patient-savings-resources/patient-assistance-program/",,
7384f2a5b1b69c7ae619,Thyrogen™ Co,,COMMUNITIES & ADVOCACY,INCONCLUSIVE,Network/TLS/server failures prevented a reliable organization verdict.,https://www.thyroid.org/thyrogen-assistance-available | https://www.thyroid.org/thyrogen-assistance-available/,https://www.thyroid.org/thyrogen-assistance-available => INCONCLUSIVE_OFFLINE | https://www.thyroid.org/thyrogen-assistance-available/ => INCONCLUSIVE_OFFLINE,,,,,,,50,CONDITIONAL_OR_UNKNOWN,SOURCE_ONLY,dg_663b4160aa11,UNIQUE_OR_UNMERGED,no_parseable_phone_in_source_or_context | no_parseable_email_in_source_or_context | live_network_not_tested,/mnt/data/master_resource_extract (1).json,56,"FINAL RESOURCE LIST.txt, Grants:Mutual_Aid:Orgs.txt","Description: •	Thyrogen™ Co-Pay Assistance Helps cover out-of-pocket costs for Thyrogen® (used in thyroid disease management). Intake: https://www.thyroid.org/thyrogen-assistance-available/ (thyroid.org)      Medicare-Related Assistance
Benefits: • Eligibility:
Eligibility: • Intake:
Intake: • Source URLs: https://www.thyroid.org/thyrogen-assistance-available/",,
2d2f785ff6dcdd4e527f,Medicare Part D Extra Help (Low,,COMMUNITIES & ADVOCACY,INCONCLUSIVE,Network/TLS/server failures prevented a reliable organization verdict.,https://www.ssa.gov/medicare/part-d-extra-help,https://www.ssa.gov/medicare/part-d-extra-help => INCONCLUSIVE_OFFLINE,,,,,,,50,CONDITIONAL_OR_UNKNOWN,SOURCE_ONLY,dg_e75a82b99f4d,UNIQUE_OR_UNMERGED,no_parseable_phone_in_source_or_context | no_parseable_email_in_source_or_context | live_network_not_tested,/mnt/data/master_resource_extract (1).json,57,"FINAL RESOURCE LIST.txt, Grants:Mutual_Aid:Orgs.txt","Description: •	Medicare Part D Extra Help (Low-Income Subsidy) Reduces or eliminates prescription drug costs for Medicare beneficiaries with limited income/resources. Intake: https://www.ssa.gov/medicare/part-d-extra-help (ssa.gov)
Benefits: • Eligibility:
Eligibility: • Intake:
Intake: • Source URLs: https://www.ssa.gov/medicare/part-d-extra-help",,
8bfe984909acb9ee9098,Intake,,GRANTS,INCONCLUSIVE,Network/TLS/server failures prevented a reliable organization verdict.,https://addpc.az.gov/grants,https://addpc.az.gov/grants => INCONCLUSIVE_OFFLINE,,,,,,,50,CONDITIONAL_OR_UNKNOWN,SOURCE_ONLY,dg_77e9010dc918,UNIQUE_OR_UNMERGED,no_parseable_phone_in_source_or_context | no_parseable_email_in_source_or_context | live_network_not_tested,/mnt/data/master_resource_extract (1).json,58,"FINAL RESOURCE LIST.txt, Grants:Mutual_Aid:Orgs.txt","Description: •	Intake: https://addpc.az.gov/grants (addpc.az.gov)
Benefits: • Eligibility:
Eligibility: • Intake:
Intake: • Source URLs: https://addpc.az.gov/grants",,
40743d68e5df6de5c3b7,LymeLight Foundation (Project Lyme),,CSV_RESOURCE,INCONCLUSIVE,Network/TLS/server failures prevented a reliable organization verdict.,https://lymelightfoundation.org/,https://lymelightfoundation.org/ => INCONCLUSIVE_OFFLINE,,,,,,,50,CONDITIONAL_OR_UNKNOWN,SOURCE_ONLY,dg_ad19c5beea6d,UNIQUE_OR_UNMERGED,no_parseable_phone_in_source_or_context | no_parseable_email_in_source_or_context | live_network_not_tested,/mnt/data/master_resource_extract (1).json,59,Grants:Mutual_Aid:Orgs.txt,"Up to $10,000 for Lyme-related costs (treatment, travel, equipment); must be US resident under 25, with medical/financial proof. | https://lymelightfoundation.org",,
8f87e15c1683fae5e5bb,Disability-Owned Business Certification (DOBE),,CSV_RESOURCE,INCONCLUSIVE,Network/TLS/server failures prevented a reliable organization verdict.,https://www.disabilityin.org/what-we-do/certification | https://www.disabilityin.org/what-we-do/certification/,https://www.disabilityin.org/what-we-do/certification => INCONCLUSIVE_OFFLINE | https://www.disabilityin.org/what-we-do/certification/ => INCONCLUSIVE_OFFLINE,,,,,,,50,CONDITIONAL_OR_UNKNOWN,SOURCE_ONLY,dg_b77f69e42022,UNIQUE_OR_UNMERGED,no_parseable_phone_in_source_or_context | no_parseable_email_in_source_or_context | live_network_not_tested,/mnt/data/master_resource_extract (1).json,60,Grants:Mutual_Aid:Orgs.txt,Credential enables access to federal/state/private contracts and disability-focused grants. | https://www.disabilityin.org/what-we-do/certification/,,
17656e0f6ea69c2d2341,Social Security Ticket to Work,,CSV_RESOURCE,INCONCLUSIVE,Network/TLS/server failures prevented a reliable organization verdict.,https://choosework.ssa.gov/,https://choosework.ssa.gov/ => INCONCLUSIVE_OFFLINE,,,,,,,50,CONDITIONAL_OR_UNKNOWN,SOURCE_ONLY,dg_d0ca1bfccbc1,UNIQUE_OR_UNMERGED,no_parseable_phone_in_source_or_context | no_parseable_email_in_source_or_context | live_network_not_tested,/mnt/data/master_resource_extract (1).json,61,Grants:Mutual_Aid:Orgs.txt,"For people on disability/SSI, gives access to work, business, or VR support without losing benefits. | https://choosework.ssa.gov",,
f570f86ad31b965b36ad,USDA Single Family Housing Repair Loans & Grants (AZ),,CSV_RESOURCE,INCONCLUSIVE,Network/TLS/server failures prevented a reliable organization verdict.,https://www.rd.usda.gov/programs-services/single-family-housing-repair-loans-grants/az,https://www.rd.usda.gov/programs-services/single-family-housing-repair-loans-grants/az => INCONCLUSIVE_OFFLINE,,,,,,,50,CONDITIONAL_OR_UNKNOWN,SOURCE_ONLY,dg_25c1871ba11e,UNIQUE_OR_UNMERGED,no_parseable_phone_in_source_or_context | no_parseable_email_in_source_or_context | live_network_not_tested,/mnt/data/master_resource_extract (1).json,62,Grants:Mutual_Aid:Orgs.txt,"Up to $10K grant or $40K loan for home repair/improvement, rural, must meet age/income criteria. | https://www.rd.usda.gov/programs-services/single-family-housing-repair-loans-grants/az",,
fcf42bfe3704b2de905b,Maricopa County Rental Assistance,,CSV_RESOURCE,INCONCLUSIVE,Network/TLS/server failures prevented a reliable organization verdict.,https://www.maricopa.gov/5467/Emergency-Rental-Assistance,https://www.maricopa.gov/5467/Emergency-Rental-Assistance => INCONCLUSIVE_OFFLINE,,,,,,,54,CONDITIONAL_OR_UNKNOWN,SOURCE_ONLY,dg_3bd4b66f4ad3,UNIQUE_OR_UNMERGED,no_parseable_phone_in_source_or_context | no_parseable_email_in_source_or_context | live_network_not_tested,/mnt/data/master_resource_extract (1).json,63,Grants:Mutual_Aid:Orgs.txt,"Deposit and rental aid for low-income households outside Phoenix, must meet income/hardship. | https://www.maricopa.gov/5467/Emergency-Rental-Assistance",,
96d4068b02354a9e4b52,Supportive Services for Veteran Families (SSVF) VA,,GRANTS,INCONCLUSIVE,Network/TLS/server failures prevented a reliable organization verdict.,https://www.va.gov/homeless/ssvf | https://www.va.gov/homeless/ssvf/,https://www.va.gov/homeless/ssvf => INCONCLUSIVE_OFFLINE | https://www.va.gov/homeless/ssvf/ => INCONCLUSIVE_OFFLINE,,,,,,,54,CONDITIONAL_OR_UNKNOWN,SOURCE_ONLY,dg_e4a96a8b84c1,UNIQUE_OR_UNMERGED,no_parseable_phone_in_source_or_context | no_parseable_email_in_source_or_context | live_network_not_tested,/mnt/data/master_resource_extract (1).json,64,"FINAL RESOURCE LIST.txt, Grants:Mutual_Aid:Orgs.txt","Description: •	Supportive Services for Veteran Families (SSVF) VA-funded rapid-rehousing and homelessness prevention grants for very low-income Veteran families, provided via community partners in Arizona. Website: https://www.va.gov/homeless/ssvf/ (en.wikipedia.org)      Culture & Education Grants
Benefits: • Eligibility:
Eligibility: • Intake:
Intake: • Source URLs: https://www.va.gov/homeless/ssvf/",,
990fc7676180765ddab1,Arizona Housing Fund,,CSV_RESOURCE,INCONCLUSIVE,Network/TLS/server failures prevented a reliable organization verdict.,https://arizonahousingfund.org/,https://arizonahousingfund.org/ => INCONCLUSIVE_OFFLINE,,,,,,,50,CONDITIONAL_OR_UNKNOWN,SOURCE_ONLY,dg_70e263937f7b,UNIQUE_OR_UNMERGED,no_parseable_phone_in_source_or_context | no_parseable_email_in_source_or_context | live_network_not_tested,/mnt/data/master_resource_extract (1).json,65,"Grants:Mutual_Aid:Orgs.txt, FINAL RESOURCE LIST.txt","Eviction prevention, affordable housing grants funded by unclaimed property; nonprofit and sometimes individual. | https://arizonahousingfund.org/",,
a994b865572fc92f2d56,Save the Family,,Housing,INCONCLUSIVE,Network/TLS/server failures prevented a reliable organization verdict.,https://savethefamily.org/ | https://savethefamily.org/contact,https://savethefamily.org/ => INCONCLUSIVE_OFFLINE | https://savethefamily.org/contact => INCONCLUSIVE_OFFLINE,+1-480-898-0228,+1-480-898-0228 => PLAUSIBLE_UNVERIFIED,,,,,55,CONDITIONAL_OR_UNKNOWN,SOURCE_ONLY,dg_7d18ea11f171,UNIQUE_OR_UNMERGED,source_url_contains_unescaped_whitespace | no_parseable_email_in_source_or_context | live_network_not_tested,/mnt/data/master_resource_extract (1).json,66,"Help_List_Total_corrected_normalized_forensic_output_v2.txt [Passage 4], FINAL RESOURCE LIST.txt, HELP LIST FINAL.txt, Grants:Mutual_Aid:Orgs.txt, Help List Total copy.txt","Description: •	Save the Family Tailored housing stabilization grants & services—transitional homes + wrap-around support. Intake: https://savethefamily.org/ (savethefamily.org)   • Intake: https://savethefamily.org/
Benefits: • Eligibility:
Eligibility: • Intake:
Intake: https://savethefamily.org/",,
m_1457b7fbc367607652,"Arizona Housing, Inc. (AHI)",,CSV_RESOURCE,INCONCLUSIVE,Network/TLS/server failures prevented a reliable organization verdict.,https://azhousinginc.org/ | https://www.azhousinginc.org/,https://azhousinginc.org/ => INCONCLUSIVE_OFFLINE | https://www.azhousinginc.org/ => INCONCLUSIVE_OFFLINE,,,,,,,50,CONDITIONAL_OR_UNKNOWN,SOURCE_ONLY,dg_ab9dd6be3ed9,STRONG_IDENTITY_MERGE,deduplicated_strong_identity | no_parseable_phone_in_source_or_context | no_parseable_email_in_source_or_context | live_network_not_tested,/mnt/data/master_resource_extract (1).json,67 | 368,"Grants:Mutual_Aid:Orgs.txt, FINAL RESOURCE LIST.txt; FINAL RESOURCE LIST.txt","Description: •	Arizona Housing, Inc. (AHI) Permanent supportive housing developments for chronically homeless—no congregate shelter. Intake: https://www.azhousinginc.org/ (azhousinginc.org)      💵 Cash Assistance • Intake: https://www.azhousinginc.org/      💵 Cash Assistance (d)
Benefits: • Eligibility:
Eligibility: • Intake:
Intake: https://www.azhousinginc.org/      💵 Cash Assistance (d)",,
a9b4b71c912b05717193,Society of St. Vincent de Paul; Intake,,GRANTS,INCONCLUSIVE,Network/TLS/server failures prevented a reliable organization verdict.,https://www.stvincentdepaul.net/housing2025,https://www.stvincentdepaul.net/housing2025 => INCONCLUSIVE_OFFLINE,,,,,,,50,CONDITIONAL_OR_UNKNOWN,SOURCE_ONLY,dg_e2e4d721cb38,UNIQUE_OR_UNMERGED,no_parseable_phone_in_source_or_context | no_parseable_email_in_source_or_context | live_network_not_tested,/mnt/data/master_resource_extract (1).json,68,"FINAL RESOURCE LIST.txt, Grants:Mutual_Aid:Orgs.txt","Description: •	Society of St. Vincent de Paul – Housing 2025 One-time $2,000 grants to avert crisis-level homelessness, plus case management referrals. Intake: https://www.stvincentdepaul.net/housing2025 (stvincentdepaul.net)      ⚖️ Real, Legal Assistance • Intake: https://www.stvincentdepaul.net/housing2025
Benefits: • Eligibility:
Eligibility: • Intake:
Intake: https://www.stvincentdepaul.net/housing2025",,
cf09a16e4c2f30a15847,Arizona Judicial Branch – Certified Legal Advocates,,CSV_RESOURCE,INCONCLUSIVE,Network/TLS/server failures prevented a reliable organization verdict.,https://www.azcourts.gov/,https://www.azcourts.gov/ => INCONCLUSIVE_OFFLINE,,,,,,,50,CONDITIONAL_OR_UNKNOWN,SOURCE_ONLY,dg_b38f68f1a8c0,UNIQUE_OR_UNMERGED,no_parseable_phone_in_source_or_context | no_parseable_email_in_source_or_context | live_network_not_tested,/mnt/data/master_resource_extract (1).json,69,Grants:Mutual_Aid:Orgs.txt,Free legal support/representation for housing/domestic violence. | https://www.azcourts.gov/,,
a7e8c398b8eb7f6f92fa,RV for Homeless (501c3 RV Match),,CSV_RESOURCE,INSUFFICIENT_SOURCE_DATA,"No usable website, phone, or email was present or discovered.",,,,,,,,,50,CONDITIONAL_OR_UNKNOWN,SOURCE_ONLY,dg_76f89e89942b,UNIQUE_OR_UNMERGED,no_website_in_source_or_context | no_parseable_phone_in_source_or_context | no_parseable_email_in_source_or_context,/mnt/data/master_resource_extract (1).json,70,Grants:Mutual_Aid:Orgs.txt,"Donated RVs for eligible unhoused, referral/application, non-profit match program. | [Varies by local nonprofit, see RV4Homeless or Facebook for matches]",,
6457e6b34a845146c346,Facebook Mutual Aid + TikTok Medical Crosspost Blitz,,CSV_RESOURCE,INCONCLUSIVE,Network/TLS/server failures prevented a reliable organization verdict.,https://facebook.com/ | https://tiktok.com/,https://facebook.com/ => INCONCLUSIVE_OFFLINE | https://tiktok.com/ => INCONCLUSIVE_OFFLINE,,,,,,,54,CONDITIONAL_OR_UNKNOWN,SOURCE_ONLY,dg_6885f7b33c04,UNIQUE_OR_UNMERGED,multiple_domains_compound_record | no_parseable_phone_in_source_or_context | no_parseable_email_in_source_or_context | live_network_not_tested,/mnt/data/master_resource_extract (1).json,71,Grants:Mutual_Aid:Orgs.txt,"Peer-to-peer tactical cash/aid via social, requires direct outreach/posting. | https://facebook.com | https://tiktok.com",,
073861ac9b8bbd0d8e3d,Outreach Package for Strategic Donation Requests,,CSV_RESOURCE,INSUFFICIENT_SOURCE_DATA,"No usable website, phone, or email was present or discovered.",,,,,,,,,50,CONDITIONAL_OR_UNKNOWN,SOURCE_ONLY,dg_7466ad857099,UNIQUE_OR_UNMERGED,no_website_in_source_or_context | no_parseable_phone_in_source_or_context | no_parseable_email_in_source_or_context,/mnt/data/master_resource_extract (1).json,72,Grants:Mutual_Aid:Orgs.txt,"Tactical grant/aid/donation template for nonprofits, Lyme orgs, or hardship donors; must customize for specific need.",,
dc6985ab3ee4c6bbf58e,Circle the City (Phoenix Mobile Medical Units),,CSV_RESOURCE,INCONCLUSIVE,Network/TLS/server failures prevented a reliable organization verdict.,https://www.circlethecity.org/,https://www.circlethecity.org/ => INCONCLUSIVE_OFFLINE,,,,,,,57,CONDITIONAL_OR_UNKNOWN,SOURCE_ONLY,dg_8c28d10d86e9,UNIQUE_OR_UNMERGED,contains_must_get_placeholders | no_parseable_phone_in_source_or_context | no_parseable_email_in_source_or_context | live_network_not_tested,/mnt/data/master_resource_extract (1).json,73,"Grants:Mutual_Aid:Orgs.txt, HELP LIST FINAL.txt, Help List Total copy.txt","ORG_CONTACT: [Must_Get]
Email: [Must_Get]
Phone: 602‑776‑7676
Website: [Must_Get]
Full_Address: [Must_Get]
Any Listed Contact_Names: [Must_Get]
Existing_Notes/Tips_Verbatim: Provides: Street outreach medical teams for homeless individuals, offering treatment, medications and transport to care. They will visit RVs or encampments.

Eligibility: Homeless/unhoused persons with health needs. No one is disqualified beyond not being homeless (they won’t visit housed patients).

Intake: Call 602‑776‑7676 or visit a shelter to request a mobile clinic visit.",,
ac8b953515907fe1eafc,Native American Housing Assistance & Self Determination Act (NAHASDA) Funds,,CSV_RESOURCE,INCONCLUSIVE,Network/TLS/server failures prevented a reliable organization verdict.,https://www.hud.gov/program_offices/public_indian_housing/ih/grants/nahasda,https://www.hud.gov/program_offices/public_indian_housing/ih/grants/nahasda => INCONCLUSIVE_OFFLINE,,,,,,,50,CONDITIONAL_OR_UNKNOWN,SOURCE_ONLY,dg_cf16a790e6bb,UNIQUE_OR_UNMERGED,no_parseable_phone_in_source_or_context | no_parseable_email_in_source_or_context | live_network_not_tested,/mnt/data/master_resource_extract (1).json,74,Grants:Mutual_Aid:Orgs.txt,"Tribal housing, RV, and medical assistance, eligibility: enrolled tribal members. | https://www.hud.gov/program_offices/public_indian_housing/ih/grants/nahasda",,
78b6b6b69d50e386dcd1,noabuse.org,,National Resource Link / Victims of Crime,INCONCLUSIVE,Network/TLS/server failures prevented a reliable organization verdict.,https://noabuse.org/,https://noabuse.org/ => INCONCLUSIVE_OFFLINE,,,,,,,50,CONDITIONAL_OR_UNKNOWN,SOURCE_ONLY,dg_5e75cc8cddeb,UNIQUE_OR_UNMERGED,name_is_url_like | contains_must_get_placeholders | no_parseable_phone_in_source_or_context | no_parseable_email_in_source_or_context | live_network_not_tested,/mnt/data/master_resource_extract (1).json,75,"Help_List_Total_corrected_normalized_forensic_output_v2.txt [Passage 1], HELP LIST FINAL.txt, Grants:Mutual_Aid:Orgs.txt, Help List Total copy.txt","ORG_CONTACT: [Must_Get]
Email: [Must_Get]
Phone: [Must_Get]
Website: https://noabuse.org/
Full_Address: [Must_Get]
Any Listed Contact_Names: [Must_Get]
Existing_Notes/Tips_Verbatim: [Must_Get]",,
a50db8179c37206a64a0,Arizona Commission on the Arts Grants,,CSV_RESOURCE,INCONCLUSIVE,Network/TLS/server failures prevented a reliable organization verdict.,https://azarts.gov/grants,https://azarts.gov/grants => INCONCLUSIVE_OFFLINE,,,,,,,50,CONDITIONAL_OR_UNKNOWN,SOURCE_ONLY,dg_0e6f4756b878,UNIQUE_OR_UNMERGED,no_parseable_phone_in_source_or_context | no_parseable_email_in_source_or_context | live_network_not_tested,/mnt/data/master_resource_extract (1).json,76,"Grants:Mutual_Aid:Orgs.txt, FINAL RESOURCE LIST.txt","Description: •	Arizona Commission on the Arts Grants
Benefits: • Eligibility:
Eligibility: • Intake:
Intake: • Source URLs:",,
4c9e85dceb3a23a6ba26,Youth Arts Engagement Grant,,CSV_RESOURCE,INCONCLUSIVE,Network/TLS/server failures prevented a reliable organization verdict.,https://azarts.gov/grant/youth-arts-engagement-grant | https://azarts.gov/grant/youth-arts-engagement-grant/,https://azarts.gov/grant/youth-arts-engagement-grant => INCONCLUSIVE_OFFLINE | https://azarts.gov/grant/youth-arts-engagement-grant/ => INCONCLUSIVE_OFFLINE,,,,,,,50,CONDITIONAL_OR_UNKNOWN,SOURCE_ONLY,dg_a82a8b431001,UNIQUE_OR_UNMERGED,no_parseable_phone_in_source_or_context | no_parseable_email_in_source_or_context | live_network_not_tested,/mnt/data/master_resource_extract (1).json,77,Grants:Mutual_Aid:Orgs.txt,"Up to $6,000 for K-12 youth arts projects in Arizona. | https://azarts.gov/grant/youth-arts-engagement-grant/",,
26c0cf5718ca43506f1d,Lifelong Arts Engagement Grant,,CSV_RESOURCE,INCONCLUSIVE,Network/TLS/server failures prevented a reliable organization verdict.,https://azarts.gov/grant/lifelong-arts-engagement-grant | https://azarts.gov/grant/lifelong-arts-engagement-grant/,https://azarts.gov/grant/lifelong-arts-engagement-grant => INCONCLUSIVE_OFFLINE | https://azarts.gov/grant/lifelong-arts-engagement-grant/ => INCONCLUSIVE_OFFLINE,,,,,,,50,CONDITIONAL_OR_UNKNOWN,SOURCE_ONLY,dg_dc25428c91b2,UNIQUE_OR_UNMERGED,no_parseable_phone_in_source_or_context | no_parseable_email_in_source_or_context | live_network_not_tested,/mnt/data/master_resource_extract (1).json,78,Grants:Mutual_Aid:Orgs.txt,"Up to $6,000 for adult/community arts in Arizona. | https://azarts.gov/grant/lifelong-arts-engagement-grant/",,
9e513f1c77a95a7e6eb6,Arizona Department of Economic Security – Utility Assistance,,CSV_RESOURCE,INCONCLUSIVE,Network/TLS/server failures prevented a reliable organization verdict.,https://des.az.gov/services/basic-needs/utility-assistance,https://des.az.gov/services/basic-needs/utility-assistance => INCONCLUSIVE_OFFLINE,,,,,,,54,CONDITIONAL_OR_UNKNOWN,SOURCE_ONLY,dg_52e12db38ed5,UNIQUE_OR_UNMERGED,no_parseable_phone_in_source_or_context | no_parseable_email_in_source_or_context | live_network_not_tested,/mnt/data/master_resource_extract (1).json,79,Grants:Mutual_Aid:Orgs.txt,"Emergency utility shutoff/deposit/arrears grants, must meet income/utility crisis. | https://des.az.gov/services/basic-needs/utility-assistance",,
873861c7a002c5fb30fa,Arizona Emergency Rental Assistance Program (ERAP),,CSV_RESOURCE,INCONCLUSIVE,Network/TLS/server failures prevented a reliable organization verdict.,https://era.azdes.gov/,https://era.azdes.gov/ => INCONCLUSIVE_OFFLINE,,,,,,,50,CONDITIONAL_OR_UNKNOWN,SOURCE_ONLY,dg_dfda8066a2df,UNIQUE_OR_UNMERGED,no_parseable_phone_in_source_or_context | no_parseable_email_in_source_or_context | live_network_not_tested,/mnt/data/master_resource_extract (1).json,80,Grants:Mutual_Aid:Orgs.txt,"Rent, utility, housing stability funds for low-income, COVID or crisis-affected, application required. | https://era.azdes.gov/",,
04b1b752689f69fbf797,Arizona Community Action Association,,CSV_RESOURCE,INCONCLUSIVE,Network/TLS/server failures prevented a reliable organization verdict.,https://wildfireaz.org/,https://wildfireaz.org/ => INCONCLUSIVE_OFFLINE,,,,,,,54,CONDITIONAL_OR_UNKNOWN,SOURCE_ONLY,dg_4bfb832c4527,UNIQUE_OR_UNMERGED,no_parseable_phone_in_source_or_context | no_parseable_email_in_source_or_context | live_network_not_tested,/mnt/data/master_resource_extract (1).json,81,Grants:Mutual_Aid:Orgs.txt,"Emergency crisis aid for rent, utilities, or eviction. May be distributed by county. | https://wildfireaz.org/",,
89def252872fcfb76ed8,Arizona Early Childhood Development & Health Board (First Things First),,CSV_RESOURCE,INCONCLUSIVE,Network/TLS/server failures prevented a reliable organization verdict.,https://www.firstthingsfirst.org/,https://www.firstthingsfirst.org/ => INCONCLUSIVE_OFFLINE,,,,,,,54,CONDITIONAL_OR_UNKNOWN,SOURCE_ONLY,dg_f90b9511f7a7,UNIQUE_OR_UNMERGED,no_parseable_phone_in_source_or_context | no_parseable_email_in_source_or_context | live_network_not_tested,/mnt/data/master_resource_extract (1).json,82,Grants:Mutual_Aid:Orgs.txt,"Family support, parent aid grants (emergency cash, parenting, childcare); varies by funded nonprofit. | https://www.firstthingsfirst.org/",,
8cb7a7d72207d158158d,Maricopa County Emergency Services Network (ESN),,CSV_RESOURCE,INCONCLUSIVE,Network/TLS/server failures prevented a reliable organization verdict.,https://maricopa.gov/5582/Emergency-Assistance,https://maricopa.gov/5582/Emergency-Assistance => INCONCLUSIVE_OFFLINE,,,,,,,54,CONDITIONAL_OR_UNKNOWN,SOURCE_ONLY,dg_c1c1c381f397,UNIQUE_OR_UNMERGED,no_parseable_phone_in_source_or_context | no_parseable_email_in_source_or_context | live_network_not_tested,/mnt/data/master_resource_extract (1).json,83,Grants:Mutual_Aid:Orgs.txt,"Navigation and referral for all emergency shelter, housing, rental/utility grants in Maricopa. | https://maricopa.gov/5582/Emergency-Assistance",,
5a4d3b31603d74f16460,Arizona Self Help,,CSV_RESOURCE,INCONCLUSIVE,Network/TLS/server failures prevented a reliable organization verdict.,https://arizonaselfhelp.org/,https://arizonaselfhelp.org/ => INCONCLUSIVE_OFFLINE,,,,,,,50,CONDITIONAL_OR_UNKNOWN,SOURCE_ONLY,dg_b5e86f3072f4,UNIQUE_OR_UNMERGED,no_parseable_phone_in_source_or_context | no_parseable_email_in_source_or_context | live_network_not_tested,/mnt/data/master_resource_extract (1).json,84,Grants:Mutual_Aid:Orgs.txt,"Benefit screener for all public/private cash/aid programs in AZ, includes utility/food/hardship grants. | https://arizonaselfhelp.org/",,
6a8549ac5e1245fe502b,Arizona Family College Savings (529) Program,,CSV_RESOURCE,INCONCLUSIVE,Network/TLS/server failures prevented a reliable organization verdict.,https://az529.gov/,https://az529.gov/ => INCONCLUSIVE_OFFLINE,,,,,,,50,CONDITIONAL_OR_UNKNOWN,SOURCE_ONLY,dg_9ef5026b589b,UNIQUE_OR_UNMERGED,no_parseable_phone_in_source_or_context | no_parseable_email_in_source_or_context | live_network_not_tested,/mnt/data/master_resource_extract (1).json,85,Grants:Mutual_Aid:Orgs.txt,Up to $500/year matching grant for low-income new AZ 529 savers. | https://az529.gov/,,
56c9430fa210c26395ee,"WIC (Women, Infants, and Children) Nutrition Assistance",,CSV_RESOURCE,INCONCLUSIVE,Network/TLS/server failures prevented a reliable organization verdict.,https://www.azdhs.gov/prevention/azwic | https://www.azdhs.gov/prevention/azwic/,https://www.azdhs.gov/prevention/azwic => INCONCLUSIVE_OFFLINE | https://www.azdhs.gov/prevention/azwic/ => INCONCLUSIVE_OFFLINE,,,,,,,50,CONDITIONAL_OR_UNKNOWN,SOURCE_ONLY,dg_a42afdcfc12e,UNIQUE_OR_UNMERGED,no_parseable_phone_in_source_or_context | no_parseable_email_in_source_or_context | live_network_not_tested,/mnt/data/master_resource_extract (1).json,86,Grants:Mutual_Aid:Orgs.txt,"Monthly food support for pregnant women, infants, young children in AZ. | https://www.azdhs.gov/prevention/azwic/",,
2a2b99a6d981ed67b228,Summer Pandemic EBT (P-EBT) and Summer Meal Programs,,CSV_RESOURCE,INCONCLUSIVE,Network/TLS/server failures prevented a reliable organization verdict.,https://www.azdhs.gov/prevention/azwic/ebt/index.php,https://www.azdhs.gov/prevention/azwic/ebt/index.php => INCONCLUSIVE_OFFLINE,,,,,,,50,CONDITIONAL_OR_UNKNOWN,SOURCE_ONLY,dg_26e1802ff601,UNIQUE_OR_UNMERGED,no_parseable_phone_in_source_or_context | no_parseable_email_in_source_or_context | live_network_not_tested,/mnt/data/master_resource_extract (1).json,87,Grants:Mutual_Aid:Orgs.txt,"Summer cash/food cards, free meals for eligible children. | https://www.azdhs.gov/prevention/azwic/ebt/index.php",,
3922fc006ba7f16fda93,"Local Faith-Based Funds (St. Mary’s, St. Matthew, Salvation Army, Chicanos Por La Causa, Lutheran Social Services, UMOM, Maggie’s Place, Native American Connections, Native Health)",,CSV_RESOURCE,INSUFFICIENT_SOURCE_DATA,"No usable website, phone, or email was present or discovered.",,,,,,,,,50,CONDITIONAL_OR_UNKNOWN,SOURCE_ONLY,dg_1a99782ef290,UNIQUE_OR_UNMERGED,name_looks_compound_or_malformed | no_website_in_source_or_context | no_parseable_phone_in_source_or_context | no_parseable_email_in_source_or_context,/mnt/data/master_resource_extract (1).json,88,Grants:Mutual_Aid:Orgs.txt,All operate cash/rent/food aid for local AZ residents; contact direct or via local intake.,,
e24e61b374c8f6de5372,GoFundMe,,CSV_RESOURCE,INCONCLUSIVE,Network/TLS/server failures prevented a reliable organization verdict.,https://www.gofundme.com/,https://www.gofundme.com/ => INCONCLUSIVE_OFFLINE,,,,,,,50,CONDITIONAL_OR_UNKNOWN,SOURCE_ONLY,dg_21ce29ad0a45,UNIQUE_OR_UNMERGED,no_parseable_phone_in_source_or_context | no_parseable_email_in_source_or_context | live_network_not_tested,/mnt/data/master_resource_extract (1).json,89,Grants:Mutual_Aid:Orgs.txt,"Peer-to-peer crowdfunding platform for personal medical, legal, housing, or survival emergencies. | https://www.gofundme.com",,
98ab8fce664530963ff3,"Reddit r/Assistance, r/RandomActsofKindness, r/needadvice, r/MicroGrants, r/AskLyme, r/ChronicIllness",,CSV_RESOURCE,INCONCLUSIVE,Network/TLS/server failures prevented a reliable organization verdict.,https://reddit.com/r/Assistance,https://reddit.com/r/Assistance => INCONCLUSIVE_OFFLINE,,,,,,,50,CONDITIONAL_OR_UNKNOWN,SOURCE_ONLY,dg_ff50ef9fe942,UNIQUE_OR_UNMERGED,no_parseable_phone_in_source_or_context | no_parseable_email_in_source_or_context | live_network_not_tested,/mnt/data/master_resource_extract (1).json,90,Grants:Mutual_Aid:Orgs.txt,"Verified “ask” posts, can yield $5-$500+ direct peer support (Venmo, PayPal, CashApp, Zelle). | https://reddit.com/r/Assistance",,
91cfc7598d2c7ddca6fd,Lyme Warrior Medical Grants,,CSV_RESOURCE,INCONCLUSIVE,Network/TLS/server failures prevented a reliable organization verdict.,https://lymewarrior.us/pages/apply-for-a-grant,https://lymewarrior.us/pages/apply-for-a-grant => INCONCLUSIVE_OFFLINE,,,,,,,50,CONDITIONAL_OR_UNKNOWN,SOURCE_ONLY,dg_92796d015466,UNIQUE_OR_UNMERGED,no_parseable_phone_in_source_or_context | no_parseable_email_in_source_or_context | live_network_not_tested,/mnt/data/master_resource_extract (1).json,91,Grants:Mutual_Aid:Orgs.txt,"$500-$2,000 one-time grants for Lyme patients, must apply, US-based. | https://lymewarrior.us/pages/apply-for-a-grant",,
397007538390f5566e4b,Family Promise of Greater Phoenix,,CSV_RESOURCE,INCONCLUSIVE,Network/TLS/server failures prevented a reliable organization verdict.,https://familypromiseaz.org/,https://familypromiseaz.org/ => INCONCLUSIVE_OFFLINE,,,,,,,54,CONDITIONAL_OR_UNKNOWN,SOURCE_ONLY,dg_88f4c7136953,UNIQUE_OR_UNMERGED,no_parseable_phone_in_source_or_context | no_parseable_email_in_source_or_context | live_network_not_tested,/mnt/data/master_resource_extract (1).json,92,Grants:Mutual_Aid:Orgs.txt,"Emergency family shelter, rapid re-housing, rental aid, and case management. | https://familypromiseaz.org/",,
68eda7773556dd0011ad,The Open Table,,CSV_RESOURCE,INCONCLUSIVE,Network/TLS/server failures prevented a reliable organization verdict.,https://theopentable.org/,https://theopentable.org/ => INCONCLUSIVE_OFFLINE,,,,,,,50,CONDITIONAL_OR_UNKNOWN,SOURCE_ONLY,dg_d7cb1c0af91b,UNIQUE_OR_UNMERGED,no_parseable_phone_in_source_or_context | no_parseable_email_in_source_or_context | live_network_not_tested,/mnt/data/master_resource_extract (1).json,93,Grants:Mutual_Aid:Orgs.txt,"Wraparound volunteer aid model, provides practical/funding/network support; must be matched with a Table. | https://theopentable.org/",,
9b91f35a3034955109ab,St. Joseph the Worker,,CSV_RESOURCE,INCONCLUSIVE,Network/TLS/server failures prevented a reliable organization verdict.,https://sjwjobs.org/,https://sjwjobs.org/ => INCONCLUSIVE_OFFLINE,,,,,,,50,CONDITIONAL_OR_UNKNOWN,SOURCE_ONLY,dg_76fde257d264,UNIQUE_OR_UNMERGED,no_parseable_phone_in_source_or_context | no_parseable_email_in_source_or_context | live_network_not_tested,/mnt/data/master_resource_extract (1).json,94,Grants:Mutual_Aid:Orgs.txt,"Employment readiness grants (phones, bus, tools) for job seekers. | https://sjwjobs.org/",,
f05320495b07e440edeb,Free Geek Phoenix,,CSV_RESOURCE,INCONCLUSIVE,Network/TLS/server failures prevented a reliable organization verdict.,https://www.freegeekphoenix.org/,https://www.freegeekphoenix.org/ => INCONCLUSIVE_OFFLINE,,,,,,,50,CONDITIONAL_OR_UNKNOWN,SOURCE_ONLY,dg_37d960ca09e3,UNIQUE_OR_UNMERGED,no_parseable_phone_in_source_or_context | no_parseable_email_in_source_or_context | live_network_not_tested,/mnt/data/master_resource_extract (1).json,95,Grants:Mutual_Aid:Orgs.txt,Provides computers/tech for low-income and those in transition; must apply. | https://www.freegeekphoenix.org,,
5c6fca9ec5b133c178f4,Phoenix ToolBank,,CSV_RESOURCE,INCONCLUSIVE,Network/TLS/server failures prevented a reliable organization verdict.,https://phoenixtoolbank.org/,https://phoenixtoolbank.org/ => INCONCLUSIVE_OFFLINE,,,,,,,50,CONDITIONAL_OR_UNKNOWN,SOURCE_ONLY,dg_f9febd7ae7eb,UNIQUE_OR_UNMERGED,no_parseable_phone_in_source_or_context | no_parseable_email_in_source_or_context | live_network_not_tested,/mnt/data/master_resource_extract (1).json,96,Grants:Mutual_Aid:Orgs.txt,"Lends or grants tools/equipment for employment, business, repair; must apply, may require nonprofit or individual hardship proof. | https://phoenixtoolbank.org/",,
9696af606ba4f01a7c3a,Arizona DES Supplemental Nutrition Assistance for Older Adults (SNAP OA),,CSV_RESOURCE,INCONCLUSIVE,Network/TLS/server failures prevented a reliable organization verdict.,https://des.az.gov/,https://des.az.gov/ => INCONCLUSIVE_OFFLINE,,,,,,,50,CONDITIONAL_OR_UNKNOWN,SOURCE_ONLY,dg_3cdf828cb02e,UNIQUE_OR_UNMERGED,no_parseable_phone_in_source_or_context | no_parseable_email_in_source_or_context | live_network_not_tested,/mnt/data/master_resource_extract (1).json,97,Grants:Mutual_Aid:Orgs.txt,Extra EBT/cash card support for low-income seniors; eligibility by age/income. | https://des.az.gov/,,
6919c34a744c3bcb1da7,Chicanos Por La Causa (CPLC) COVID/Emergency Aid,,CSV_RESOURCE,INCONCLUSIVE,Network/TLS/server failures prevented a reliable organization verdict.,https://cplc.org/,https://cplc.org/ => INCONCLUSIVE_OFFLINE,,,,,,,50,CONDITIONAL_OR_UNKNOWN,SOURCE_ONLY,dg_fd99ed8f9657,UNIQUE_OR_UNMERGED,no_parseable_phone_in_source_or_context | no_parseable_email_in_source_or_context | live_network_not_tested,/mnt/data/master_resource_extract (1).json,98,Grants:Mutual_Aid:Orgs.txt,"Multi-program cash aid for rent, utilities, childcare, food, medical; programs vary, must apply. | https://cplc.org/",,
634059c479f801e70b4f,Arizona Veterans StandDown Alliance,,CSV_RESOURCE,INCONCLUSIVE,Network/TLS/server failures prevented a reliable organization verdict.,https://arizonastanddown.org/,https://arizonastanddown.org/ => INCONCLUSIVE_OFFLINE,,,,,,,54,CONDITIONAL_OR_UNKNOWN,SOURCE_ONLY,dg_656b3ec38959,UNIQUE_OR_UNMERGED,no_parseable_phone_in_source_or_context | no_parseable_email_in_source_or_context | live_network_not_tested,/mnt/data/master_resource_extract (1).json,99,Grants:Mutual_Aid:Orgs.txt,"Emergency grants, legal aid, rehousing, employment, medical, and food for AZ veterans; must be a veteran, some programs require proof of hardship or documentation. | https://arizonastanddown.org/",,
1ac71a53c0c2e6b3bc06,Homeless ID Project,,CSV_RESOURCE,INCONCLUSIVE,Network/TLS/server failures prevented a reliable organization verdict.,https://www.homelessidproject.org/,https://www.homelessidproject.org/ => INCONCLUSIVE_OFFLINE,,,,,,,50,CONDITIONAL_OR_UNKNOWN,SOURCE_ONLY,dg_74179367e7bd,UNIQUE_OR_UNMERGED,no_parseable_phone_in_source_or_context | no_parseable_email_in_source_or_context | live_network_not_tested,/mnt/data/master_resource_extract (1).json,100,Grants:Mutual_Aid:Orgs.txt,Pays for state ID/birth certificate for shelter/work/benefits; for people experiencing homelessness or in transition. | https://www.homelessidproject.org/,,
3957745d56185772a445,Arizona Rental Recovery Fund (Department of Real Estate),,CSV_RESOURCE,INCONCLUSIVE,Network/TLS/server failures prevented a reliable organization verdict.,https://azre.gov/consumers/rental-recovery-fund,https://azre.gov/consumers/rental-recovery-fund => INCONCLUSIVE_OFFLINE,,,,,,,50,CONDITIONAL_OR_UNKNOWN,SOURCE_ONLY,dg_8406425f26fb,UNIQUE_OR_UNMERGED,no_parseable_phone_in_source_or_context | no_parseable_email_in_source_or_context | live_network_not_tested,/mnt/data/master_resource_extract (1).json,101,Grants:Mutual_Aid:Orgs.txt,"Compensates tenants for unreturned deposits or illegal landlord actions, up to $2,000/claim; must file claim and provide documentation. | https://azre.gov/consumers/rental-recovery-fund",,
6b5b8146f120776ca85b,Native American Connections,,CSV_RESOURCE,INCONCLUSIVE,Network/TLS/server failures prevented a reliable organization verdict.,https://www.nativeconnections.org/,https://www.nativeconnections.org/ => INCONCLUSIVE_OFFLINE,,,,,,,50,CONDITIONAL_OR_UNKNOWN,SOURCE_ONLY,dg_57c97cc723e7,UNIQUE_OR_UNMERGED,no_parseable_phone_in_source_or_context | no_parseable_email_in_source_or_context | live_network_not_tested,/mnt/data/master_resource_extract (1).json,102,Grants:Mutual_Aid:Orgs.txt,"Housing, medical, sober living, and peer support for Native/tribal residents in AZ; must meet program/tribal criteria. | https://www.nativeconnections.org/",,
a7e303b0c9489490942f,Phoenix Rescue Mission Hope Coach,,CSV_RESOURCE,INCONCLUSIVE,Network/TLS/server failures prevented a reliable organization verdict.,https://phoenixrescuemission.org/,https://phoenixrescuemission.org/ => INCONCLUSIVE_OFFLINE,,,,,,,54,CONDITIONAL_OR_UNKNOWN,SOURCE_ONLY,dg_e701df9e452d,UNIQUE_OR_UNMERGED,no_parseable_phone_in_source_or_context | no_parseable_email_in_source_or_context | live_network_not_tested,/mnt/data/master_resource_extract (1).json,103,Grants:Mutual_Aid:Orgs.txt,"Street outreach van offers food, hygiene, water, gas, gift cards, hotel vouchers for people in crisis; open to homeless, at-risk, or in-need in Phoenix area. | https://phoenixrescuemission.org/",,
97b5160dfa9ceb57ecb0,Giving Angels (Phoenix/Maricopa) and Christmas Angels,,CSV_RESOURCE,INCONCLUSIVE,Network/TLS/server failures prevented a reliable organization verdict.,https://www.givingangelsaz.com/,https://www.givingangelsaz.com/ => INCONCLUSIVE_OFFLINE,,,,,,,66,CONDITIONAL_OR_UNKNOWN,SOURCE_ONLY,dg_918dd2da8385,UNIQUE_OR_UNMERGED,no_parseable_phone_in_source_or_context | no_parseable_email_in_source_or_context | live_network_not_tested,/mnt/data/master_resource_extract (1).json,104,Grants:Mutual_Aid:Orgs.txt,"Direct cash, food, holiday/emergency support for families in crisis; must apply or be referred, varies by season. | https://www.givingangelsaz.com/",,
9067333c82645d15cb51,Desert Mission / John C. Lincoln Health Network,,CSV_RESOURCE,INCONCLUSIVE,Network/TLS/server failures prevented a reliable organization verdict.,https://honorhealth.com/community/desert-mission,https://honorhealth.com/community/desert-mission => INCONCLUSIVE_OFFLINE,,,,,,,50,CONDITIONAL_OR_UNKNOWN,SOURCE_ONLY,dg_a813bd6041a3,UNIQUE_OR_UNMERGED,no_parseable_phone_in_source_or_context | no_parseable_email_in_source_or_context | live_network_not_tested,/mnt/data/master_resource_extract (1).json,105,Grants:Mutual_Aid:Orgs.txt,"Food bank, prescription aid, one-time rent/utilities grants for qualifying individuals/families in Phoenix metro. | https://honorhealth.com/community/desert-mission",,
ec399c2b2c65aebab2ae,Arizona Department of Child Safety Kinship Stipend/Crisis Grant,,CSV_RESOURCE,INCONCLUSIVE,Network/TLS/server failures prevented a reliable organization verdict.,https://dcs.az.gov/,https://dcs.az.gov/ => INCONCLUSIVE_OFFLINE,,,,,,,54,CONDITIONAL_OR_UNKNOWN,SOURCE_ONLY,dg_76c9d33df97d,UNIQUE_OR_UNMERGED,no_parseable_phone_in_source_or_context | no_parseable_email_in_source_or_context | live_network_not_tested,/mnt/data/master_resource_extract (1).json,106,Grants:Mutual_Aid:Orgs.txt,"Emergency cash/stipend for kinship caregivers/placements, not traditional foster; must be AZ DCS placement. | https://dcs.az.gov/",,
accc60fea345568fa65f,Free Arts for Abused Children of Arizona,,CSV_RESOURCE,INCONCLUSIVE,Network/TLS/server failures prevented a reliable organization verdict.,https://freeartsaz.org/,https://freeartsaz.org/ => INCONCLUSIVE_OFFLINE,,,,,,,50,CONDITIONAL_OR_UNKNOWN,SOURCE_ONLY,dg_ea1713597a02,UNIQUE_OR_UNMERGED,no_parseable_phone_in_source_or_context | no_parseable_email_in_source_or_context | live_network_not_tested,/mnt/data/master_resource_extract (1).json,107,Grants:Mutual_Aid:Orgs.txt,"Provides grants, scholarships, art supplies for trauma-impacted children and youth; open to eligible youth/organizations. | https://freeartsaz.org/",,
c2daec4bd4233077d774,Live and Learn AZ,,CSV_RESOURCE,INCONCLUSIVE,Network/TLS/server failures prevented a reliable organization verdict.,https://liveandlearnaz.org/,https://liveandlearnaz.org/ => INCONCLUSIVE_OFFLINE,,,,,,,54,CONDITIONAL_OR_UNKNOWN,SOURCE_ONLY,dg_3cf63cb8a1c6,UNIQUE_OR_UNMERGED,no_parseable_phone_in_source_or_context | no_parseable_email_in_source_or_context | live_network_not_tested,/mnt/data/master_resource_extract (1).json,108,Grants:Mutual_Aid:Orgs.txt,"Career advancement, emergency support grants for single moms, survivors of trauma, women in transition; must apply and meet criteria. | https://liveandlearnaz.org/",,
16a53438e74e4f2be8fb,Children’s Action Alliance Parent Leadership Network Grants,,CSV_RESOURCE,INCONCLUSIVE,Network/TLS/server failures prevented a reliable organization verdict.,https://azchildren.org/,https://azchildren.org/ => INCONCLUSIVE_OFFLINE,,,,,,,50,CONDITIONAL_OR_UNKNOWN,SOURCE_ONLY,dg_a0bfa8fd3c3e,UNIQUE_OR_UNMERGED,no_parseable_phone_in_source_or_context | no_parseable_email_in_source_or_context | live_network_not_tested,/mnt/data/master_resource_extract (1).json,109,Grants:Mutual_Aid:Orgs.txt,"Microgrants/stipends for parent engagement, advocacy, leadership, and emergencies; eligibility varies by program. | https://azchildren.org/",,
c3854857db84f07c6dd8,United Methodist Outreach Ministries (UMOM) New Day Centers,,CSV_RESOURCE,INCONCLUSIVE,Network/TLS/server failures prevented a reliable organization verdict.,https://umom.org/,https://umom.org/ => INCONCLUSIVE_OFFLINE,,,,,,,54,CONDITIONAL_OR_UNKNOWN,SOURCE_ONLY,dg_c33880add62d,UNIQUE_OR_UNMERGED,no_parseable_phone_in_source_or_context | no_parseable_email_in_source_or_context | live_network_not_tested,/mnt/data/master_resource_extract (1).json,110,Grants:Mutual_Aid:Orgs.txt,"Emergency cash, rehousing, work readiness, family shelter, food; intake/eligibility required. | https://umom.org/",,
f4c8e49534f26ad3e8ce,Lost Our Home Pet Rescue Crisis Fund,,CSV_RESOURCE,INCONCLUSIVE,Network/TLS/server failures prevented a reliable organization verdict.,https://www.lostourhome.org/services/pet-crisis-foster-program | https://www.lostourhome.org/services/pet-crisis-foster-program/,https://www.lostourhome.org/services/pet-crisis-foster-program => INCONCLUSIVE_OFFLINE | https://www.lostourhome.org/services/pet-crisis-foster-program/ => INCONCLUSIVE_OFFLINE,,,,,,,50,CONDITIONAL_OR_UNKNOWN,SOURCE_ONLY,dg_77726bc3d4c1,UNIQUE_OR_UNMERGED,no_parseable_phone_in_source_or_context | no_parseable_email_in_source_or_context | live_network_not_tested,/mnt/data/master_resource_extract (1).json,111,Grants:Mutual_Aid:Orgs.txt,"Grants for pet owners facing eviction, domestic violence, or hospitalization; includes temp fostering and pet supplies. | https://www.lostourhome.org/services/pet-crisis-foster-program/",,
a0795363a4342827062e,Phoenix Day Emergency Childcare Scholarships,,CSV_RESOURCE,INCONCLUSIVE,Network/TLS/server failures prevented a reliable organization verdict.,https://www.phoenixday.org/,https://www.phoenixday.org/ => INCONCLUSIVE_OFFLINE,,,,,,,50,CONDITIONAL_OR_UNKNOWN,SOURCE_ONLY,dg_c3396ffaedc4,UNIQUE_OR_UNMERGED,no_parseable_phone_in_source_or_context | no_parseable_email_in_source_or_context | live_network_not_tested,/mnt/data/master_resource_extract (1).json,112,Grants:Mutual_Aid:Orgs.txt,"Immediate scholarships/aid for low-income families needing childcare, must apply and show income/need. | https://www.phoenixday.org/",,
a471be12cf4cc320dd94,St. Mary’s Food Bank Alliance Kids Cafe and Food Boxes,,CSV_RESOURCE,INCONCLUSIVE,Network/TLS/server failures prevented a reliable organization verdict.,https://www.firstfoodbank.org/,https://www.firstfoodbank.org/ => INCONCLUSIVE_OFFLINE,,,,,,,50,CONDITIONAL_OR_UNKNOWN,SOURCE_ONLY,dg_367ec0ef3d8a,UNIQUE_OR_UNMERGED,no_parseable_phone_in_source_or_context | no_parseable_email_in_source_or_context | live_network_not_tested,/mnt/data/master_resource_extract (1).json,113,Grants:Mutual_Aid:Orgs.txt,"Free meals, snacks, groceries for families and children in crisis, direct pickup or delivery; must show need. | https://www.firstfoodbank.org/",,
8425e9d571fad37bccf2,"AZCEND (Chandler, AZ) Emergency Financial Assistance",,CSV_RESOURCE,INCONCLUSIVE,Network/TLS/server failures prevented a reliable organization verdict.,https://azcend.org/,https://azcend.org/ => INCONCLUSIVE_OFFLINE,,,,,,,53,CONDITIONAL_OR_UNKNOWN,SOURCE_ONLY,dg_6baa5104d0db,UNIQUE_OR_UNMERGED,no_parseable_phone_in_source_or_context | no_parseable_email_in_source_or_context | live_network_not_tested,/mnt/data/master_resource_extract (1).json,114,Grants:Mutual_Aid:Orgs.txt,"Rent, utility, medical, transportation aid for Chandler/southeast Valley; must meet income criteria, apply. | https://azcend.org/",,
1643ad9038a403855883,Arizona End of Life Care Partnership,,CSV_RESOURCE,INCONCLUSIVE,Network/TLS/server failures prevented a reliable organization verdict.,https://azendoflifecare.org/,https://azendoflifecare.org/ => INCONCLUSIVE_OFFLINE,,,,,,,50,CONDITIONAL_OR_UNKNOWN,SOURCE_ONLY,dg_a565c32bc49f,UNIQUE_OR_UNMERGED,no_parseable_phone_in_source_or_context | no_parseable_email_in_source_or_context | live_network_not_tested,/mnt/data/master_resource_extract (1).json,115,Grants:Mutual_Aid:Orgs.txt,"Grants for terminal patients, covers final wishes, dignity/final aid; must be referred by hospice or care partner. | https://azendoflifecare.org/",,
40ef1a2658e68a0ea3ef,Raise the Future (Arizona Office),,CSV_RESOURCE,INCONCLUSIVE,Network/TLS/server failures prevented a reliable organization verdict.,https://raisethefuture.org/,https://raisethefuture.org/ => INCONCLUSIVE_OFFLINE,,,,,,,50,CONDITIONAL_OR_UNKNOWN,SOURCE_ONLY,dg_b4e8d4b68eb1,UNIQUE_OR_UNMERGED,no_parseable_phone_in_source_or_context | no_parseable_email_in_source_or_context | live_network_not_tested,/mnt/data/master_resource_extract (1).json,116,Grants:Mutual_Aid:Orgs.txt,Microgrants/support for youth and young adults aging out of foster care in AZ; eligibility: foster care transition. | https://raisethefuture.org/,,
16e92b557ecb59d29771,Homeward Bound AZ,,CSV_RESOURCE,INCONCLUSIVE,Network/TLS/server failures prevented a reliable organization verdict.,https://homewardboundaz.org/,https://homewardboundaz.org/ => INCONCLUSIVE_OFFLINE,,,,,,,54,CONDITIONAL_OR_UNKNOWN,SOURCE_ONLY,dg_e1a645c43e77,UNIQUE_OR_UNMERGED,no_parseable_phone_in_source_or_context | no_parseable_email_in_source_or_context | live_network_not_tested,/mnt/data/master_resource_extract (1).json,117,Grants:Mutual_Aid:Orgs.txt,"Rapid rehousing, cash aid, job placement for single parents and homeless families; must be referred or apply and meet criteria. | https://homewardboundaz.org/",,
346ea25e12706a409e4e,Arizona Small Business Association (ASBA) Microgrants,,CSV_RESOURCE,INCONCLUSIVE,Network/TLS/server failures prevented a reliable organization verdict.,https://asba.com/,https://asba.com/ => INCONCLUSIVE_OFFLINE,,,,,,,50,CONDITIONAL_OR_UNKNOWN,SOURCE_ONLY,dg_0725093c3604,UNIQUE_OR_UNMERGED,no_parseable_phone_in_source_or_context | no_parseable_email_in_source_or_context | live_network_not_tested,/mnt/data/master_resource_extract (1).json,118,Grants:Mutual_Aid:Orgs.txt,"Microgrants (usually <$2,500) for business owners/entrepreneurs, eligibility varies, not always listed on site. | https://asba.com/",,
afdf94d34d50665a206e,AZ TechCelerator Business Support Microgrants,,CSV_RESOURCE,INCONCLUSIVE,Network/TLS/server failures prevented a reliable organization verdict.,https://www.aztechcelerator.com/,https://www.aztechcelerator.com/ => INCONCLUSIVE_OFFLINE,,,,,,,50,CONDITIONAL_OR_UNKNOWN,SOURCE_ONLY,dg_25124026d9d7,UNIQUE_OR_UNMERGED,no_parseable_phone_in_source_or_context | no_parseable_email_in_source_or_context | live_network_not_tested,/mnt/data/master_resource_extract (1).json,119,Grants:Mutual_Aid:Orgs.txt,"Tech/entrepreneurship microgrants for West Valley, AZ startups; must apply. | https://www.aztechcelerator.com/",,
bbcd636ac86537cc64f5,Arizona Department of Revenue Property Tax Refund/Credit,,CSV_RESOURCE,INCONCLUSIVE,Network/TLS/server failures prevented a reliable organization verdict.,https://azdor.gov/individual-income-tax/credits-property-tax,https://azdor.gov/individual-income-tax/credits-property-tax => INCONCLUSIVE_OFFLINE,,,,,,,50,CONDITIONAL_OR_UNKNOWN,SOURCE_ONLY,dg_2e52e1c3a236,UNIQUE_OR_UNMERGED,no_parseable_phone_in_source_or_context | no_parseable_email_in_source_or_context | live_network_not_tested,/mnt/data/master_resource_extract (1).json,120,Grants:Mutual_Aid:Orgs.txt,"Annual property tax refund/credit for renters and low-income homeowners, must apply and show income. | https://azdor.gov/individual-income-tax/credits-property-tax",,
5a58b6fc58a874bee321,Care 4 the Caregivers Emergency Stipend,,CSV_RESOURCE,INCONCLUSIVE,Network/TLS/server failures prevented a reliable organization verdict.,https://care4thecaregivers.org/,https://care4thecaregivers.org/ => INCONCLUSIVE_OFFLINE,,,,,,,50,CONDITIONAL_OR_UNKNOWN,SOURCE_ONLY,dg_6983a1df4340,UNIQUE_OR_UNMERGED,no_parseable_phone_in_source_or_context | no_parseable_email_in_source_or_context | live_network_not_tested,/mnt/data/master_resource_extract (1).json,121,Grants:Mutual_Aid:Orgs.txt,"Microgrant/stipend for family caregivers; must apply, show hardship. | https://care4thecaregivers.org/",,
e6d7c46b39f66236f1a2,Arizona Department of Housing Emergency Solutions Hotline,,CSV_RESOURCE,INCONCLUSIVE,Network/TLS/server failures prevented a reliable organization verdict.,https://housing.az.gov/general-public/homeless-assistance,https://housing.az.gov/general-public/homeless-assistance => INCONCLUSIVE_OFFLINE,,,,,,,54,CONDITIONAL_OR_UNKNOWN,SOURCE_ONLY,dg_5f055c67c0e1,UNIQUE_OR_UNMERGED,no_parseable_phone_in_source_or_context | no_parseable_email_in_source_or_context | live_network_not_tested,/mnt/data/master_resource_extract (1).json,122,Grants:Mutual_Aid:Orgs.txt,"Navigation to emergency hotel, shelter, utility cash; must call or use intake form. | https://housing.az.gov/general-public/homeless-assistance",,
294a97c3bd36774666c4,Arizona Fair Housing Center Eviction Prevention Microgrants,,CSV_RESOURCE,INCONCLUSIVE,Network/TLS/server failures prevented a reliable organization verdict.,https://azfairhousing.org/,https://azfairhousing.org/ => INCONCLUSIVE_OFFLINE,,,,,,,62,CONDITIONAL_OR_UNKNOWN,SOURCE_ONLY,dg_c71e2bff2ea1,UNIQUE_OR_UNMERGED,no_parseable_phone_in_source_or_context | no_parseable_email_in_source_or_context | live_network_not_tested,/mnt/data/master_resource_extract (1).json,123,Grants:Mutual_Aid:Orgs.txt,"Small direct cash for documented illegal eviction risk, must apply and show documentation. | https://azfairhousing.org/",,
24167315b06b4ab6d591,"Small Biz Rapid Response Grants (City of Phoenix, Mesa, etc.)",,CSV_RESOURCE,INSUFFICIENT_SOURCE_DATA,"No usable website, phone, or email was present or discovered.",,,,,,,,,50,CONDITIONAL_OR_UNKNOWN,SOURCE_ONLY,dg_0eb4f997d6c5,UNIQUE_OR_UNMERGED,no_website_in_source_or_context | no_parseable_phone_in_source_or_context | no_parseable_email_in_source_or_context,/mnt/data/master_resource_extract (1).json,124,Grants:Mutual_Aid:Orgs.txt,"Short-term microgrants for pandemic/disaster-impacted firms, eligibility: local business, proof of loss, application required.",,
842347c203bb63142e35,Arizona 2-1-1,,CSV_RESOURCE,INCONCLUSIVE,Network/TLS/server failures prevented a reliable organization verdict.,https://211arizona.org/,https://211arizona.org/ => INCONCLUSIVE_OFFLINE,+1-877-211-8661,+1-877-211-8661 => PLAUSIBLE_UNVERIFIED,,,,,54,CONDITIONAL_OR_UNKNOWN,SOURCE_ONLY,dg_bd1b9cefaa1e,UNIQUE_OR_UNMERGED,no_parseable_email_in_source_or_context | live_network_not_tested,/mnt/data/master_resource_extract (1).json,125,"Grants:Mutual_Aid:Orgs.txt, Arizona Support Programs & Warm Lines.md","Central intake for all emergency/cash/aid referrals, connects to hidden and traditional funding streams; call or search by zip. | https://211arizona.org/",,
72e36faaa2e363e6c43a,Nextdoor Mutual Aid Groups,,CSV_RESOURCE,INCONCLUSIVE,Network/TLS/server failures prevented a reliable organization verdict.,https://nextdoor.com/,https://nextdoor.com/ => INCONCLUSIVE_OFFLINE,,,,,,,50,CONDITIONAL_OR_UNKNOWN,SOURCE_ONLY,dg_04c07c9d1286,UNIQUE_OR_UNMERGED,no_parseable_phone_in_source_or_context | no_parseable_email_in_source_or_context | live_network_not_tested,/mnt/data/master_resource_extract (1).json,126,Grants:Mutual_Aid:Orgs.txt,"Local posts for direct help: food, rides, cash, in-kind; must reply or DM on Nextdoor. | https://nextdoor.com",,
46da931ab31011696ea7,Tempe Community Action Agency (TCAA),,CSV_RESOURCE,INCONCLUSIVE,Network/TLS/server failures prevented a reliable organization verdict.,https://tempeaction.org/,https://tempeaction.org/ => INCONCLUSIVE_OFFLINE,,,,,,,53,CONDITIONAL_OR_UNKNOWN,SOURCE_ONLY,dg_0cdeee64fee6,UNIQUE_OR_UNMERGED,no_parseable_phone_in_source_or_context | no_parseable_email_in_source_or_context | live_network_not_tested,/mnt/data/master_resource_extract (1).json,127,Grants:Mutual_Aid:Orgs.txt,"Rent, food, transportation aid for Tempe residents, must apply and meet income/need. | https://tempeaction.org/",,
97657769e76aee47bea9,Arizona Food Bank Network Food Bank Locator,,CSV_RESOURCE,INCONCLUSIVE,Network/TLS/server failures prevented a reliable organization verdict.,https://www.azfoodbanks.org/,https://www.azfoodbanks.org/ => INCONCLUSIVE_OFFLINE,,,,,,,50,CONDITIONAL_OR_UNKNOWN,SOURCE_ONLY,dg_bc2c80322615,UNIQUE_OR_UNMERGED,no_parseable_phone_in_source_or_context | no_parseable_email_in_source_or_context | live_network_not_tested,/mnt/data/master_resource_extract (1).json,128,Grants:Mutual_Aid:Orgs.txt,"Centralized directory for all local food banks, some provide cash/utility hardship grants. | https://www.azfoodbanks.org/",,
974a277f45b90b05e0b3,"Mutual Aid Phx (Instagram, Discord, Facebook)",,CSV_RESOURCE,INSUFFICIENT_SOURCE_DATA,"No usable website, phone, or email was present or discovered.",,,,,,,,,50,CONDITIONAL_OR_UNKNOWN,SOURCE_ONLY,dg_25bb4e8303eb,UNIQUE_OR_UNMERGED,no_website_in_source_or_context | no_parseable_phone_in_source_or_context | no_parseable_email_in_source_or_context,/mnt/data/master_resource_extract (1).json,129,Grants:Mutual_Aid:Orgs.txt,"Peer-to-peer, no-barrier cash/food/ride/shelter aid for anyone in Phoenix area, must join platform and request help.",,
e2a9cd994d511a6d8385,TruWest Credit Union Hardship Microgrant,,CSV_RESOURCE,INCONCLUSIVE,Network/TLS/server failures prevented a reliable organization verdict.,https://truwest.org/,https://truwest.org/ => INCONCLUSIVE_OFFLINE,,,,,,,54,CONDITIONAL_OR_UNKNOWN,SOURCE_ONLY,dg_a3e20e40b8d9,UNIQUE_OR_UNMERGED,no_parseable_phone_in_source_or_context | no_parseable_email_in_source_or_context | live_network_not_tested,/mnt/data/master_resource_extract (1).json,130,Grants:Mutual_Aid:Orgs.txt,"Up to $1,000 for TruWest members in emergency; must apply, show hardship, be member. | https://truwest.org/",,
015b1b95316d051b836f,Arizona Coyotes Foundation Community Grant,,CSV_RESOURCE,INCONCLUSIVE,Network/TLS/server failures prevented a reliable organization verdict.,https://www.nhl.com/coyotes/community/foundation,https://www.nhl.com/coyotes/community/foundation => INCONCLUSIVE_OFFLINE,,,,,,,50,CONDITIONAL_OR_UNKNOWN,SOURCE_ONLY,dg_4dc3173503da,UNIQUE_OR_UNMERGED,no_parseable_phone_in_source_or_context | no_parseable_email_in_source_or_context | live_network_not_tested,/mnt/data/master_resource_extract (1).json,131,Grants:Mutual_Aid:Orgs.txt,"Community project and nonprofit grants, may sometimes benefit individuals, must apply via annual cycle. | https://www.nhl.com/coyotes/community/foundation",,
355aebf79f33f28d188b,One Community Foundation LGBTQ Emergency Fund,,CSV_RESOURCE,INCONCLUSIVE,Network/TLS/server failures prevented a reliable organization verdict.,https://onecommunityfoundation.org/,https://onecommunityfoundation.org/ => INCONCLUSIVE_OFFLINE,,,,,,,50,CONDITIONAL_OR_UNKNOWN,SOURCE_ONLY,dg_d7842355aedf,UNIQUE_OR_UNMERGED,no_parseable_phone_in_source_or_context | no_parseable_email_in_source_or_context | live_network_not_tested,/mnt/data/master_resource_extract (1).json,132,Grants:Mutual_Aid:Orgs.txt,Microgrant for LGBTQ+ Arizonans facing housing/food insecurity; must apply and show need. | https://onecommunityfoundation.org/,,
4ef1b45e9e1b9f45f2a0,Arizona Diamondbacks Foundation Community Grant,,CSV_RESOURCE,INCONCLUSIVE,Network/TLS/server failures prevented a reliable organization verdict.,https://www.mlb.com/dbacks/community/foundation,https://www.mlb.com/dbacks/community/foundation => INCONCLUSIVE_OFFLINE,,,,,,,54,CONDITIONAL_OR_UNKNOWN,SOURCE_ONLY,dg_71b3300c3c56,UNIQUE_OR_UNMERGED,no_parseable_phone_in_source_or_context | no_parseable_email_in_source_or_context | live_network_not_tested,/mnt/data/master_resource_extract (1).json,133,Grants:Mutual_Aid:Orgs.txt,"Direct aid for youth/family/health or emergency, must apply, typically to org but can benefit individuals. | https://www.mlb.com/dbacks/community/foundation",,
ba8ef8d1f79f869206fb,victimsofcrime.org,,National Resource Link / Victims of Crime,INCONCLUSIVE,Network/TLS/server failures prevented a reliable organization verdict.,https://victimsofcrime.org/,https://victimsofcrime.org/ => INCONCLUSIVE_OFFLINE,,,,,,,50,CONDITIONAL_OR_UNKNOWN,SOURCE_ONLY,dg_4cc22e5ee8ad,UNIQUE_OR_UNMERGED,name_is_url_like | no_parseable_phone_in_source_or_context | no_parseable_email_in_source_or_context | live_network_not_tested,/mnt/data/master_resource_extract (1).json,134,"Help_List_Total_corrected_normalized_forensic_output_v2.txt [Passage 1], FINAL RESOURCE LIST.txt, HELP LIST FINAL.txt, Help List Total copy.txt","Description: 8.	National Center for Victims of Crime 24/7 helpline and referrals for all crime survivors, including family-abuse victims. https://victimsofcrime.org/ (verywellfamily.com)
Benefits: • Eligibility:
Eligibility: • Intake:
Intake: • Source URLs: https://victimsofcrime.org/",,
669eb893497932edc27c,trynova.org,,National Resource Link / Victims of Crime,INCONCLUSIVE,Network/TLS/server failures prevented a reliable organization verdict.,https://trynova.org/,https://trynova.org/ => INCONCLUSIVE_OFFLINE,,,,,,,50,CONDITIONAL_OR_UNKNOWN,SOURCE_ONLY,dg_feb5bc1ed888,UNIQUE_OR_UNMERGED,name_is_url_like | contains_must_get_placeholders | no_parseable_phone_in_source_or_context | no_parseable_email_in_source_or_context | live_network_not_tested,/mnt/data/master_resource_extract (1).json,135,"Help_List_Total_corrected_normalized_forensic_output_v2.txt [Passage 1], HELP LIST FINAL.txt, Help List Total copy.txt","ORG_CONTACT: [Must_Get]
Email: [Must_Get]
Phone: [Must_Get]
Website: https://trynova.org/
Full_Address: [Must_Get]
Any Listed Contact_Names: [Must_Get]
Existing_Notes/Tips_Verbatim: [Must_Get]",,
22f1fd8c6d480fe1c984,whistlebloweraid.org,,National Resource Link / Whistleblower Support,INCONCLUSIVE,Network/TLS/server failures prevented a reliable organization verdict.,https://whistlebloweraid.org/ | https://www.whistleblowers.org/,https://whistlebloweraid.org/ => INCONCLUSIVE_OFFLINE | https://www.whistleblowers.org/ => INCONCLUSIVE_OFFLINE,,,,,,,50,CONDITIONAL_OR_UNKNOWN,SOURCE_ONLY,dg_68f784ded0b1,UNIQUE_OR_UNMERGED,name_is_url_like | contains_must_get_placeholders | multiple_domains_compound_record | no_parseable_phone_in_source_or_context | no_parseable_email_in_source_or_context | live_network_not_tested,/mnt/data/master_resource_extract (1).json,136,"Help_List_Total_corrected_normalized_forensic_output_v2.txt [Passage 1], HELP LIST FINAL.txt, Help List Total copy.txt","ORG_CONTACT: [Must_Get]
Email: [Must_Get]
Phone: [Must_Get]
Website: https://www.whistleblowers.org/
Full_Address: [Must_Get]
Any Listed Contact_Names: [Must_Get]
Existing_Notes/Tips_Verbatim: [Must_Get]",,
7e189692d926643eda32,safehorizon.org,,National Resource Link / Victims of Crime,INCONCLUSIVE,Network/TLS/server failures prevented a reliable organization verdict.,https://www.safehorizon.org/,https://www.safehorizon.org/ => INCONCLUSIVE_OFFLINE,,,,,,,50,CONDITIONAL_OR_UNKNOWN,SOURCE_ONLY,dg_d6c996e45659,UNIQUE_OR_UNMERGED,name_is_url_like | contains_must_get_placeholders | no_parseable_phone_in_source_or_context | no_parseable_email_in_source_or_context | live_network_not_tested,/mnt/data/master_resource_extract (1).json,137,"Help_List_Total_corrected_normalized_forensic_output_v2.txt [Passage 1], HELP LIST FINAL.txt, Help List Total copy.txt","ORG_CONTACT: [Must_Get]
Email: [Must_Get]
Phone: [Must_Get]
Website: https://www.safehorizon.org/
Full_Address: [Must_Get]
Any Listed Contact_Names: [Must_Get]
Existing_Notes/Tips_Verbatim: [Must_Get]",,
bdadcd080c34f3368c77,safehouseproject.org / refer,,National Resource Link / Victims of Crime,INCONCLUSIVE,Network/TLS/server failures prevented a reliable organization verdict.,https://www.safehouseproject.org/refer | https://www.safehouseproject.org/refer/,https://www.safehouseproject.org/refer => INCONCLUSIVE_OFFLINE | https://www.safehouseproject.org/refer/ => INCONCLUSIVE_OFFLINE,,,,,,,50,CONDITIONAL_OR_UNKNOWN,SOURCE_ONLY,dg_9e6191f95109,UNIQUE_OR_UNMERGED,contains_must_get_placeholders | no_parseable_phone_in_source_or_context | no_parseable_email_in_source_or_context | live_network_not_tested,/mnt/data/master_resource_extract (1).json,138,"Help_List_Total_corrected_normalized_forensic_output_v2.txt [Passage 1], HELP LIST FINAL.txt, Help List Total copy.txt","ORG_CONTACT: [Must_Get]
Email: [Must_Get]
Phone: [Must_Get]
Website: https://www.safehouseproject.org/refer/
Full_Address: [Must_Get]
Any Listed Contact_Names: [Must_Get]
Existing_Notes/Tips_Verbatim: [Must_Get]",,
m_cce2563cc809a68720,Arizona Voice for Crime Victims (AVCV),,Victim Advocacy,INCONCLUSIVE,Network/TLS/server failures prevented a reliable organization verdict.,https://voiceforvictims.org/,https://voiceforvictims.org/ => INCONCLUSIVE_OFFLINE,+1-480-600-2661,+1-480-600-2661 => PLAUSIBLE_UNVERIFIED,,,,,50,CONDITIONAL_OR_UNKNOWN,SOURCE_ONLY,dg_1c96f318ce8e,STRONG_IDENTITY_MERGE,deduplicated_strong_identity | contains_must_get_placeholders | no_parseable_email_in_source_or_context | live_network_not_tested,/mnt/data/master_resource_extract (1).json,139 | 232 | 555,"Help_List_Total_corrected_normalized_forensic_output_v2.txt [Passage 1], HELP LIST FINAL.txt, Help List Total copy.txt; HELP LIST FINAL.txt; Help List Total copy.txt","ORG_CONTACT: [Must_Get]
Email: [Must_Get]
Phone: (480) 600-2661
Website: [Must_Get]
Full_Address: [Must_Get]
Any Listed Contact_Names: [Must_Get]
Existing_Notes/Tips_Verbatim: Their site states: “For assistance completing an application for victim compensation, contact our office at 480-600-2661.”
Call: (480) 600-2661",,
4f04dcdd5a596bc59b50,nationalallianceoftraumarecoverycenters.org,,National Resource Link / Trauma Recovery,INCONCLUSIVE,Network/TLS/server failures prevented a reliable organization verdict.,https://nationalallianceoftraumarecoverycenters.org/,https://nationalallianceoftraumarecoverycenters.org/ => INCONCLUSIVE_OFFLINE,,,,,,,50,CONDITIONAL_OR_UNKNOWN,SOURCE_ONLY,dg_2e792a6a477a,UNIQUE_OR_UNMERGED,name_is_url_like | contains_must_get_placeholders | no_parseable_phone_in_source_or_context | no_parseable_email_in_source_or_context | live_network_not_tested,/mnt/data/master_resource_extract (1).json,140,"Help_List_Total_corrected_normalized_forensic_output_v2.txt [Passage 1], HELP LIST FINAL.txt, Help List Total copy.txt","ORG_CONTACT: [Must_Get]
Email: [Must_Get]
Phone: [Must_Get]
Website: https://nationalallianceoftraumarecoverycenters.org/
Full_Address: [Must_Get]
Any Listed Contact_Names: [Must_Get]
Existing_Notes/Tips_Verbatim: [Must_Get]",,
547e3ef2723e8a7ce1c0,crimesurvivors.org,,National Resource Link / Victims of Crime,INCONCLUSIVE,Network/TLS/server failures prevented a reliable organization verdict.,https://crimesurvivors.org/,https://crimesurvivors.org/ => INCONCLUSIVE_OFFLINE,,,,,,,50,CONDITIONAL_OR_UNKNOWN,SOURCE_ONLY,dg_4051d914c0c4,UNIQUE_OR_UNMERGED,name_is_url_like | contains_must_get_placeholders | no_parseable_phone_in_source_or_context | no_parseable_email_in_source_or_context | live_network_not_tested,/mnt/data/master_resource_extract (1).json,141,"Help_List_Total_corrected_normalized_forensic_output_v2.txt [Passage 1], HELP LIST FINAL.txt, Help List Total copy.txt","ORG_CONTACT: [Must_Get]
Email: [Must_Get]
Phone: [Must_Get]
Website: https://crimesurvivors.org/
Full_Address: [Must_Get]
Any Listed Contact_Names: [Must_Get]
Existing_Notes/Tips_Verbatim: [Must_Get]",,
dfc265f0f2da7ca85a21,allianceforhope.org,,National Resource Link / Victims of Crime,INCONCLUSIVE,Network/TLS/server failures prevented a reliable organization verdict.,https://www.allianceforhope.org/,https://www.allianceforhope.org/ => INCONCLUSIVE_OFFLINE,,,,,,,50,CONDITIONAL_OR_UNKNOWN,SOURCE_ONLY,dg_8b970e83ae3e,UNIQUE_OR_UNMERGED,name_is_url_like | contains_must_get_placeholders | no_parseable_phone_in_source_or_context | no_parseable_email_in_source_or_context | live_network_not_tested,/mnt/data/master_resource_extract (1).json,142,"Help_List_Total_corrected_normalized_forensic_output_v2.txt [Passage 1], HELP LIST FINAL.txt, Help List Total copy.txt","ORG_CONTACT: [Must_Get]
Email: [Must_Get]
Phone: [Must_Get]
Website: https://www.allianceforhope.org/
Full_Address: [Must_Get]
Any Listed Contact_Names: [Must_Get]
Existing_Notes/Tips_Verbatim: [Must_Get]",,
7e6c92f1b1f30b6e7a8d,acesdv.org,,National Resource Link / Domestic Violence,INCONCLUSIVE,Network/TLS/server failures prevented a reliable organization verdict.,https://acesdv.org/,https://acesdv.org/ => INCONCLUSIVE_OFFLINE,,,,,,,50,CONDITIONAL_OR_UNKNOWN,SOURCE_ONLY,dg_30faa1c93eb6,UNIQUE_OR_UNMERGED,name_is_url_like | contains_must_get_placeholders | no_parseable_phone_in_source_or_context | no_parseable_email_in_source_or_context | live_network_not_tested,/mnt/data/master_resource_extract (1).json,143,"Help_List_Total_corrected_normalized_forensic_output_v2.txt [Passage 1-2], HELP LIST FINAL.txt, Help List Total copy.txt","ORG_CONTACT: [Must_Get]
Email: [Must_Get]
Phone: [Must_Get]
Website: https://acesdv.org/
Full_Address: [Must_Get]
Any Listed Contact_Names: [Must_Get]
Existing_Notes/Tips_Verbatim: [Must_Get]",,
9b863dba8eac07e99b18,https://houseofrefuge.org/,,NATIONAL_RESOURCE_LINK,INCONCLUSIVE,Network/TLS/server failures prevented a reliable organization verdict.,https://houseofrefuge.org/,https://houseofrefuge.org/ => INCONCLUSIVE_OFFLINE,,,,,,,50,CONDITIONAL_OR_UNKNOWN,SOURCE_ONLY,dg_e353b539419e,UNIQUE_OR_UNMERGED,name_is_url_like | contains_must_get_placeholders | no_parseable_phone_in_source_or_context | no_parseable_email_in_source_or_context | live_network_not_tested,/mnt/data/master_resource_extract (1).json,144,"HELP LIST FINAL.txt, Help List Total copy.txt","ORG_CONTACT: [Must_Get]
Email: [Must_Get]
Phone: [Must_Get]
Website: https://houseofrefuge.org/
Full_Address: [Must_Get]
Any Listed Contact_Names: [Must_Get]
Existing_Notes/Tips_Verbatim: [Must_Get]",,
m_12f49a09e429f8deef,Intake: https://defendersofchildren.org/ | (602) 710,,COMMUNITIES & ADVOCACY,INCONCLUSIVE,Network/TLS/server failures prevented a reliable organization verdict.,https://www.defendersofchildren.org/ | https://defendersofchildren.org/,https://www.defendersofchildren.org/ => INCONCLUSIVE_OFFLINE | https://defendersofchildren.org/ => INCONCLUSIVE_OFFLINE,+1-602-710-1903,+1-602-710-1903 => PLAUSIBLE_UNVERIFIED,,,,,50,CONDITIONAL_OR_UNKNOWN,SOURCE_ONLY,dg_c9c26d1248e8,STRONG_IDENTITY_MERGE,deduplicated_strong_identity | name_is_url_like | contains_must_get_placeholders | no_parseable_email_in_source_or_context | live_network_not_tested,/mnt/data/master_resource_extract (1).json,145 | 397,"HELP LIST FINAL.txt, Help List Total copy.txt; FINAL RESOURCE LIST.txt","ORG_CONTACT: [Must_Get]
Email: [Must_Get]
Phone: [Must_Get]
Website: https://www.defendersofchildren.org/
Full_Address: [Must_Get]
Any Listed Contact_Names: [Must_Get]
Existing_Notes/Tips_Verbatim: [Must_Get]",,
9bd65e1773d22d5feb9b,https://www.childcrisisaz.org/,,NATIONAL_RESOURCE_LINK,INCONCLUSIVE,Network/TLS/server failures prevented a reliable organization verdict.,https://www.childcrisisaz.org/,https://www.childcrisisaz.org/ => INCONCLUSIVE_OFFLINE,,,,,,,50,CONDITIONAL_OR_UNKNOWN,SOURCE_ONLY,dg_5566fb206ff9,UNIQUE_OR_UNMERGED,name_is_url_like | contains_must_get_placeholders | no_parseable_phone_in_source_or_context | no_parseable_email_in_source_or_context | live_network_not_tested,/mnt/data/master_resource_extract (1).json,146,"HELP LIST FINAL.txt, Help List Total copy.txt","ORG_CONTACT: [Must_Get]
Email: [Must_Get]
Phone: [Must_Get]
Website: https://www.childcrisisaz.org/
Full_Address: [Must_Get]
Any Listed Contact_Names: [Must_Get]
Existing_Notes/Tips_Verbatim: [Must_Get]",,
78b29a366867b1f56bd7,https://www.missingkids.org/gethelpnow/support,,NATIONAL_RESOURCE_LINK,INCONCLUSIVE,Network/TLS/server failures prevented a reliable organization verdict.,https://www.missingkids.org/gethelpnow/support,https://www.missingkids.org/gethelpnow/support => INCONCLUSIVE_OFFLINE,,,,,,,50,CONDITIONAL_OR_UNKNOWN,SOURCE_ONLY,dg_3568febe24ef,UNIQUE_OR_UNMERGED,name_is_url_like | contains_must_get_placeholders | no_parseable_phone_in_source_or_context | no_parseable_email_in_source_or_context | live_network_not_tested,/mnt/data/master_resource_extract (1).json,147,"HELP LIST FINAL.txt, Help List Total copy.txt","ORG_CONTACT: [Must_Get]
Email: [Must_Get]
Phone: [Must_Get]
Website: https://www.missingkids.org/gethelpnow/support
Full_Address: [Must_Get]
Any Listed Contact_Names: [Must_Get]
Existing_Notes/Tips_Verbatim: [Must_Get]",,
95e7bbccedbd08da90e4,ovc.ojp.gov / directory-crime-victim-services,,National Resource Link / Victims of Crime Directory,INCONCLUSIVE,Network/TLS/server failures prevented a reliable organization verdict.,https://ovc.ojp.gov/directory-crime-victim-services,https://ovc.ojp.gov/directory-crime-victim-services => INCONCLUSIVE_OFFLINE,,,,,,,50,CONDITIONAL_OR_UNKNOWN,SOURCE_ONLY,dg_5175ea65e040,UNIQUE_OR_UNMERGED,contains_must_get_placeholders | no_parseable_phone_in_source_or_context | no_parseable_email_in_source_or_context | live_network_not_tested,/mnt/data/master_resource_extract (1).json,148,"Help_List_Total_corrected_normalized_forensic_output_v2.txt [Passage 2], HELP LIST FINAL.txt, Help List Total copy.txt","ORG_CONTACT: [Must_Get]
Email: [Must_Get]
Phone: [Must_Get]
Website: https://ovc.ojp.gov/directory-crime-victim-services
Full_Address: [Must_Get]
Any Listed Contact_Names: [Must_Get]
Existing_Notes/Tips_Verbatim: [Must_Get]",,
bbcde1179d3395df0f9a,mesaaz.gov / Careers-Benefits/Employee-Benefits/Active/PEER-Support,,Local Resource Link / Peer Support,INCONCLUSIVE,Network/TLS/server failures prevented a reliable organization verdict.,https://www.mesaaz.gov/Careers-Benefits/Employee-Benefits/Active/PEER-Support,https://www.mesaaz.gov/Careers-Benefits/Employee-Benefits/Active/PEER-Support => INCONCLUSIVE_OFFLINE,,,,,,,50,CONDITIONAL_OR_UNKNOWN,SOURCE_ONLY,dg_377464e6c516,UNIQUE_OR_UNMERGED,contains_must_get_placeholders | no_parseable_phone_in_source_or_context | no_parseable_email_in_source_or_context | live_network_not_tested,/mnt/data/master_resource_extract (1).json,149,"Help_List_Total_corrected_normalized_forensic_output_v2.txt [Passage 2], HELP LIST FINAL.txt, Help List Total copy.txt","ORG_CONTACT: [Must_Get]
Email: [Must_Get]
Phone: [Must_Get]
Website: https://www.mesaaz.gov/Careers-Benefits/Employee-Benefits/Active/PEER-Support
Full_Address: [Must_Get]
Any Listed Contact_Names: [Must_Get]
Existing_Notes/Tips_Verbatim: [Must_Get]",,
b3aecb0f192206e43b3d,psychologytoday.com / us/groups/az/mesa?category=trauma-and-ptsd,,Local Resource Link / Trauma and PTSD Support Groups,INCONCLUSIVE,Network/TLS/server failures prevented a reliable organization verdict.,https://www.psychologytoday.com/us/groups/az/mesa | https://www.psychologytoday.com/us/groups/az/mesa?category=trauma-and-ptsd,https://www.psychologytoday.com/us/groups/az/mesa => INCONCLUSIVE_OFFLINE | https://www.psychologytoday.com/us/groups/az/mesa?category=trauma-and-ptsd => INCONCLUSIVE_OFFLINE,,,,,,,50,CONDITIONAL_OR_UNKNOWN,SOURCE_ONLY,dg_12671dedb492,UNIQUE_OR_UNMERGED,contains_must_get_placeholders | no_parseable_phone_in_source_or_context | no_parseable_email_in_source_or_context | live_network_not_tested,/mnt/data/master_resource_extract (1).json,150,"Help_List_Total_corrected_normalized_forensic_output_v2.txt [Passage 2], HELP LIST FINAL.txt, Help List Total copy.txt","ORG_CONTACT: [Must_Get]
Email: [Must_Get]
Phone: [Must_Get]
Website: https://www.psychologytoday.com/us/groups/az/mesa?category=trauma-and-ptsd
Full_Address: [Must_Get]
Any Listed Contact_Names: [Must_Get]
Existing_Notes/Tips_Verbatim: [Must_Get]",,
965c59e7183d1d5f1071,https://turnanewleaf.org/services/sexual-and-domestic-violence-services/,,LOCAL_RESOURCE_LINK,INCONCLUSIVE,Network/TLS/server failures prevented a reliable organization verdict.,https://turnanewleaf.org/services/sexual-and-domestic-violence-services | https://turnanewleaf.org/services/sexual-and-domestic-violence-services/,https://turnanewleaf.org/services/sexual-and-domestic-violence-services => INCONCLUSIVE_OFFLINE | https://turnanewleaf.org/services/sexual-and-domestic-violence-services/ => INCONCLUSIVE_OFFLINE,,,,,,,50,CONDITIONAL_OR_UNKNOWN,SOURCE_ONLY,dg_185f09622d27,UNIQUE_OR_UNMERGED,name_is_url_like | contains_must_get_placeholders | no_parseable_phone_in_source_or_context | no_parseable_email_in_source_or_context | live_network_not_tested,/mnt/data/master_resource_extract (1).json,151,"HELP LIST FINAL.txt, Help List Total copy.txt","ORG_CONTACT: [Must_Get]
Email: [Must_Get]
Phone: [Must_Get]
Website: https://turnanewleaf.org/services/sexual-and-domestic-violence-services/
Full_Address: [Must_Get]
Any Listed Contact_Names: [Must_Get]
Existing_Notes/Tips_Verbatim: [Must_Get]",,
791e654f7b933f8765cd,mesaaz.gov / Resident-Resources/Housing/Human-Services/Office-of-Homeless-Solutions/Off-the-Streets,,Local Resource Link / Homeless Solutions,INCONCLUSIVE,Network/TLS/server failures prevented a reliable organization verdict.,https://www.mesaaz.gov/Resident-Resources/Housing/Human-Services/Office-of-Homeless-Solutions/Off-the-Streets,https://www.mesaaz.gov/Resident-Resources/Housing/Human-Services/Office-of-Homeless-Solutions/Off-the-Streets => INCONCLUSIVE_OFFLINE,,,,,,,50,CONDITIONAL_OR_UNKNOWN,SOURCE_ONLY,dg_3bd4d21214aa,UNIQUE_OR_UNMERGED,contains_must_get_placeholders | no_parseable_phone_in_source_or_context | no_parseable_email_in_source_or_context | live_network_not_tested,/mnt/data/master_resource_extract (1).json,152,"Help_List_Total_corrected_normalized_forensic_output_v2.txt [Passage 2], HELP LIST FINAL.txt, Help List Total copy.txt","ORG_CONTACT: [Must_Get]
Email: [Must_Get]
Phone: [Must_Get]
Website: https://www.mesaaz.gov/Resident-Resources/Housing/Human-Services/Office-of-Homeless-Solutions/Off-the-Streets
Full_Address: [Must_Get]
Any Listed Contact_Names: [Must_Get]
Existing_Notes/Tips_Verbatim: [Must_Get]",,
79a5bcdd80225d0e3008,namivos.org / resources/community-resources/mental-health-and-peer-run-organizations/,,Local Resource Link / Mental Health,INCONCLUSIVE,Network/TLS/server failures prevented a reliable organization verdict.,https://namivos.org/resources/community-resources/mental-health-and-peer-run-organizations | https://namivos.org/resources/community-resources/mental-health-and-peer-run-organizations/,https://namivos.org/resources/community-resources/mental-health-and-peer-run-organizations => INCONCLUSIVE_OFFLINE | https://namivos.org/resources/community-resources/mental-health-and-peer-run-organizations/ => INCONCLUSIVE_OFFLINE,,,,,,,50,CONDITIONAL_OR_UNKNOWN,SOURCE_ONLY,dg_a3ac0b08991a,UNIQUE_OR_UNMERGED,contains_must_get_placeholders | no_parseable_phone_in_source_or_context | no_parseable_email_in_source_or_context | live_network_not_tested,/mnt/data/master_resource_extract (1).json,153,"Help_List_Total_corrected_normalized_forensic_output_v2.txt [Passage 2], HELP LIST FINAL.txt, Help List Total copy.txt","ORG_CONTACT: [Must_Get]
Email: [Must_Get]
Phone: [Must_Get]
Website: https://namivos.org/resources/community-resources/mental-health-and-peer-run-organizations/
Full_Address: [Must_Get]
Any Listed Contact_Names: [Must_Get]
Existing_Notes/Tips_Verbatim: [Must_Get]",,
2f5e414bdf4b77c26bdd,Lawyers Committee for Civil Rights of the SF Bay Area (LCCRSF),,CIVIL_RIGHTS_LEGAL_REFERRAL,INCONCLUSIVE,Network/TLS/server failures prevented a reliable organization verdict.,https://lccrsf.org/contact,https://lccrsf.org/contact => INCONCLUSIVE_OFFLINE,+1-415-543-9444,+1-415-543-9444 => PLAUSIBLE_UNVERIFIED,,,,,50,CONDITIONAL_OR_UNKNOWN,SOURCE_ONLY,dg_75550c63880f,UNIQUE_OR_UNMERGED,contains_must_get_placeholders | no_parseable_email_in_source_or_context | live_network_not_tested,/mnt/data/master_resource_extract (1).json,154,"HELP LIST FINAL.txt, Help_List_Total_corrected_normalized_forensic_output_v2.txt [Passage 2], Help List Total copy.txt","ORG_CONTACT: [Must_Get]
Email: [Must_Get]
Phone: (415) 543-9444
Website: lccrsf.org/contact
Full_Address: [Must_Get]
Any Listed Contact_Names: [Must_Get]
Existing_Notes/Tips_Verbatim: SAY: Documented multi state civil rights case (custody + due process). Request impact litigation intake; evidence index ready.
EMAIL SUBJECT: Impact Civil Rights Intake Multi State (Bender)
OPEN: Date stamped AZ WA PA violations (351 days). Pro bono/impact review requested; concise deck + timeline available.",,
526db7832516d46f82be,Law Foundation of Silicon Valley Help,,CIVIL_RIGHTS_LEGAL_REFERRAL,INCONCLUSIVE,Network/TLS/server failures prevented a reliable organization verdict.,https://lawfoundation.org/help,https://lawfoundation.org/help => INCONCLUSIVE_OFFLINE,+1-408-293-4790 | +1-415-543-9444,+1-408-293-4790 => PLAUSIBLE_UNVERIFIED | +1-415-543-9444 => PLAUSIBLE_UNVERIFIED,,,,,50,CONDITIONAL_OR_UNKNOWN,SOURCE_ONLY,dg_8662f06a7242,UNIQUE_OR_UNMERGED,no_parseable_email_in_source_or_context | live_network_not_tested,/mnt/data/master_resource_extract (1).json,155,"HELP LIST FINAL.txt, Help_List_Total_corrected_normalized_forensic_output_v2.txt [Passage 2], Help List Total copy.txt","7. Law Foundation of Silicon Valley Help
(408) 293-4790 lawfoundation.org/help
(415) 543-9444 lccrsf.org/contact
SAY: Documented multi state civil rights case
(custody + due process). Request
SAY: Civil rights + housing/benefits fallout from legal abuse. Request advice and co counsel referrals; records organized.
impact litigation intake; evidence index
EMAIL SUBJECT: Request Help Civil Rights /
ready.
Family Impact
EMAIL SUBJECT: Impact Civil Rights Intake
Multi State (Bender)
OPEN: Brief memo + timeline available; seeking strategy consult/referrals.
OPEN: Date stamped AZ WA PA violations (351 days). Pro bono/impact review requested; concise deck + timeline available.",,
b09a1bba834fee4567b4,ACLU of Northern California Get Help,,CIVIL_RIGHTS_LEGAL_REFERRAL,INCONCLUSIVE,Network/TLS/server failures prevented a reliable organization verdict.,https://aclunc.org/our,https://aclunc.org/our => INCONCLUSIVE_OFFLINE,+1-415-621-2488,+1-415-621-2488 => PLAUSIBLE_UNVERIFIED,,,,,50,CONDITIONAL_OR_UNKNOWN,SOURCE_ONLY,dg_f99385a871c7,UNIQUE_OR_UNMERGED,contains_must_get_placeholders | source_url_contains_unescaped_whitespace | no_parseable_email_in_source_or_context | live_network_not_tested,/mnt/data/master_resource_extract (1).json,156,"HELP LIST FINAL.txt, Help_List_Total_corrected_normalized_forensic_output_v2.txt [Passage 2-3], Help List Total copy.txt","ORG_CONTACT: [Must_Get]
Email: [Must_Get]
Phone: (415) 621-2488
Website: aclunc.org/our work/get help
Full_Address: [Must_Get]
Any Listed Contact_Names: [Must_Get]
Existing_Notes/Tips_Verbatim: SAY: Pattern of government abuse + judicial conflict. Request intake screening; timeline/evidence index ready.
EMAIL SUBJECT: Intake Screening Pattern Civil Rights Violations
OPEN: Short case summary attached; requesting review for potential action.",,
m_d3898d4a90d7cb8f0c,"Keker, Van Nest & Peters LLP Impact Civil Rights",,CIVIL_RIGHTS_LEGAL_REFERRAL,INCONCLUSIVE,Network/TLS/server failures prevented a reliable organization verdict.,https://keker.com/contact,https://keker.com/contact => INCONCLUSIVE_OFFLINE,+1-415-391-5400,+1-415-391-5400 => PLAUSIBLE_UNVERIFIED,,,,,50,CONDITIONAL_OR_UNKNOWN,SOURCE_ONLY,dg_b621955ba928,STRONG_IDENTITY_MERGE,deduplicated_strong_identity | contains_must_get_placeholders | no_parseable_email_in_source_or_context | live_network_not_tested,/mnt/data/master_resource_extract (1).json,157 | 539,"HELP LIST FINAL.txt, Help_List_Total_corrected_normalized_forensic_output_v2.txt [Passage 3]; Help List Total copy.txt","2. Keker, Van Nest & Peters LLP Impact
aclunc.org/our work/get help
Civil Rights
(415) 391-5400 keker.com/contact
SAY: Pattern of government abuse + judicial conflict. Request intake screening; timeline/evidence index ready.
SAY: §1983/§1985, judicial donation conflict & coordinated state action; damages > $50k. Request pro bono triage.
EMAIL SUBJECT: Intake Screening Pattern
Civil Rights Violations
OPEN: Short case summary attached; requesting review for potential action.
EMAIL SUBJECT: Pro Bono §1983/§1985,
Judicial Bias & Custody
OPEN: Brief deck + evidence grid ready for civil rights team.",,
b0feac4e16f6cec28293,Santa Clara County Bar Association Lawyer Referral Service,,CIVIL_RIGHTS_LEGAL_REFERRAL,INCONCLUSIVE,Network/TLS/server failures prevented a reliable organization verdict.,https://sccba.com/page/LRS,https://sccba.com/page/LRS => INCONCLUSIVE_OFFLINE,+1-669-302-7803,+1-669-302-7803 => PLAUSIBLE_UNVERIFIED,,,,,50,CONDITIONAL_OR_UNKNOWN,SOURCE_ONLY,dg_9ec0dc246076,UNIQUE_OR_UNMERGED,contains_must_get_placeholders | no_parseable_email_in_source_or_context | live_network_not_tested,/mnt/data/master_resource_extract (1).json,158,"HELP LIST FINAL.txt, Help_List_Total_corrected_normalized_forensic_output_v2.txt [Passage 3]","ORG_CONTACT: [Must_Get]
Email: [Must_Get]
Phone: (669) 302-7803
Website: sccba.com/page/LRS
Full_Address: [Must_Get]
Any Listed Contact_Names: [Must_Get]
Existing_Notes/Tips_Verbatim: SAY: Referrals needed: (1) §1983/§1985 litigators, (2) high conflict family counsel willing to coordinate. Indigent.
EMAIL SUBJECT: Referral Request Civil Rights & Family
OPEN: One page brief available; prefer counsel experienced coordinating parallel actions.",,
0f5b6182e8431bf713fc,Bay Area Legal Aid Santa Clara Office,,CIVIL_RIGHTS_LEGAL_REFERRAL,INCONCLUSIVE,Network/TLS/server failures prevented a reliable organization verdict.,https://baylegal.org/resources/santa,https://baylegal.org/resources/santa => INCONCLUSIVE_OFFLINE,+1-408-283-3700 | +1-669-302-7803,+1-408-283-3700 => PLAUSIBLE_UNVERIFIED | +1-669-302-7803 => PLAUSIBLE_UNVERIFIED,,,,,54,CONDITIONAL_OR_UNKNOWN,SOURCE_ONLY,dg_0f70abb59916,UNIQUE_OR_UNMERGED,source_url_contains_unescaped_whitespace | no_parseable_email_in_source_or_context | live_network_not_tested,/mnt/data/master_resource_extract (1).json,159,"HELP LIST FINAL.txt, Help_List_Total_corrected_normalized_forensic_output_v2.txt [Passage 3], Help List Total copy.txt","3. Bay Area Legal Aid Santa Clara Office
(669) 302-7803 sccba.com/page/LRS
(408) 283-3700 baylegal.org/resources/sant
a clara county office
SAY: Referrals needed: (1) §1983/§1985 litigators, (2) high conflict family counsel willing to coordinate. Indigent.
SAY: Disabled parent in Santa Clara impacted by out of state orders. Need emergency filing guidance + referrals.
EMAIL SUBJECT: Referral Request Civil Rights
& Family
OPEN: One page brief available; prefer counsel experienced coordinating parallel actions.
EMAIL SUBJECT: Intake Custody/Protection + Disability Accommodation
OPEN: Request phone intake & accommodations; consolidated packet available.",,
aa71bf3d38b5be419668,DOJ Civil Rights Division Report a Violation (not counsel),,CIVIL_RIGHTS_LEGAL_REFERRAL,INCONCLUSIVE,Network/TLS/server failures prevented a reliable organization verdict.,https://civilrights.justice.gov/report,https://civilrights.justice.gov/report => INCONCLUSIVE_OFFLINE,+1-855-856-1247,+1-855-856-1247 => PLAUSIBLE_UNVERIFIED,,,,,50,CONDITIONAL_OR_UNKNOWN,SOURCE_ONLY,dg_945c836c365d,UNIQUE_OR_UNMERGED,contains_must_get_placeholders | no_parseable_email_in_source_or_context | live_network_not_tested,/mnt/data/master_resource_extract (1).json,160,"HELP LIST FINAL.txt, Help_List_Total_corrected_normalized_forensic_output_v2.txt [Passage 3]","ORG_CONTACT: [Must_Get]
Email: [Must_Get]
Phone: 1 855 856 1247
Website: civilrights.justice.gov/report
Full_Address: [Must_Get]
Any Listed Contact_Names: [Must_Get]
Existing_Notes/Tips_Verbatim: SAY: Reporting multi state due process violations & judicial corruption indicators; request acknowledgement/referral guidance.
EMAIL SUBJECT: Report Filed Multi State Civil Rights Violations
OPEN: Reference online submission; additional exhibits available upon request.",,
d195d000bbb7d0fbdfe7,Pro Bono Project Silicon Valley (Family Law),,Civil Rights Legal Referral,INCONCLUSIVE,Network/TLS/server failures prevented a reliable organization verdict.,https://probonoproject.org/,https://probonoproject.org/ => INCONCLUSIVE_OFFLINE,+1-408-998-5298 | +1-855-856-1247,+1-408-998-5298 => PLAUSIBLE_UNVERIFIED | +1-855-856-1247 => PLAUSIBLE_UNVERIFIED,,,,,54,CONDITIONAL_OR_UNKNOWN,SOURCE_ONLY,dg_b726068102da,UNIQUE_OR_UNMERGED,no_parseable_email_in_source_or_context | live_network_not_tested,/mnt/data/master_resource_extract (1).json,161,"Help_List_Total_corrected_normalized_forensic_output_v2.txt [Passage 3], HELP LIST FINAL.txt, Help List Total copy.txt","4. Pro Bono Project Silicon Valley (Family
1 855 856 1247
Law)
civilrights.justice.gov/report
(408) 998-5298 probonoproject.org
SAY: Reporting multi state due process
violations & judicial corruption indicators; request acknowledgement/referral guidance.
SAY: High conflict custody with coercive control. Seeking representation/clinic placement; evidence matrix ready.
EMAIL SUBJECT: Report Filed Multi State
Civil Rights Violations
EMAIL SUBJECT: Family Law Pro Bono Emergency
Triage
OPEN: Reference online submission; additional exhibits available upon request.
OPEN: Docket + fact sheet attached; please advise next clinic/placement.",,
042d7406c304535769f5,Federal Pro Se Program San Jose Courthouse,,CIVIL_RIGHTS_LEGAL_REFERRAL,INCONCLUSIVE,Network/TLS/server failures prevented a reliable organization verdict.,https://cand.uscourts.gov/pro,https://cand.uscourts.gov/pro => INCONCLUSIVE_OFFLINE,+1-408-297-1480,+1-408-297-1480 => PLAUSIBLE_UNVERIFIED,,,,,50,CONDITIONAL_OR_UNKNOWN,SOURCE_ONLY,dg_4dd12a02fee6,UNIQUE_OR_UNMERGED,contains_must_get_placeholders | source_url_contains_unescaped_whitespace | no_parseable_email_in_source_or_context | live_network_not_tested,/mnt/data/master_resource_extract (1).json,162,"HELP LIST FINAL.txt, Help_List_Total_corrected_normalized_forensic_output_v2.txt [Passage 3-4], Help List Total copy.txt","ORG_CONTACT: [Must_Get]
Email: [Must_Get]
Phone: (408) 297-1480
Website: cand.uscourts.gov/pro se litigants/the federal pro se program at the san jose courthouse
Full_Address: [Must_Get]
Any Listed Contact_Names: [Must_Get]
Existing_Notes/Tips_Verbatim: SAY: If filing in NDCA: need help structuring §1983 complaint, IFP, and provisional relief; documents ready.
EMAIL SUBJECT: Request Appointment Federal Pro Se Program
OPEN: Guidance on complaint structure, IFP packet, and TRO materials requested.",,
bcf978a6ab909633f94c,Disability Rights California Get Help,,CIVIL_RIGHTS_LEGAL_REFERRAL,INCONCLUSIVE,Network/TLS/server failures prevented a reliable organization verdict.,https://disabilityrightsca.org/get,https://disabilityrightsca.org/get => INCONCLUSIVE_OFFLINE,+1-800-776-5746 | +1-408-297-1480,+1-800-776-5746 => PLAUSIBLE_UNVERIFIED | +1-408-297-1480 => PLAUSIBLE_UNVERIFIED,,,,,50,CONDITIONAL_OR_UNKNOWN,SOURCE_ONLY,dg_ec37f8542e4c,UNIQUE_OR_UNMERGED,source_url_contains_unescaped_whitespace | no_parseable_email_in_source_or_context | live_network_not_tested,/mnt/data/master_resource_extract (1).json,163,"HELP LIST FINAL.txt, Help_List_Total_corrected_normalized_forensic_output_v2.txt [Passage 4], Help List Total copy.txt","5. Disability Rights California Get Help
(408) 297-1480 cand.uscourts.gov/pro se li
1 800 776 5746
tigants/the federal pro se program at the san
disabilityrightsca.org/get help
jose courthouse
SAY: Disability based barriers to court access/services. Need accommodations advocacy & letters; health collapse documented.
SAY: If filing in NDCA: need help structuring §1983 complaint, IFP, and provisional relief; documents ready.
EMAIL SUBJECT: Accommodation Advocacy Court
EMAIL SUBJECT: Request Appointment Federal
Access
Pro Se Program
OPEN: Medical documentation on file; seeking letters and enforcement guidance.
OPEN: Guidance on complaint structure, IFP packet, and TRO materials requested.",,
m_ce2f02931083538757,Santa Clara Superior Court Self Help / Family Law Facilitator,,CIVIL_RIGHTS_LEGAL_REFERRAL,INCONCLUSIVE,Network/TLS/server failures prevented a reliable organization verdict.,https://santaclara.courts.ca.gov/self,https://santaclara.courts.ca.gov/self => INCONCLUSIVE_OFFLINE,+1-408-882-2926,+1-408-882-2926 => PLAUSIBLE_UNVERIFIED,,,,,50,CONDITIONAL_OR_UNKNOWN,SOURCE_ONLY,dg_f50aa3530865,STRONG_IDENTITY_MERGE,deduplicated_strong_identity | contains_must_get_placeholders | source_url_contains_unescaped_whitespace | no_parseable_email_in_source_or_context | live_network_not_tested,/mnt/data/master_resource_extract (1).json,164 | 542,"HELP LIST FINAL.txt, Help_List_Total_corrected_normalized_forensic_output_v2.txt [Passage 4]; Help List Total copy.txt","6. Santa Clara Superior Court Self Help /
Family Law Facilitator
(408) 882-2926 (option 3) santaclara.court
s.ca.gov/self help/self help centerflf office
================================================================================================
================================================================================================",,
5233aa4b68353be1ee86,Valley of the Sun United Way,,HOUSING,INCONCLUSIVE,Network/TLS/server failures prevented a reliable organization verdict.,https://vsuw.org/contact-us | https://vsuw.org/contact-us/,https://vsuw.org/contact-us => INCONCLUSIVE_OFFLINE | https://vsuw.org/contact-us/ => INCONCLUSIVE_OFFLINE,+1-602-631-4800 | +1-800-932-7483,+1-602-631-4800 => PLAUSIBLE_UNVERIFIED | +1-800-932-7483 => PLAUSIBLE_UNVERIFIED,,,,,50,CONDITIONAL_OR_UNKNOWN,SOURCE_ONLY,dg_3fef312f7e94,UNIQUE_OR_UNMERGED,contains_must_get_placeholders | no_parseable_email_in_source_or_context | live_network_not_tested,/mnt/data/master_resource_extract (1).json,165,"HELP LIST FINAL.txt, Help_List_Total_corrected_normalized_forensic_output_v2.txt [Passage 4]","ORG_CONTACT: General line
Email: [Must_Get]
Phone: 602-631-4800
Website: https://vsuw.org/contact-us/
Full_Address: [Must_Get]
Any Listed Contact_Names: [Must_Get]
Existing_Notes/Tips_Verbatim: Status: Verified • Verified 2025-09-09 · General line · https://vsuw.org/contact-us/",,
e8047df449c362e760fe,CASS East Valley Men's Center,,HOUSING,INCONCLUSIVE,Network/TLS/server failures prevented a reliable organization verdict.,https://www.cassaz.org/emergency-shelters | https://www.cassaz.org/emergency-shelters/,https://www.cassaz.org/emergency-shelters => INCONCLUSIVE_OFFLINE | https://www.cassaz.org/emergency-shelters/ => INCONCLUSIVE_OFFLINE,+1-480-610-6722,+1-480-610-6722 => PLAUSIBLE_UNVERIFIED,,,,,54,CONDITIONAL_OR_UNKNOWN,SOURCE_ONLY,dg_32d8e9cb744f,UNIQUE_OR_UNMERGED,contains_must_get_placeholders | no_parseable_email_in_source_or_context | live_network_not_tested,/mnt/data/master_resource_extract (1).json,166,"HELP LIST FINAL.txt, Help_List_Total_corrected_normalized_forensic_output_v2.txt [Passage 4]","ORG_CONTACT: Shelter line
Email: [Must_Get]
Phone: 480-610-6722
Website: https://www.cassaz.org/emergency-shelters/
Full_Address: [Must_Get]
Any Listed Contact_Names: [Must_Get]
Existing_Notes/Tips_Verbatim: Status: Verified • Verified 2025-09-09 · Shelter line · https://www.cassaz.org/emergency-shelters/",,
e1d87c4163f13122a8c5,The Salvation Army Phoenix Family Services,,HOUSING,INCONCLUSIVE,Network/TLS/server failures prevented a reliable organization verdict.,https://phoenixsa.volunteerfirst.org/contact-us,https://phoenixsa.volunteerfirst.org/contact-us => INCONCLUSIVE_OFFLINE,+1-602-267-4100,+1-602-267-4100 => PLAUSIBLE_UNVERIFIED,,,,,50,CONDITIONAL_OR_UNKNOWN,SOURCE_ONLY,dg_77e3225ee53b,UNIQUE_OR_UNMERGED,contains_must_get_placeholders | no_parseable_email_in_source_or_context | live_network_not_tested,/mnt/data/master_resource_extract (1).json,167,HELP LIST FINAL.txt,"ORG_CONTACT: Family Services
Email: [Must_Get]
Phone: 602-267-4100
Website: https://phoenixsa.volunteerfirst.org/contact-us
Full_Address: [Must_Get]
Any Listed Contact_Names: [Must_Get]
Existing_Notes/Tips_Verbatim: Status: Verified • Verified 2025-09-09 · Family Services · https://phoenixsa.volunteerfirst.org/contact-us",,
69a8975be798b502a148,House of Refuge (Mesa),,HOUSING,INCONCLUSIVE,Network/TLS/server failures prevented a reliable organization verdict.,https://houseofrefuge.org/contact | https://houseofrefuge.org/contact/,https://houseofrefuge.org/contact => INCONCLUSIVE_OFFLINE | https://houseofrefuge.org/contact/ => INCONCLUSIVE_OFFLINE,+1-480-988-9242,+1-480-988-9242 => PLAUSIBLE_UNVERIFIED,,,,,50,CONDITIONAL_OR_UNKNOWN,SOURCE_ONLY,dg_6c0e41f38ed8,UNIQUE_OR_UNMERGED,contains_must_get_placeholders | no_parseable_email_in_source_or_context | live_network_not_tested,/mnt/data/master_resource_extract (1).json,168,HELP LIST FINAL.txt,"ORG_CONTACT: Main line
Email: [Must_Get]
Phone: 480-988-9242
Website: https://houseofrefuge.org/contact/
Full_Address: [Must_Get]
Any Listed Contact_Names: [Must_Get]
Existing_Notes/Tips_Verbatim: Status: Verified • Verified 2025-09-09 · Main line · https://houseofrefuge.org/contact/",,
e3af05428d635bf34778,UMOM New Day Centers,,HOUSING,INCONCLUSIVE,Network/TLS/server failures prevented a reliable organization verdict.,https://umom.org/contact | https://umom.org/contact/,https://umom.org/contact => INCONCLUSIVE_OFFLINE | https://umom.org/contact/ => INCONCLUSIVE_OFFLINE,+1-602-275-7852 | +1-602-275-4533,+1-602-275-7852 => PLAUSIBLE_UNVERIFIED | +1-602-275-4533 => PLAUSIBLE_UNVERIFIED,,,,,50,CONDITIONAL_OR_UNKNOWN,SOURCE_ONLY,dg_ec67b55a8464,UNIQUE_OR_UNMERGED,contains_must_get_placeholders | no_parseable_email_in_source_or_context | live_network_not_tested,/mnt/data/master_resource_extract (1).json,169,HELP LIST FINAL.txt,"ORG_CONTACT: Main and additional lines
Email: [Must_Get]
Phone: 602-275-7852 | 602-275-4533
Website: https://umom.org/contact/
Full_Address: [Must_Get]
Any Listed Contact_Names: [Must_Get]
Existing_Notes/Tips_Verbatim: Status: Verified • Verified 2025-09-09 · Main and additional lines · https://umom.org/contact/",,
m_b4543d10130a0b4c8c,Family Housing Hub (Maricopa),,HOUSING,INCONCLUSIVE,Network/TLS/server failures prevented a reliable organization verdict.,https://solari-inc.org/family-housing-hub | https://solari-inc.org/family-housing-hub/,https://solari-inc.org/family-housing-hub => INCONCLUSIVE_OFFLINE | https://solari-inc.org/family-housing-hub/ => INCONCLUSIVE_OFFLINE,+1-602-595-8700,+1-602-595-8700 => PLAUSIBLE_UNVERIFIED,,,,,50,CONDITIONAL_OR_UNKNOWN,SOURCE_ONLY,dg_1271677b218d,STRONG_IDENTITY_MERGE,deduplicated_strong_identity | contains_must_get_placeholders | no_parseable_email_in_source_or_context | live_network_not_tested,/mnt/data/master_resource_extract (1).json,170 | 269,HELP LIST FINAL.txt; Arizona Support Programs & Warm Lines.md,"ORG_CONTACT: Coordinated entry
Email: [Must_Get]
Phone: 602-595-8700
Website: https://solari-inc.org/family-housing-hub/
Full_Address: [Must_Get]
Any Listed Contact_Names: [Must_Get]
Existing_Notes/Tips_Verbatim: Status: Verified • Verified 2025-09-09 · Coordinated entry · https://solari-inc.org/family-housing-hub/",,
7c5ac1005acef7899c0a,HUD Phoenix Field Office,,HOUSING,INCONCLUSIVE,Network/TLS/server failures prevented a reliable organization verdict.,https://www.hud.gov/states/arizona/offices,https://www.hud.gov/states/arizona/offices => INCONCLUSIVE_OFFLINE,+1-602-379-7100,+1-602-379-7100 => PLAUSIBLE_UNVERIFIED,,,,,50,CONDITIONAL_OR_UNKNOWN,SOURCE_ONLY,dg_c14fd8a524ca,UNIQUE_OR_UNMERGED,contains_must_get_placeholders | no_parseable_email_in_source_or_context | live_network_not_tested,/mnt/data/master_resource_extract (1).json,171,HELP LIST FINAL.txt,"ORG_CONTACT: Field office; ask about local PHAs/Section 8
Email: [Must_Get]
Phone: 602-379-7100
Website: https://www.hud.gov/states/arizona/offices
Full_Address: [Must_Get]
Any Listed Contact_Names: [Must_Get]
Existing_Notes/Tips_Verbatim: Status: Verified • Verified 2025-09-09 · Field office; ask about local PHAs/Section 8 ·
https://www.hud.gov/states/arizona/offices",,
b6ffba378662cd28fca1,St. Mary's Food Bank,,FOOD_EARLY_CHILDHOOD,INCONCLUSIVE,Network/TLS/server failures prevented a reliable organization verdict.,https://www.stmarysfoodbank.org/about-us/contact | https://www.stmarysfoodbank.org/about-us/contact/,https://www.stmarysfoodbank.org/about-us/contact => INCONCLUSIVE_OFFLINE | https://www.stmarysfoodbank.org/about-us/contact/ => INCONCLUSIVE_OFFLINE,+1-602-242-3663,+1-602-242-3663 => PLAUSIBLE_UNVERIFIED,,,,,50,CONDITIONAL_OR_UNKNOWN,SOURCE_ONLY,dg_0c2da2453b06,UNIQUE_OR_UNMERGED,contains_must_get_placeholders | no_parseable_email_in_source_or_context | live_network_not_tested,/mnt/data/master_resource_extract (1).json,172,HELP LIST FINAL.txt,"ORG_CONTACT: Main number
Email: [Must_Get]
Phone: 602-242-3663
Website: https://www.stmarysfoodbank.org/about-us/contact/
Full_Address: [Must_Get]
Any Listed Contact_Names: [Must_Get]
Existing_Notes/Tips_Verbatim: Status: Verified • Verified 2025-09-09 · Main number · https://www.stmarysfoodbank.org/about-us/contact/",,
aada49379f35b5d554a8,Tempe Community Action Program,,FOOD_EARLY_CHILDHOOD,INCONCLUSIVE,Network/TLS/server failures prevented a reliable organization verdict.,https://www.tempecommunitycouncil.org/programs/tempe-community-action-agency | https://www.tempecommunitycouncil.org/programs/tempe-community-action-agency/,https://www.tempecommunitycouncil.org/programs/tempe-community-action-agency => INCONCLUSIVE_OFFLINE | https://www.tempecommunitycouncil.org/programs/tempe-community-action-agency/ => INCONCLUSIVE_OFFLINE,+1-480-350-5882,+1-480-350-5882 => PLAUSIBLE_UNVERIFIED,,,,,50,CONDITIONAL_OR_UNKNOWN,SOURCE_ONLY,dg_629072ffde42,UNIQUE_OR_UNMERGED,contains_must_get_placeholders | no_parseable_email_in_source_or_context | live_network_not_tested,/mnt/data/master_resource_extract (1).json,173,HELP LIST FINAL.txt,"ORG_CONTACT: CAP office
Email: [Must_Get]
Phone: 480-350-5882
Website: https://www.tempecommunitycouncil.org/programs/tempe-community-action-agency/
Full_Address: [Must_Get]
Any Listed Contact_Names: [Must_Get]
Existing_Notes/Tips_Verbatim: Status: Verified • Verified 2025-09-09 · CAP office ·
https://www.tempecommunitycouncil.org/programs/tempe-community-action-agency/",,
d0b3023a33b4351a9b08,Society of St. Vincent de Paul (Phoenix) HOPE line,,FOOD_EARLY_CHILDHOOD,INCONCLUSIVE,Network/TLS/server failures prevented a reliable organization verdict.,https://www.stvincentdepaul.net/contact,https://www.stvincentdepaul.net/contact => INCONCLUSIVE_OFFLINE,+1-602-266-4673,+1-602-266-4673 => PLAUSIBLE_UNVERIFIED,,,,,50,CONDITIONAL_OR_UNKNOWN,SOURCE_ONLY,dg_5964f590d5e5,UNIQUE_OR_UNMERGED,contains_must_get_placeholders | no_parseable_email_in_source_or_context | live_network_not_tested,/mnt/data/master_resource_extract (1).json,174,HELP LIST FINAL.txt,"ORG_CONTACT: Assistance line
Email: [Must_Get]
Phone: 602-266-4673
Website: https://www.stvincentdepaul.net/contact
Full_Address: [Must_Get]
Any Listed Contact_Names: [Must_Get]
Existing_Notes/Tips_Verbatim: Status: Verified • Verified 2025-09-09 · Assistance line · https://www.stvincentdepaul.net/contact",,
f0a44f30a18685f6c9f3,United Food Bank,,FOOD_EARLY_CHILDHOOD,INCONCLUSIVE,Network/TLS/server failures prevented a reliable organization verdict.,https://unitedfoodbank.org/contact | https://unitedfoodbank.org/contact/,https://unitedfoodbank.org/contact => INCONCLUSIVE_OFFLINE | https://unitedfoodbank.org/contact/ => INCONCLUSIVE_OFFLINE,+1-480-926-4897,+1-480-926-4897 => PLAUSIBLE_UNVERIFIED,,,,,50,CONDITIONAL_OR_UNKNOWN,SOURCE_ONLY,dg_78421ec748be,UNIQUE_OR_UNMERGED,contains_must_get_placeholders | no_parseable_email_in_source_or_context | live_network_not_tested,/mnt/data/master_resource_extract (1).json,175,HELP LIST FINAL.txt,"ORG_CONTACT: Main number
Email: [Must_Get]
Phone: 480-926-4897
Website: https://unitedfoodbank.org/contact/
Full_Address: [Must_Get]
Any Listed Contact_Names: [Must_Get]
Existing_Notes/Tips_Verbatim: Status: Verified • Verified 2025-09-09 · Main number · https://unitedfoodbank.org/contact/",,
d01db768a9f25e30d1d9,Association of Arizona Food Banks,,FOOD_EARLY_CHILDHOOD,INCONCLUSIVE,Network/TLS/server failures prevented a reliable organization verdict.,https://azfoodbanks.org/,https://azfoodbanks.org/ => INCONCLUSIVE_OFFLINE,+1-602-528-3434 | +1-800-445-1914,+1-602-528-3434 => PLAUSIBLE_UNVERIFIED | +1-800-445-1914 => PLAUSIBLE_UNVERIFIED,,,,,50,CONDITIONAL_OR_UNKNOWN,SOURCE_ONLY,dg_bf94e841cd35,UNIQUE_OR_UNMERGED,contains_must_get_placeholders | no_parseable_email_in_source_or_context | live_network_not_tested,/mnt/data/master_resource_extract (1).json,176,HELP LIST FINAL.txt,"ORG_CONTACT: State association
Email: [Must_Get]
Phone: 602-528-3434 | 800-445-1914
Website: https://azfoodbanks.org/
Full_Address: [Must_Get]
Any Listed Contact_Names: [Must_Get]
Existing_Notes/Tips_Verbatim: Status: Verified • Verified 2025-09-09 · State association · https://azfoodbanks.org/",,
08383362c37da11c2a0f,Paz de Cristo,,FOOD_EARLY_CHILDHOOD,INCONCLUSIVE,Network/TLS/server failures prevented a reliable organization verdict.,https://pazdecristo.org/contact | https://pazdecristo.org/contact/,https://pazdecristo.org/contact => INCONCLUSIVE_OFFLINE | https://pazdecristo.org/contact/ => INCONCLUSIVE_OFFLINE,+1-480-464-2370,+1-480-464-2370 => PLAUSIBLE_UNVERIFIED,,,,,50,CONDITIONAL_OR_UNKNOWN,SOURCE_ONLY,dg_583d68b67723,UNIQUE_OR_UNMERGED,contains_must_get_placeholders | no_parseable_email_in_source_or_context | live_network_not_tested,/mnt/data/master_resource_extract (1).json,177,HELP LIST FINAL.txt,"ORG_CONTACT: Main number
Email: [Must_Get]
Phone: 480-464-2370
Website: https://pazdecristo.org/contact/
Full_Address: [Must_Get]
Any Listed Contact_Names: [Must_Get]
Existing_Notes/Tips_Verbatim: Status: Verified • Verified 2025-09-09 · Main number · https://pazdecristo.org/contact/",,
47a3f9cac6bb23398274,Birth to Five Helpline,,FOOD_EARLY_CHILDHOOD,INCONCLUSIVE,Network/TLS/server failures prevented a reliable organization verdict.,https://www.swhd.org/programs/health-and-development/birth-to-five-helpline | https://www.swhd.org/programs/health-and-development/birth-to-five-helpline/,https://www.swhd.org/programs/health-and-development/birth-to-five-helpline => INCONCLUSIVE_OFFLINE | https://www.swhd.org/programs/health-and-development/birth-to-five-helpline/ => INCONCLUSIVE_OFFLINE,+1-877-705-5437,+1-877-705-5437 => PLAUSIBLE_UNVERIFIED,,,,,50,CONDITIONAL_OR_UNKNOWN,SOURCE_ONLY,dg_4de5305749d2,UNIQUE_OR_UNMERGED,contains_must_get_placeholders | no_parseable_email_in_source_or_context | live_network_not_tested,/mnt/data/master_resource_extract (1).json,178,HELP LIST FINAL.txt,"ORG_CONTACT: Southwest Human Development
Email: [Must_Get]
Phone: 877-705-5437
Website: https://www.swhd.org/programs/health-and-development/birth-to-five-helpline/
Full_Address: [Must_Get]
Any Listed Contact_Names: [Must_Get]
Existing_Notes/Tips_Verbatim: Status: Verified • Verified 2025-09-09 · Southwest Human Development ·
https://www.swhd.org/programs/health-and-development/birth-to-five-helpline/",,
4362f763946f606f3cdd,City of Phoenix Early Head Start,,FOOD_EARLY_CHILDHOOD,INCONCLUSIVE,Network/TLS/server failures prevented a reliable organization verdict.,https://www.phoenix.gov/humanservices/programs/earlyheadstart/contact,https://www.phoenix.gov/humanservices/programs/earlyheadstart/contact => INCONCLUSIVE_OFFLINE,+1-602-262-4040,+1-602-262-4040 => PLAUSIBLE_UNVERIFIED,,,,,50,CONDITIONAL_OR_UNKNOWN,SOURCE_ONLY,dg_dfffe5693421,UNIQUE_OR_UNMERGED,contains_must_get_placeholders | no_parseable_email_in_source_or_context | live_network_not_tested,/mnt/data/master_resource_extract (1).json,179,HELP LIST FINAL.txt,"ORG_CONTACT: City program
Email: [Must_Get]
Phone: 602-262-4040
Website: https://www.phoenix.gov/humanservices/programs/earlyheadstart/contact
Full_Address: [Must_Get]
Any Listed Contact_Names: [Must_Get]
Existing_Notes/Tips_Verbatim: Status: Verified • Verified 2025-09-09 · City program ·
https://www.phoenix.gov/humanservices/programs/earlyheadstart/contact",,
cbc4b24ea6c4a39049d1,A New Leaf (DV Hotline),,BEHAVIORAL_MEDICAL,INCONCLUSIVE,Network/TLS/server failures prevented a reliable organization verdict.,https://www.turnanewleaf.org/domestic-violence-services | https://www.turnanewleaf.org/domestic-violence-services/,https://www.turnanewleaf.org/domestic-violence-services => INCONCLUSIVE_OFFLINE | https://www.turnanewleaf.org/domestic-violence-services/ => INCONCLUSIVE_OFFLINE,+1-480-890-3039,+1-480-890-3039 => PLAUSIBLE_UNVERIFIED,,,,,50,CONDITIONAL_OR_UNKNOWN,SOURCE_ONLY,dg_e0f893b767d9,UNIQUE_OR_UNMERGED,contains_must_get_placeholders | no_parseable_email_in_source_or_context | live_network_not_tested,/mnt/data/master_resource_extract (1).json,180,HELP LIST FINAL.txt,"ORG_CONTACT: 24/7 DV shelter hotline
Email: [Must_Get]
Phone: 480-890-3039
Website: https://www.turnanewleaf.org/domestic-violence-services/
Full_Address: [Must_Get]
Any Listed Contact_Names: [Must_Get]
Existing_Notes/Tips_Verbatim: Status: Verified • Verified 2025-09-09 · 24/7 DV shelter hotline ·
https://www.turnanewleaf.org/domestic-violence-services/",,
5cb20dab8d3694135287,NAMI Arizona,,BEHAVIORAL_MEDICAL,INCONCLUSIVE,Network/TLS/server failures prevented a reliable organization verdict.,https://namiaz.org/contact | https://namiaz.org/contact/,https://namiaz.org/contact => INCONCLUSIVE_OFFLINE | https://namiaz.org/contact/ => INCONCLUSIVE_OFFLINE,+1-602-244-8166,+1-602-244-8166 => PLAUSIBLE_UNVERIFIED,,,,,50,CONDITIONAL_OR_UNKNOWN,SOURCE_ONLY,dg_76b1c306c5fa,UNIQUE_OR_UNMERGED,contains_must_get_placeholders | no_parseable_email_in_source_or_context | live_network_not_tested,/mnt/data/master_resource_extract (1).json,181,HELP LIST FINAL.txt,"ORG_CONTACT: State office
Email: [Must_Get]
Phone: 602-244-8166
Website: https://namiaz.org/contact/
Full_Address: [Must_Get]
Any Listed Contact_Names: [Must_Get]
Existing_Notes/Tips_Verbatim: Status: Verified • Verified 2025-09-09 · State office · https://namiaz.org/contact/",,
24aeb3908b41ad6188d0,"Community Bridges, Inc. (CBI)",,BEHAVIORAL_MEDICAL,INCONCLUSIVE,Network/TLS/server failures prevented a reliable organization verdict.,https://communitybridgesaz.org/,https://communitybridgesaz.org/ => INCONCLUSIVE_OFFLINE,+1-877-931-9142,+1-877-931-9142 => PLAUSIBLE_UNVERIFIED,,,,,50,CONDITIONAL_OR_UNKNOWN,SOURCE_ONLY,dg_b8fe8b38eb07,UNIQUE_OR_UNMERGED,contains_must_get_placeholders | no_parseable_email_in_source_or_context | live_network_not_tested,/mnt/data/master_resource_extract (1).json,182,HELP LIST FINAL.txt,"ORG_CONTACT: Crisis line
Email: [Must_Get]
Phone: 877-931-9142
Website: https://communitybridgesaz.org/
Full_Address: [Must_Get]
Any Listed Contact_Names: [Must_Get]
Existing_Notes/Tips_Verbatim: Status: Verified • Verified 2025-09-09 · Crisis line · https://communitybridgesaz.org/",,
aa87b00aae961df7b28e,Southwest Behavioral & Health Services,,BEHAVIORAL_MEDICAL,INCONCLUSIVE,Network/TLS/server failures prevented a reliable organization verdict.,https://www.sbhservices.org/contact | https://www.sbhservices.org/contact/,https://www.sbhservices.org/contact => INCONCLUSIVE_OFFLINE | https://www.sbhservices.org/contact/ => INCONCLUSIVE_OFFLINE,+1-602-265-8338,+1-602-265-8338 => PLAUSIBLE_UNVERIFIED,,,,,50,CONDITIONAL_OR_UNKNOWN,SOURCE_ONLY,dg_8e70be595bc8,UNIQUE_OR_UNMERGED,contains_must_get_placeholders | no_parseable_email_in_source_or_context | live_network_not_tested,/mnt/data/master_resource_extract (1).json,183,HELP LIST FINAL.txt,"ORG_CONTACT: Corporate/main
Email: [Must_Get]
Phone: 602-265-8338
Website: https://www.sbhservices.org/contact/
Full_Address: [Must_Get]
Any Listed Contact_Names: [Must_Get]
Existing_Notes/Tips_Verbatim: Status: Verified • Verified 2025-09-09 · Corporate/main · https://www.sbhservices.org/contact/",,
d2d5d92dd29fca6d5bc7,Terros Health,,BEHAVIORAL_MEDICAL,INCONCLUSIVE,Network/TLS/server failures prevented a reliable organization verdict.,https://www.terroshealth.org/contact | https://www.terroshealth.org/contact/,https://www.terroshealth.org/contact => INCONCLUSIVE_OFFLINE | https://www.terroshealth.org/contact/ => INCONCLUSIVE_OFFLINE,+1-602-685-6000,+1-602-685-6000 => PLAUSIBLE_UNVERIFIED,,,,,50,CONDITIONAL_OR_UNKNOWN,SOURCE_ONLY,dg_b88240645d2a,UNIQUE_OR_UNMERGED,contains_must_get_placeholders | no_parseable_email_in_source_or_context | live_network_not_tested,/mnt/data/master_resource_extract (1).json,184,HELP LIST FINAL.txt,"ORG_CONTACT: Main number
Email: [Must_Get]
Phone: 602-685-6000
Website: https://www.terroshealth.org/contact/
Full_Address: [Must_Get]
Any Listed Contact_Names: [Must_Get]
Existing_Notes/Tips_Verbatim: Status: Verified • Verified 2025-09-09 · Main number · https://www.terroshealth.org/contact/",,
fd4e1c06fd5fa995eb70,Alcoholics Anonymous - Phoenix Intergroup,,BEHAVIORAL_MEDICAL,INCONCLUSIVE,Network/TLS/server failures prevented a reliable organization verdict.,https://aaphx.org/contact | https://aaphx.org/contact/,https://aaphx.org/contact => INCONCLUSIVE_OFFLINE | https://aaphx.org/contact/ => INCONCLUSIVE_OFFLINE,+1-602-264-1341,+1-602-264-1341 => PLAUSIBLE_UNVERIFIED,,,,,50,CONDITIONAL_OR_UNKNOWN,SOURCE_ONLY,dg_8d1f6ad4a713,UNIQUE_OR_UNMERGED,contains_must_get_placeholders | no_parseable_email_in_source_or_context | live_network_not_tested,/mnt/data/master_resource_extract (1).json,185,HELP LIST FINAL.txt,"ORG_CONTACT: 24-hour line
Email: [Must_Get]
Phone: 602-264-1341
Website: https://aaphx.org/contact/
Full_Address: [Must_Get]
Any Listed Contact_Names: [Must_Get]
Existing_Notes/Tips_Verbatim: Status: Verified • Verified 2025-09-09 · 24-hour line · https://aaphx.org/contact/",,
9f8eb382a5b07e65fbc8,RI International / Recovery Response Center (PHX),,BEHAVIORAL_MEDICAL,INCONCLUSIVE,Network/TLS/server failures prevented a reliable organization verdict.,https://riinternational.com/,https://riinternational.com/ => INCONCLUSIVE_OFFLINE,+1-602-650-1212,+1-602-650-1212 => PLAUSIBLE_UNVERIFIED,,,,,50,CONDITIONAL_OR_UNKNOWN,SOURCE_ONLY,dg_987caacf4cac,UNIQUE_OR_UNMERGED,contains_must_get_placeholders | no_parseable_email_in_source_or_context | live_network_not_tested,/mnt/data/master_resource_extract (1).json,186,HELP LIST FINAL.txt,"ORG_CONTACT: Crisis facility
Email: [Must_Get]
Phone: 602-650-1212
Website: https://riinternational.com/
Full_Address: [Must_Get]
Any Listed Contact_Names: [Must_Get]
Existing_Notes/Tips_Verbatim: Status: Verified • Verified 2025-09-09 · Crisis facility · https://riinternational.com/",,
34baf06c4d68f5fcfb11,NATIVE HEALTH Phoenix,,BEHAVIORAL_MEDICAL,INCONCLUSIVE,Network/TLS/server failures prevented a reliable organization verdict.,https://www.nativehealthphoenix.org/contact | https://www.nativehealthphoenix.org/contact/,https://www.nativehealthphoenix.org/contact => INCONCLUSIVE_OFFLINE | https://www.nativehealthphoenix.org/contact/ => INCONCLUSIVE_OFFLINE,+1-602-279-5262,+1-602-279-5262 => PLAUSIBLE_UNVERIFIED,,,,,50,CONDITIONAL_OR_UNKNOWN,SOURCE_ONLY,dg_83d347576d11,UNIQUE_OR_UNMERGED,contains_must_get_placeholders | no_parseable_email_in_source_or_context | live_network_not_tested,/mnt/data/master_resource_extract (1).json,187,HELP LIST FINAL.txt,"ORG_CONTACT: Main line
Email: [Must_Get]
Phone: 602-279-5262
Website: https://www.nativehealthphoenix.org/contact/
Full_Address: [Must_Get]
Any Listed Contact_Names: [Must_Get]
Existing_Notes/Tips_Verbatim: Status: Verified • Verified 2025-09-09 · Main line · https://www.nativehealthphoenix.org/contact/",,
ecc9d96000b7b0a61a1d,Arizona Department of Health Services,,BEHAVIORAL_MEDICAL,INCONCLUSIVE,Network/TLS/server failures prevented a reliable organization verdict.,https://www.azdhs.gov/director/contact/index.php,https://www.azdhs.gov/director/contact/index.php => INCONCLUSIVE_OFFLINE,+1-602-542-1025,+1-602-542-1025 => PLAUSIBLE_UNVERIFIED,,,,,50,CONDITIONAL_OR_UNKNOWN,SOURCE_ONLY,dg_03ce8fdb75f7,UNIQUE_OR_UNMERGED,contains_must_get_placeholders | no_parseable_email_in_source_or_context | live_network_not_tested,/mnt/data/master_resource_extract (1).json,188,HELP LIST FINAL.txt,"ORG_CONTACT: Main contact
Email: [Must_Get]
Phone: 602-542-1025
Website: https://www.azdhs.gov/director/contact/index.php
Full_Address: [Must_Get]
Any Listed Contact_Names: [Must_Get]
Existing_Notes/Tips_Verbatim: Status: Verified • Verified 2025-09-09 · Main contact · https://www.azdhs.gov/director/contact/index.php",,
f4ffbf77fa0c02f638e4,Adelante Healthcare,,BEHAVIORAL_MEDICAL,INCONCLUSIVE,Network/TLS/server failures prevented a reliable organization verdict.,https://adelantehealthcare.com/contact | https://adelantehealthcare.com/contact/,https://adelantehealthcare.com/contact => INCONCLUSIVE_OFFLINE | https://adelantehealthcare.com/contact/ => INCONCLUSIVE_OFFLINE,+1-877-809-5092,+1-877-809-5092 => PLAUSIBLE_UNVERIFIED,,,,,50,CONDITIONAL_OR_UNKNOWN,SOURCE_ONLY,dg_d6b64b5de129,UNIQUE_OR_UNMERGED,contains_must_get_placeholders | no_parseable_email_in_source_or_context | live_network_not_tested,/mnt/data/master_resource_extract (1).json,189,HELP LIST FINAL.txt,"ORG_CONTACT: Scheduling
Email: [Must_Get]
Phone: 877-809-5092
Website: https://adelantehealthcare.com/contact/
Full_Address: [Must_Get]
Any Listed Contact_Names: [Must_Get]
Existing_Notes/Tips_Verbatim: Status: Verified • Verified 2025-09-09 · Scheduling · https://adelantehealthcare.com/contact/",,
2bb5e657c4bdccb3f9b6,Valleywise Health (formerly MIHS),,BEHAVIORAL_MEDICAL,INCONCLUSIVE,Network/TLS/server failures prevented a reliable organization verdict.,https://valleywisehealth.org/contact | https://valleywisehealth.org/contact/,https://valleywisehealth.org/contact => INCONCLUSIVE_OFFLINE | https://valleywisehealth.org/contact/ => INCONCLUSIVE_OFFLINE,+1-602-344-5011,+1-602-344-5011 => PLAUSIBLE_UNVERIFIED,,,,,50,CONDITIONAL_OR_UNKNOWN,SOURCE_ONLY,dg_c64147de24e9,UNIQUE_OR_UNMERGED,contains_must_get_placeholders | no_parseable_email_in_source_or_context | live_network_not_tested,/mnt/data/master_resource_extract (1).json,190,HELP LIST FINAL.txt,"ORG_CONTACT: Scheduling
Email: [Must_Get]
Phone: 602-344-5011
Website: https://valleywisehealth.org/contact/
Full_Address: [Must_Get]
Any Listed Contact_Names: [Must_Get]
Existing_Notes/Tips_Verbatim: Status: Verified • Verified 2025-09-09 · Scheduling · https://valleywisehealth.org/contact/",,
19e136fa59587b320ab0,Arizona Child Abuse Hotline (DCS),,PARENTING_PREGNANCY,INCONCLUSIVE,Network/TLS/server failures prevented a reliable organization verdict.,https://dcs.az.gov/report-child-abuse,https://dcs.az.gov/report-child-abuse => INCONCLUSIVE_OFFLINE,+1-888-767-2445,+1-888-767-2445 => PLAUSIBLE_UNVERIFIED,,,,,50,CONDITIONAL_OR_UNKNOWN,SOURCE_ONLY,dg_7211b473fb2d,UNIQUE_OR_UNMERGED,contains_must_get_placeholders | no_parseable_email_in_source_or_context | live_network_not_tested,/mnt/data/master_resource_extract (1).json,191,HELP LIST FINAL.txt,"ORG_CONTACT: 24/7 statewide hotline
Email: [Must_Get]
Phone: 888-767-2445
Website: https://dcs.az.gov/report-child-abuse
Full_Address: [Must_Get]
Any Listed Contact_Names: [Must_Get]
Existing_Notes/Tips_Verbatim: Status: Verified • Verified 2025-09-09 · 24/7 statewide hotline · https://dcs.az.gov/report-child-abuse",,
d13c9556acd7d708e385,Crisis Nursery (Child Crisis Arizona),,PARENTING_PREGNANCY,INCONCLUSIVE,Network/TLS/server failures prevented a reliable organization verdict.,https://www.childcrisisaz.org/contact | https://www.childcrisisaz.org/contact/,https://www.childcrisisaz.org/contact => INCONCLUSIVE_OFFLINE | https://www.childcrisisaz.org/contact/ => INCONCLUSIVE_OFFLINE,+1-602-273-7363,+1-602-273-7363 => PLAUSIBLE_UNVERIFIED,,,,,50,CONDITIONAL_OR_UNKNOWN,SOURCE_ONLY,dg_1edb3beabc99,UNIQUE_OR_UNMERGED,contains_must_get_placeholders | no_parseable_email_in_source_or_context | live_network_not_tested,/mnt/data/master_resource_extract (1).json,192,HELP LIST FINAL.txt,"ORG_CONTACT: Nursery line
Email: [Must_Get]
Phone: 602-273-7363
Website: https://www.childcrisisaz.org/contact/
Full_Address: [Must_Get]
Any Listed Contact_Names: [Must_Get]
Existing_Notes/Tips_Verbatim: Status: Verified • Verified 2025-09-09 · Nursery line · https://www.childcrisisaz.org/contact/",,
c27f910cf9ec45ade4a9,Dads 4 Special Kids,,PARENTING_PREGNANCY,INCONCLUSIVE,Network/TLS/server failures prevented a reliable organization verdict.,https://d4sk.org/,https://d4sk.org/ => INCONCLUSIVE_OFFLINE,+1-602-909-5463,+1-602-909-5463 => PLAUSIBLE_UNVERIFIED,,,,,50,CONDITIONAL_OR_UNKNOWN,SOURCE_ONLY,dg_365faa33bbd5,UNIQUE_OR_UNMERGED,contains_must_get_placeholders | no_parseable_email_in_source_or_context | live_network_not_tested,/mnt/data/master_resource_extract (1).json,193,HELP LIST FINAL.txt,"ORG_CONTACT: Support for fathers of kids with disabilities
Email: [Must_Get]
Phone: 602-909-5463
Website: https://d4sk.org/
Full_Address: [Must_Get]
Any Listed Contact_Names: [Must_Get]
Existing_Notes/Tips_Verbatim: Status: Verified • Verified 2025-09-09 · Support for fathers of kids with disabilities · https://d4sk.org/",,
3b21da8fa5ca412c7603,Child & Family Resources,,PARENTING_PREGNANCY,INCONCLUSIVE,Network/TLS/server failures prevented a reliable organization verdict.,https://www.childfamilyresources.org/contact-us | https://www.childfamilyresources.org/contact-us/,https://www.childfamilyresources.org/contact-us => INCONCLUSIVE_OFFLINE | https://www.childfamilyresources.org/contact-us/ => INCONCLUSIVE_OFFLINE,+1-602-234-3941,+1-602-234-3941 => PLAUSIBLE_UNVERIFIED,,,,,50,CONDITIONAL_OR_UNKNOWN,SOURCE_ONLY,dg_017f83509314,UNIQUE_OR_UNMERGED,contains_must_get_placeholders | no_parseable_email_in_source_or_context | live_network_not_tested,/mnt/data/master_resource_extract (1).json,194,HELP LIST FINAL.txt,"ORG_CONTACT: Phoenix office
Email: [Must_Get]
Phone: 602-234-3941
Website: https://www.childfamilyresources.org/contact-us/
Full_Address: [Must_Get]
Any Listed Contact_Names: [Must_Get]
Existing_Notes/Tips_Verbatim: Status: Verified • Verified 2025-09-09 · Phoenix office · https://www.childfamilyresources.org/contact-us/",,
c4434a7f74ad4e36a335,Planned Parenthood Arizona,,PARENTING_PREGNANCY,INCONCLUSIVE,Network/TLS/server failures prevented a reliable organization verdict.,https://www.plannedparenthood.org/planned-parenthood-arizona/our-locations,https://www.plannedparenthood.org/planned-parenthood-arizona/our-locations => INCONCLUSIVE_OFFLINE,+1-602-277-7526 | +1-855-207-7526,+1-602-277-7526 => PLAUSIBLE_UNVERIFIED | +1-855-207-7526 => PLAUSIBLE_UNVERIFIED,,,,,50,CONDITIONAL_OR_UNKNOWN,SOURCE_ONLY,dg_883eb7bc7d52,UNIQUE_OR_UNMERGED,contains_must_get_placeholders | no_parseable_email_in_source_or_context | live_network_not_tested,/mnt/data/master_resource_extract (1).json,195,HELP LIST FINAL.txt,"ORG_CONTACT: Clinic and scheduling
Email: [Must_Get]
Phone: 602-277-7526 | 855-207-7526
Website: https://www.plannedparenthood.org/planned-parenthood-arizona/our-locations
Full_Address: [Must_Get]
Any Listed Contact_Names: [Must_Get]
Existing_Notes/Tips_Verbatim: Status: Verified • Verified 2025-09-09 · Clinic and scheduling ·
https://www.plannedparenthood.org/planned-parenthood-arizona/our-locations",,
m_94e6b7355994f06f93,Arizona Division of Child Support Services,,PARENTING_PREGNANCY,INCONCLUSIVE,Network/TLS/server failures prevented a reliable organization verdict.,https://des.az.gov/services/child-and-family/child-support-services/contact-us,https://des.az.gov/services/child-and-family/child-support-services/contact-us => INCONCLUSIVE_OFFLINE,+1-602-252-4045 | +1-800-882-4151,+1-602-252-4045 => PLAUSIBLE_UNVERIFIED | +1-800-882-4151 => PLAUSIBLE_UNVERIFIED,,,,,50,CONDITIONAL_OR_UNKNOWN,SOURCE_ONLY,dg_522ca3dbb442,STRONG_IDENTITY_MERGE,deduplicated_strong_identity | contains_must_get_placeholders | no_parseable_email_in_source_or_context | live_network_not_tested,/mnt/data/master_resource_extract (1).json,196 | 257,HELP LIST FINAL.txt; Arizona Support Programs & Warm Lines.md,"ORG_CONTACT: Customer service
Email: [Must_Get]
Phone: 602-252-4045 | 800-882-4151
Website: https://des.az.gov/services/child-and-family/child-support-services/contact-us
Full_Address: [Must_Get]
Any Listed Contact_Names: [Must_Get]
Existing_Notes/Tips_Verbatim: Status: Verified • Verified 2025-09-09 · Customer service ·
https://des.az.gov/services/child-and-family/child-support-services/contact-us",,
db3f414f7a6f61569acf,Maricopa Law Library Resource Center (Self-Service),,LEGAL,INCONCLUSIVE,Network/TLS/server failures prevented a reliable organization verdict.,https://superiorcourt.maricopa.gov/llrc/phone-numbers | https://superiorcourt.maricopa.gov/llrc/phone-numbers/,https://superiorcourt.maricopa.gov/llrc/phone-numbers => INCONCLUSIVE_OFFLINE | https://superiorcourt.maricopa.gov/llrc/phone-numbers/ => INCONCLUSIVE_OFFLINE,+1-602-506-7353,+1-602-506-7353 => PLAUSIBLE_UNVERIFIED,,,,,50,CONDITIONAL_OR_UNKNOWN,SOURCE_ONLY,dg_6f82b7ccd960,UNIQUE_OR_UNMERGED,contains_must_get_placeholders | no_parseable_email_in_source_or_context | live_network_not_tested,/mnt/data/master_resource_extract (1).json,197,HELP LIST FINAL.txt,"ORG_CONTACT: Formerly Self-Service Center
Email: [Must_Get]
Phone: 602-506-7353
Website: https://superiorcourt.maricopa.gov/llrc/phone-numbers/
Full_Address: [Must_Get]
Any Listed Contact_Names: [Must_Get]
Existing_Notes/Tips_Verbatim: Status: Verified • Verified 2025-09-09 · Formerly Self-Service Center ·
https://superiorcourt.maricopa.gov/llrc/phone-numbers/",,
67e1164fab85044e30cb,State Bar of Arizona,,LEGAL,INCONCLUSIVE,Network/TLS/server failures prevented a reliable organization verdict.,https://www.azbar.org/about-us/contact-us | https://www.azbar.org/about-us/contact-us/,https://www.azbar.org/about-us/contact-us => INCONCLUSIVE_OFFLINE | https://www.azbar.org/about-us/contact-us/ => INCONCLUSIVE_OFFLINE,+1-602-252-4804,+1-602-252-4804 => PLAUSIBLE_UNVERIFIED,,,,,50,CONDITIONAL_OR_UNKNOWN,SOURCE_ONLY,dg_5d83dba21e7b,UNIQUE_OR_UNMERGED,contains_must_get_placeholders | no_parseable_email_in_source_or_context | live_network_not_tested,/mnt/data/master_resource_extract (1).json,198,HELP LIST FINAL.txt,"ORG_CONTACT: General line
Email: [Must_Get]
Phone: 602-252-4804
Website: https://www.azbar.org/about-us/contact-us/
Full_Address: [Must_Get]
Any Listed Contact_Names: [Must_Get]
Existing_Notes/Tips_Verbatim: Status: Verified • Verified 2025-09-09 · General line · https://www.azbar.org/about-us/contact-us/",,
b00f631c8d467daf7288,Project Always,,LEGAL,INCONCLUSIVE,Network/TLS/server failures prevented a reliable organization verdict.,https://projectalways.org/contact | https://projectalways.org/contact/,https://projectalways.org/contact => INCONCLUSIVE_OFFLINE | https://projectalways.org/contact/ => INCONCLUSIVE_OFFLINE,+1-602-753-7051,+1-602-753-7051 => PLAUSIBLE_UNVERIFIED,,,,,50,CONDITIONAL_OR_UNKNOWN,SOURCE_ONLY,dg_06c856c73f9f,UNIQUE_OR_UNMERGED,contains_must_get_placeholders | no_parseable_email_in_source_or_context | live_network_not_tested,/mnt/data/master_resource_extract (1).json,199,HELP LIST FINAL.txt,"ORG_CONTACT: Legal services
Email: [Must_Get]
Phone: 602-753-7051
Website: https://projectalways.org/contact/
Full_Address: [Must_Get]
Any Listed Contact_Names: [Must_Get]
Existing_Notes/Tips_Verbatim: Status: Verified • Verified 2025-09-09 · Legal services · https://projectalways.org/contact/",,
0d08ee7c169e17dd78fb,Arizona Attorney General,,LEGAL,INCONCLUSIVE,Network/TLS/server failures prevented a reliable organization verdict.,https://www.azag.gov/contact,https://www.azag.gov/contact => INCONCLUSIVE_OFFLINE,+1-602-542-5025,+1-602-542-5025 => PLAUSIBLE_UNVERIFIED,,,,,50,CONDITIONAL_OR_UNKNOWN,SOURCE_ONLY,dg_6be9394bfccf,UNIQUE_OR_UNMERGED,contains_must_get_placeholders | no_parseable_email_in_source_or_context | live_network_not_tested,/mnt/data/master_resource_extract (1).json,200,HELP LIST FINAL.txt,"ORG_CONTACT: Consumer Information & main contact
Email: [Must_Get]
Phone: 602-542-5025
Website: https://www.azag.gov/contact
Full_Address: [Must_Get]
Any Listed Contact_Names: [Must_Get]
Existing_Notes/Tips_Verbatim: Status: Verified • Verified 2025-09-09 · Consumer Information & main contact · https://www.azag.gov/contact",,
f843626ee45bee1d7c65,Maricopa County Bar Association - Lawyer Referral Service,,LEGAL,INCONCLUSIVE,Network/TLS/server failures prevented a reliable organization verdict.,https://www.maricopabar.org/page/LawyerReferralService,https://www.maricopabar.org/page/LawyerReferralService => INCONCLUSIVE_OFFLINE,+1-602-257-4434,+1-602-257-4434 => PLAUSIBLE_UNVERIFIED,,,,,50,CONDITIONAL_OR_UNKNOWN,SOURCE_ONLY,dg_2e267be4e1be,UNIQUE_OR_UNMERGED,contains_must_get_placeholders | no_parseable_email_in_source_or_context | live_network_not_tested,/mnt/data/master_resource_extract (1).json,201,HELP LIST FINAL.txt,"ORG_CONTACT: LRS direct
Email: [Must_Get]
Phone: 602-257-4434
Website: https://www.maricopabar.org/page/LawyerReferralService
Full_Address: [Must_Get]
Any Listed Contact_Names: [Must_Get]
Existing_Notes/Tips_Verbatim: Status: Verified • Verified 2025-09-09 · LRS direct · https://www.maricopabar.org/page/LawyerReferralService",,
7095a20c49b82e42555a,Arizona Law Help / LegalLEARN,,LEGAL,INCONCLUSIVE,Network/TLS/server failures prevented a reliable organization verdict.,https://azlawhelp.org/,https://azlawhelp.org/ => INCONCLUSIVE_OFFLINE,+1-866-637-5341,+1-866-637-5341 => PLAUSIBLE_UNVERIFIED,,,,,50,CONDITIONAL_OR_UNKNOWN,SOURCE_ONLY,dg_fbc2a601107d,UNIQUE_OR_UNMERGED,contains_must_get_placeholders | no_parseable_email_in_source_or_context | live_network_not_tested,/mnt/data/master_resource_extract (1).json,202,HELP LIST FINAL.txt,"ORG_CONTACT: Statewide legal info/referrals
Email: [Must_Get]
Phone: 866-637-5341
Website: https://azlawhelp.org/
Full_Address: [Must_Get]
Any Listed Contact_Names: [Must_Get]
Existing_Notes/Tips_Verbatim: Status: Verified • Verified 2025-09-09 · Statewide legal info/referrals · https://azlawhelp.org/",,
daeb16def4eae75d10f7,Lyme Treatment Foundation – Infrastructure/Treatment Grants,,MEDICAL_GRANT,INSUFFICIENT_SOURCE_DATA,"No usable website, phone, or email was present or discovered.",,,,,,,,,60,CONDITIONAL_OR_UNKNOWN,SOURCE_ONLY,dg_0662c3fb5d7c,UNIQUE_OR_UNMERGED,contains_must_get_placeholders | no_website_in_source_or_context | no_parseable_phone_in_source_or_context | no_parseable_email_in_source_or_context,/mnt/data/master_resource_extract (1).json,203,HELP LIST FINAL.txt,"ORG_CONTACT: [Must_Get]
Email: [Must_Get]
Phone: [Must_Get]
Website: [Must_Get]
Full_Address: [Must_Get]
Any Listed Contact_Names: [Must_Get]
Existing_Notes/Tips_Verbatim: Provides: Grants up to $4,000 for Lyme disease patients to cover treatment-related expenses, including housing or RV infrastructure if needed for care. Essentially funds medical and related costs; housing costs can be justified as part of treatment access.

Eligibility: Requires an adult Lyme diagnosis and documented inability to pay for care. No award if you lack a confirmed Lyme diagnosis or have sufficient funds.

Intake (if unsheltered/RV): Apply online via the Foundation’s website with a doctor’s letter, financial statements, and personal narrative. An RV resident can qualify if the RV is needed to manage the disease (per “housing infrastructure” clause), and no lease is needed.",,
8e27f1e3f4c15252b8d9,Circle the City (Phoenix Medical Housing),,MEDICAL_HOUSING,UNVERIFIED_CONTACT_ONLY,No website candidate; contact values remain source-derived until independently corroborated.,,,+1-602-776-7676,+1-602-776-7676 => PLAUSIBLE_UNVERIFIED,,,,,50,CONDITIONAL_OR_UNKNOWN,SOURCE_ONLY,dg_17f8a5ca6b32,UNIQUE_OR_UNMERGED,contains_must_get_placeholders | no_website_in_source_or_context | no_parseable_email_in_source_or_context,/mnt/data/master_resource_extract (1).json,204,"HELP LIST FINAL.txt, Help List Total copy.txt","ORG_CONTACT: [Must_Get]
Email: [Must_Get]
Phone: (602) 776-7676
Website: [Must_Get]
Full_Address: [Must_Get]
Any Listed Contact_Names: [Must_Get]
Existing_Notes/Tips_Verbatim: Provides: Non-congregate, medically supported housing for Phoenix-area homeless with chronic illness. They’ll place medically fragile individuals into private or RV-style housing if they cannot stay in shelters for health/safety reasons. Typically covers shelter costs and care coordination.

Eligibility: Requires proof of a serious medical condition and documentation that congregate shelter is unsafe for you. Simply being homeless isn’t enough – you must have a “documented medical necessity” (like immunocompromise).

Intake (if unsheltered/RV): Call the intake line (602‑776‑7676) or email them with medical records. You do not need a fixed address; rather, you need to show chronic illness/health risk in your RV/shelter life. Local caseworkers or shelters often facilitate the call.",,
f7467aab5a924d1eba40,2Gether International – Disability Tech Founder Grant,,DISABILITY_FOUNDER_GRANT,INSUFFICIENT_SOURCE_DATA,"No usable website, phone, or email was present or discovered.",,,,,,,,,53,CONDITIONAL_OR_UNKNOWN,SOURCE_ONLY,dg_884f426b438c,UNIQUE_OR_UNMERGED,contains_must_get_placeholders | no_website_in_source_or_context | no_parseable_phone_in_source_or_context | no_parseable_email_in_source_or_context,/mnt/data/master_resource_extract (1).json,205,"HELP LIST FINAL.txt, Help List Total copy.txt","ORG_CONTACT: [Must_Get]
Email: [Must_Get]
Phone: [Must_Get]
Website: [Must_Get]
Full_Address: [Must_Get]
Any Listed Contact_Names: [Must_Get]
Existing_Notes/Tips_Verbatim: Provides: A $5,000 grant (plus networking) to people with disabilities who are tech/social-impact startup founders. The grant can fund business needs — which can include equipment or an RV used as a mobile “tech hub” if tied to the venture.

Eligibility: Must have a disability and a viable business plan in tech or social impact. Preference is given to applicants with systemic disadvantages (custody issues, homelessness, trauma). No business or disability means ineligible.

Intake (if unsheltered): Apply online at 2Gether International’s site, including a pitch and narrative. Describe your situation (e.g. using an RV for medical/stability reasons) in the application text to highlight need — but there’s no special process for homeless applicants beyond documenting your circumstances.",,
ac555f39356e091e7dab,RV for Homeless (Nonprofit RV Matching),,HOUSING_RV,INCONCLUSIVE,Network/TLS/server failures prevented a reliable organization verdict.,https://rvforhomeless.com/,https://rvforhomeless.com/ => INCONCLUSIVE_OFFLINE,,,,,,,60,CONDITIONAL_OR_UNKNOWN,SOURCE_ONLY,dg_1f33ff897b8d,UNIQUE_OR_UNMERGED,contains_must_get_placeholders | no_parseable_phone_in_source_or_context | no_parseable_email_in_source_or_context | live_network_not_tested,/mnt/data/master_resource_extract (1).json,206,"HELP LIST FINAL.txt, Help List Total copy.txt","ORG_CONTACT: [Must_Get]
Email: [Must_Get]
Phone: [Must_Get]
Website: RVforHomeless.com
Full_Address: [Must_Get]
Any Listed Contact_Names: [Must_Get]
Existing_Notes/Tips_Verbatim: Provides: A donated RV to eligible homeless applicants with urgent medical or legal need. The nonprofit matches a suitable donated RV to your situation at no cost (aside from any donor conditions).

Eligibility: Must be literally homeless and have an urgent need (medical vulnerability or legal displacement). They explicitly require proof of homelessness and urgent use-case. If you are housed or lack a documented need, you are disqualified.

Intake (if unsheltered/RV): Apply online or by phone via RVforHomeless.com or the listed number. Provide documentation of your homelessness and need. (No lease is required — in fact they expect RV or street homelessness.)",,
dddfcb730752ad3865c2,"Permanent Supportive Housing (PSH, via Continuum of Care)",,PERMANENT_SUPPORTIVE_HOUSING,INSUFFICIENT_SOURCE_DATA,"No usable website, phone, or email was present or discovered.",,,,,,,,,50,CONDITIONAL_OR_UNKNOWN,SOURCE_ONLY,dg_cfddc27d9a3c,UNIQUE_OR_UNMERGED,contains_must_get_placeholders | no_website_in_source_or_context | no_parseable_phone_in_source_or_context | no_parseable_email_in_source_or_context,/mnt/data/master_resource_extract (1).json,207,"HELP LIST FINAL.txt, Help List Total copy.txt","ORG_CONTACT: [Must_Get]
Email: [Must_Get]
Phone: [Must_Get]
Website: [Must_Get]
Full_Address: [Must_Get]
Any Listed Contact_Names: [Must_Get]
Existing_Notes/Tips_Verbatim: Provides: Indefinite subsidized housing with case management for chronically homeless individuals who have disabilities. Typically, a disabled person living in an RV or street can be placed in an apartment with no time limit.

Eligibility: Must be chronically homeless (generally 12+ months or multiple episodes) and have a disabling condition. Without chronic homelessness or a disability, you do not qualify.

Intake (if unsheltered): Apply through Coordinated Entry (2-1-1) like other CoC programs. Document your chronic illness and homelessness (e.g. RV/voucher statements, medical records) during intake.",,
416c9ec0c28155734fac,Safe Parking Programs (AZ/CO),,SAFE_PARKING,INSUFFICIENT_SOURCE_DATA,"No usable website, phone, or email was present or discovered.",,,,,,,,,64,CONDITIONAL_OR_UNKNOWN,SOURCE_ONLY,dg_bee1621ff60d,UNIQUE_OR_UNMERGED,contains_must_get_placeholders | no_website_in_source_or_context | no_parseable_phone_in_source_or_context | no_parseable_email_in_source_or_context,/mnt/data/master_resource_extract (1).json,208,"HELP LIST FINAL.txt, Help List Total copy.txt","ORG_CONTACT: [Must_Get]
Email: [Must_Get]
Phone: [Must_Get]
Website: [Must_Get]
Full_Address: [Must_Get]
Any Listed Contact_Names: [Must_Get]
Existing_Notes/Tips_Verbatim: Provides: Supervised overnight parking lots with basic services (restrooms, security) for RV dwellers. No cash, but safety and community assistance.

Eligibility: Simply living in an RV and needing safety. No known disqualifiers; programs are voluntary.

Intake: Contact local homeless outreach or faith-based organizations (e.g. St. Vincent de Paul) to find a safe parking lot. No lease or ID usually required, but often first-come, first-served.",,
20ad853206d3f05baf20,Supplemental Nutrition Assistance Program (SNAP),,FOOD_EARLY_CHILDHOOD,INCONCLUSIVE,Network/TLS/server failures prevented a reliable organization verdict.,https://des.az.gov/services/basic-needs/food/nutrition-assistance,https://des.az.gov/services/basic-needs/food/nutrition-assistance => INCONCLUSIVE_OFFLINE,+1-602-542-9935 | +1-800-352-8401,+1-602-542-9935 => PLAUSIBLE_UNVERIFIED | +1-800-352-8401 => PLAUSIBLE_UNVERIFIED,,,,,50,CONDITIONAL_OR_UNKNOWN,SOURCE_ONLY,dg_4b92a6cd83c6,UNIQUE_OR_UNMERGED,contains_must_get_placeholders | no_parseable_email_in_source_or_context | live_network_not_tested,/mnt/data/master_resource_extract (1).json,209,"HELP LIST FINAL.txt, Help List Total copy.txt","ORG_CONTACT: [Must_Get]
Email: [Must_Get]
Phone: 602-542-9935 | 800-352-8401
Website: https://des.az.gov/services/basic-needs/food/nutrition-assistance
Full_Address: [Must_Get]
Any Listed Contact_Names: [Must_Get]
Existing_Notes/Tips_Verbatim: Status: Verified • Verified 2025-09-09 · Program contacts ·
https://des.az.gov/services/basic-needs/food/nutrition-assistance
Provides: Food benefits (EBT) for low-income households. Benefits can be used even if you have no housing (you can pick up food at a store).

Eligibility: Income below federal limit, U.S. residency. Income too high or not a resident disqualifies you.

Intake (if unsheltered): Apply online, by phone, or at DES benefits office. An RV address is acceptable; many applicants use a shelter or general delivery address if they have no fixed home.",,
871928d6cf35c12dd096,Arizona Food Bank Network,,FOOD_NETWORK,INSUFFICIENT_SOURCE_DATA,"No usable website, phone, or email was present or discovered.",,,,,,,,,60,CONDITIONAL_OR_UNKNOWN,SOURCE_ONLY,dg_2142aa1cb947,UNIQUE_OR_UNMERGED,contains_must_get_placeholders | no_website_in_source_or_context | no_parseable_phone_in_source_or_context | no_parseable_email_in_source_or_context,/mnt/data/master_resource_extract (1).json,210,"HELP LIST FINAL.txt, Help List Total copy.txt","ORG_CONTACT: [Must_Get]
Email: [Must_Get]
Phone: [Must_Get]
Website: [Must_Get]
Full_Address: [Must_Get]
Any Listed Contact_Names: [Must_Get]
Existing_Notes/Tips_Verbatim: Provides: Free food and groceries via a network of food banks. There is no income or address requirement beyond being an Arizona resident.

Eligibility: Anyone with low income or crisis need. Essentially no disqualifiers stated.

Intake: Just walk in or call your nearest food bank. No lease or documentation needed (some ask for ID or proof of need, but RV dwellers are commonly served without issue).",,
fa4ee79e64f4d38874b6,Single Dad Assistance Program,,FATHER_SUPPORT,INSUFFICIENT_SOURCE_DATA,"No usable website, phone, or email was present or discovered.",,,,,,,,,54,CONDITIONAL_OR_UNKNOWN,SOURCE_ONLY,dg_729c33848bde,UNIQUE_OR_UNMERGED,contains_must_get_placeholders | no_website_in_source_or_context | no_parseable_phone_in_source_or_context | no_parseable_email_in_source_or_context,/mnt/data/master_resource_extract (1).json,211,"HELP LIST FINAL.txt, Help List Total copy.txt","ORG_CONTACT: [Must_Get]
Email: [Must_Get]
Phone: [Must_Get]
Website: [Must_Get]
Full_Address: [Must_Get]
Any Listed Contact_Names: [Must_Get]
Existing_Notes/Tips_Verbatim: Provides: Direct assistance (cash, goods, housing referrals) to single fathers with urgent needs. This nonprofit claims to help with “housing, legal, and emergency resources.”

Eligibility: Must be a single father with documented need. Not for others.

Intake (if unsheltered/DV): Contact them by phone or through their website. They do not require a home address, but will ask for custody proof and details of your need. (Note: This appears to be a small nonprofit with minimal online info; guidance is based on their description.)",,
fcbb22ddd4d4df94f1a0,The National Fathers' Network,,FATHER_SUPPORT,INSUFFICIENT_SOURCE_DATA,"No usable website, phone, or email was present or discovered.",,,,,,,,,62,CONDITIONAL_OR_UNKNOWN,SOURCE_ONLY,dg_1779ddf007ac,UNIQUE_OR_UNMERGED,contains_must_get_placeholders | no_website_in_source_or_context | no_parseable_phone_in_source_or_context | no_parseable_email_in_source_or_context,/mnt/data/master_resource_extract (1).json,212,"HELP LIST FINAL.txt, Help List Total copy.txt, FINAL RESOURCE LIST.txt","ORG_CONTACT: [Must_Get]
Email: [Must_Get]
Phone: [Must_Get]
Website: [Must_Get]
Full_Address: [Must_Get]
Any Listed Contact_Names: [Must_Get]
Existing_Notes/Tips_Verbatim: Provides: Information, advocacy, and support resources for single fathers (including those of disabled children). No direct cash or housing, but referrals and hotlines.

Eligibility: Any single father (especially with disabilities in family).

Intake: Call or visit their website to connect with support groups. (No formal application or housing help.)",,
6daf9dd9f5f45bbf9bd3,Fathers Incorporated,,FATHER_SUPPORT,INSUFFICIENT_SOURCE_DATA,"No usable website, phone, or email was present or discovered.",,,,,,,,,58,CONDITIONAL_OR_UNKNOWN,SOURCE_ONLY,dg_e078ad2d5a20,UNIQUE_OR_UNMERGED,contains_must_get_placeholders | no_website_in_source_or_context | no_parseable_phone_in_source_or_context | no_parseable_email_in_source_or_context,/mnt/data/master_resource_extract (1).json,213,"HELP LIST FINAL.txt, Help List Total copy.txt","ORG_CONTACT: [Must_Get]
Email: [Must_Get]
Phone: [Must_Get]
Website: [Must_Get]
Full_Address: [Must_Get]
Any Listed Contact_Names: [Must_Get]
Existing_Notes/Tips_Verbatim: Provides: Advocacy and support services (legal/emotional/financial guidance) for fathers. Again, not a direct funding source.

Eligibility: Any father seeking assistance.

Intake: Contact them online or by phone for help; no address needed.",,
606114042e78ed3f4a1a,Arizona Kinship Support Services,,KINSHIP_SUPPORT,INSUFFICIENT_SOURCE_DATA,"No usable website, phone, or email was present or discovered.",,,,,,,,,50,CONDITIONAL_OR_UNKNOWN,SOURCE_ONLY,dg_5d195eee903d,UNIQUE_OR_UNMERGED,contains_must_get_placeholders | no_website_in_source_or_context | no_parseable_phone_in_source_or_context | no_parseable_email_in_source_or_context,/mnt/data/master_resource_extract (1).json,214,"HELP LIST FINAL.txt, Help List Total copy.txt","ORG_CONTACT: [Must_Get]
Email: [Must_Get]
Phone: [Must_Get]
Website: [Must_Get]
Full_Address: [Must_Get]
Any Listed Contact_Names: [Must_Get]
Existing_Notes/Tips_Verbatim: Provides: Support (financial aid, counseling) for relatives (including single parents or fathers) raising children.

Eligibility: Arizona kin (e.g. grandparents, uncles, single parents) raising a child.

Intake: Call or apply online, showing legal custody or kinship proof. (Homeless kin can apply if they meet kinship criteria.)",,
89307cb0ef59395d6e12,Dad’s Divorce,,FATHER_LEGAL_SUPPORT,INSUFFICIENT_SOURCE_DATA,"No usable website, phone, or email was present or discovered.",,,,,,,,,50,CONDITIONAL_OR_UNKNOWN,SOURCE_ONLY,dg_d3d16a175f30,UNIQUE_OR_UNMERGED,contains_must_get_placeholders | no_website_in_source_or_context | no_parseable_phone_in_source_or_context | no_parseable_email_in_source_or_context,/mnt/data/master_resource_extract (1).json,215,"HELP LIST FINAL.txt, Help List Total copy.txt","ORG_CONTACT: [Must_Get]
Email: [Must_Get]
Phone: [Must_Get]
Website: [Must_Get]
Full_Address: [Must_Get]
Any Listed Contact_Names: [Must_Get]
Existing_Notes/Tips_Verbatim: Provides: Information and referrals for divorced fathers (legal aid, housing crisis resources).

Eligibility: Any divorced father needing support.

Intake: Contact via their website or phone; no paperwork beyond describing your legal situation.",,
72e46f47b29a9cb642ad,Father to Father (SC),,FATHER_SUPPORT,INSUFFICIENT_SOURCE_DATA,"No usable website, phone, or email was present or discovered.",,,,,,,,,50,CONDITIONAL_OR_UNKNOWN,SOURCE_ONLY,dg_5c911b7034b9,UNIQUE_OR_UNMERGED,contains_must_get_placeholders | no_website_in_source_or_context | no_parseable_phone_in_source_or_context | no_parseable_email_in_source_or_context,/mnt/data/master_resource_extract (1).json,216,"HELP LIST FINAL.txt, Help List Total copy.txt","ORG_CONTACT: [Must_Get]
Email: [Must_Get]
Phone: [Must_Get]
Website: [Must_Get]
Full_Address: [Must_Get]
Any Listed Contact_Names: [Must_Get]
Existing_Notes/Tips_Verbatim: Provides: Peer support for single/struggling fathers (parenting, legal aid, crisis help).

Eligibility: Any father seeking help.

Intake: Online or phone intake; again, no documentation needed unless seeking referrals.",,
df5bcde97ba57d657308,National Responsible Fatherhood Clearinghouse,,FATHER_RESOURCE_CLEARINGHOUSE,INSUFFICIENT_SOURCE_DATA,"No usable website, phone, or email was present or discovered.",,,,,,,,,50,CONDITIONAL_OR_UNKNOWN,SOURCE_ONLY,dg_c9ce006c4bcf,UNIQUE_OR_UNMERGED,contains_must_get_placeholders | no_website_in_source_or_context | no_parseable_phone_in_source_or_context | no_parseable_email_in_source_or_context,/mnt/data/master_resource_extract (1).json,217,"HELP LIST FINAL.txt, Help List Total copy.txt","ORG_CONTACT: [Must_Get]
Email: [Must_Get]
Phone: [Must_Get]
Website: [Must_Get]
Full_Address: [Must_Get]
Any Listed Contact_Names: [Must_Get]
Existing_Notes/Tips_Verbatim: Provides: A federal clearinghouse (website/phone) that connects fathers to national resources.

Eligibility: Any father in need.

Intake: Access by phone or website for listings of programs; not housing-specific.",,
fb66c4565ef3ca9b4ce6,"Community Legal Services (CLS, AZ)",,LEGAL,INCONCLUSIVE,Network/TLS/server failures prevented a reliable organization verdict.,https://clsaz.org/office-locations,https://clsaz.org/office-locations => INCONCLUSIVE_OFFLINE,+1-602-258-3434,+1-602-258-3434 => PLAUSIBLE_UNVERIFIED,,,,,50,CONDITIONAL_OR_UNKNOWN,SOURCE_ONLY,dg_0022c08a4a66,UNIQUE_OR_UNMERGED,no_parseable_email_in_source_or_context | live_network_not_tested,/mnt/data/master_resource_extract (1).json,218,"HELP LIST FINAL.txt, Help List Total copy.txt, FINAL RESOURCE LIST.txt","Community Legal Services (CLS, AZ)
Provides: Free civil legal aid (custody, eviction, DV, benefits, etc.) for low-income Arizonans. This can indirectly secure housing (e.g. eviction defense or public benefit claims).

Eligibility: Arizona resident, low-income with a civil legal issue.

Intake: Apply online or call their intake line. Being in an RV or shelter is not disqualifying – in fact, they note RV dwellers as a focus. You need basic ID/income proof.


ABA Free Legal Answers
Provides: Free online legal Q&A for qualifying low-income residents. You post a question (housing, benefits, etc.) and volunteer lawyers answer.

Eligibility: Income below a threshold, and issue must be civil law (not criminal).

Intake: Simply register and submit a question on the site. No fixed address needed (they only ask state of residence and income level).",,
ec30eef7503e9ed53738,ABA Free Legal Answers,,LEGAL,INSUFFICIENT_SOURCE_DATA,"No usable website, phone, or email was present or discovered.",,,,,,,,,50,CONDITIONAL_OR_UNKNOWN,SOURCE_ONLY,dg_fc9e2ee2cbc8,UNIQUE_OR_UNMERGED,contains_must_get_placeholders | no_website_in_source_or_context | no_parseable_phone_in_source_or_context | no_parseable_email_in_source_or_context,/mnt/data/master_resource_extract (1).json,219,HELP LIST FINAL.txt,"ORG_CONTACT: [Must_Get]
Email: [Must_Get]
Phone: [Must_Get]
Website: [Must_Get]
Full_Address: [Must_Get]
Any Listed Contact_Names: [Must_Get]
Existing_Notes/Tips_Verbatim: Provides: Free online legal Q&A for qualifying low-income residents. You post a question (housing, benefits, etc.) and volunteer lawyers answer.

Eligibility: Income below a threshold, and issue must be civil law (not criminal).

Intake: Simply register and submit a question on the site. No fixed address needed (they only ask state of residence and income level).",,
bbaa5de1e452665c7f7e,Arizona Center for Disability Law (ACDL),,DISABILITY_LEGAL_AID,INSUFFICIENT_SOURCE_DATA,"No usable website, phone, or email was present or discovered.",,,,,,,,,50,CONDITIONAL_OR_UNKNOWN,SOURCE_ONLY,dg_50f5a8cccfa0,UNIQUE_OR_UNMERGED,contains_must_get_placeholders | no_website_in_source_or_context | no_parseable_phone_in_source_or_context | no_parseable_email_in_source_or_context,/mnt/data/master_resource_extract (1).json,220,"HELP LIST FINAL.txt, Help List Total copy.txt","ORG_CONTACT: [Must_Get]
Email: [Must_Get]
Phone: [Must_Get]
Website: [Must_Get]
Full_Address: [Must_Get]
Any Listed Contact_Names: [Must_Get]
Existing_Notes/Tips_Verbatim: Provides: Legal advocacy for Arizonans with disabilities (including housing and accessibility issues).

Eligibility: Must have a disability and a qualifying legal issue in AZ.

Intake: Call or apply online, providing disability proof. RV-dwellers with disabilities qualify for help if it’s a disability-related legal problem (e.g. ADA access).",,
528a5f8b5b7475eaf30e,Defenders of Children (AZ),,CHILD_FAMILY_LEGAL_AID,INSUFFICIENT_SOURCE_DATA,"No usable website, phone, or email was present or discovered.",,,,,,,,,50,CONDITIONAL_OR_UNKNOWN,SOURCE_ONLY,dg_c51072042358,UNIQUE_OR_UNMERGED,contains_must_get_placeholders | no_website_in_source_or_context | no_parseable_phone_in_source_or_context | no_parseable_email_in_source_or_context,/mnt/data/master_resource_extract (1).json,221,"HELP LIST FINAL.txt, Help List Total copy.txt, FINAL RESOURCE LIST.txt","ORG_CONTACT: [Must_Get]
Email: [Must_Get]
Phone: [Must_Get]
Website: [Must_Get]
Full_Address: [Must_Get]
Any Listed Contact_Names: [Must_Get]
Existing_Notes/Tips_Verbatim: Provides: Free legal services for families/children in crisis (custody, abuse, DV-related housing issues).

Eligibility: Families or children facing abuse or custody crisis.

Intake: Phone or web intake. Homeless status is not a barrier; they focus on protecting children and families.",,
d6eee62d24ce94e857d0,Arizona Domestic Violence Legal Assistance Project (DV-LAP),,DV_LEGAL_AID,INSUFFICIENT_SOURCE_DATA,"No usable website, phone, or email was present or discovered.",,,,,,,,,60,CONDITIONAL_OR_UNKNOWN,SOURCE_ONLY,dg_8c4b5ccae651,UNIQUE_OR_UNMERGED,contains_must_get_placeholders | no_website_in_source_or_context | no_parseable_phone_in_source_or_context | no_parseable_email_in_source_or_context,/mnt/data/master_resource_extract (1).json,222,"HELP LIST FINAL.txt, Help List Total copy.txt, FINAL RESOURCE LIST.txt","ORG_CONTACT: [Must_Get]
Email: [Must_Get]
Phone: [Must_Get]
Website: [Must_Get]
Full_Address: [Must_Get]
Any Listed Contact_Names: [Must_Get]
Existing_Notes/Tips_Verbatim: Provides: Legal aid (custody, protection orders, housing) for survivors of domestic violence.

Eligibility: Domestic violence survivors (with or without kids).

Intake: Online or call. No lease needed to access help — in fact, they expect displaced applicants. They will ask about your DV history and legal needs.",,
1bf9c67257b70f3c668b,Johnson Depression Center – Esketamine (Spravato) Therapy,,MENTAL_HEALTH_TREATMENT,INSUFFICIENT_SOURCE_DATA,"No usable website, phone, or email was present or discovered.",,,,,,,,,50,CONDITIONAL_OR_UNKNOWN,SOURCE_ONLY,dg_bfda09c6d8b6,UNIQUE_OR_UNMERGED,contains_must_get_placeholders | no_website_in_source_or_context | no_parseable_phone_in_source_or_context | no_parseable_email_in_source_or_context,/mnt/data/master_resource_extract (1).json,223,"HELP LIST FINAL.txt, Help List Total copy.txt","ORG_CONTACT: [Must_Get]
Email: [Must_Get]
Phone: [Must_Get]
Website: [Must_Get]
Full_Address: [Must_Get]
Any Listed Contact_Names: [Must_Get]
Existing_Notes/Tips_Verbatim: Provides: Outpatient nasal esketamine (Spravato) treatment for treatment-resistant depression or off-label PTSD. (This is medical, not housing aid.)

Eligibility: Requires a psychiatrist’s diagnosis of treatment-resistant depression or severe PTSD, and usually insurance or patient assistance.

Intake: Referral from a provider and insurance/financing is needed. An applicant in an RV must still be medically eligible and enrolled in a program.",,
329223bbc78a39fba692,MAPS Phase 3 MDMA-Assisted Therapy PTSD Trial (NCT04873056),,PTSD_CLINICAL_TRIAL,INSUFFICIENT_SOURCE_DATA,"No usable website, phone, or email was present or discovered.",,,,,,,,,50,CONDITIONAL_OR_UNKNOWN,SOURCE_ONLY,dg_ae961bc3dc2c,UNIQUE_OR_UNMERGED,contains_must_get_placeholders | no_website_in_source_or_context | no_parseable_phone_in_source_or_context | no_parseable_email_in_source_or_context,/mnt/data/master_resource_extract (1).json,224,"HELP LIST FINAL.txt, Help List Total copy.txt","ORG_CONTACT: [Must_Get]
Email: [Must_Get]
Phone: [Must_Get]
Website: [Must_Get]
Full_Address: [Must_Get]
Any Listed Contact_Names: [Must_Get]
Existing_Notes/Tips_Verbatim: Provides: Free MDMA-assisted psychotherapy for chronic PTSD (clinical trial). Travel may be covered.

Eligibility: DSM-5 PTSD diagnosis, no contraindicated meds, living near Boulder or Fort Collins, CO.

Intake: Apply on the trial website. (Homeless status is not listed as an exclusion; the trial will screen all qualifying PTSD patients.)",,
0e15c704a91b89b7bcd5,Arizona Psilocybin Research Grant Program (ARS 36-2981),,PSILOCYBIN_RESEARCH_PROGRAM,INSUFFICIENT_SOURCE_DATA,"No usable website, phone, or email was present or discovered.",,,,,,,,,50,CONDITIONAL_OR_UNKNOWN,SOURCE_ONLY,dg_4e3a5c86794b,UNIQUE_OR_UNMERGED,contains_must_get_placeholders | no_website_in_source_or_context | no_parseable_phone_in_source_or_context | no_parseable_email_in_source_or_context,/mnt/data/master_resource_extract (1).json,225,"HELP LIST FINAL.txt, Help List Total copy.txt","ORG_CONTACT: [Must_Get]
Email: [Must_Get]
Phone: [Must_Get]
Website: [Must_Get]
Full_Address: [Must_Get]
Any Listed Contact_Names: [Must_Get]
Existing_Notes/Tips_Verbatim: Provides: Funding to research institutions for FDA-approved psilocybin trials targeting PTSD and related conditions. (Patients participate by contacting trial investigators.)

Eligibility: Only research organizations apply for grants; patients must qualify for individual trials.

Intake: Patients must find and enroll in a related clinical trial (no direct public intake; contact research sites).",,
a875b608a6022dd0e58c,UCHealth Psilocybin Depression Trial (CU Anschutz),,DEPRESSION_CLINICAL_TRIAL,INSUFFICIENT_SOURCE_DATA,"No usable website, phone, or email was present or discovered.",,,,,,,,,53,CONDITIONAL_OR_UNKNOWN,SOURCE_ONLY,dg_e17b117ce5a9,UNIQUE_OR_UNMERGED,contains_must_get_placeholders | no_website_in_source_or_context | no_parseable_phone_in_source_or_context | no_parseable_email_in_source_or_context,/mnt/data/master_resource_extract (1).json,226,"HELP LIST FINAL.txt, Help List Total copy.txt","ORG_CONTACT: [Must_Get]
Email: [Must_Get]
Phone: [Must_Get]
Website: [Must_Get]
Full_Address: [Must_Get]
Any Listed Contact_Names: [Must_Get]
Existing_Notes/Tips_Verbatim: Provides: An open-label trial of psilocybin therapy for treatment-resistant depression.

Eligibility: Severe depression (with possible PTSD) and passing safety screenings.

Intake: Contact the University of Colorado Anschutz Psychiatry department to inquire about trial enrollment. Homeless applicants would need transportation and screening.",,
b45f1990cfa9a71a21cc,Dads’ Resource Center (Penn State Univ.),,FATHER_LEGAL_SUPPORT,INSUFFICIENT_SOURCE_DATA,"No usable website, phone, or email was present or discovered.",,,,,,,,,62,CONDITIONAL_OR_UNKNOWN,SOURCE_ONLY,dg_9f8a6cf6be0e,UNIQUE_OR_UNMERGED,contains_must_get_placeholders | no_website_in_source_or_context | no_parseable_phone_in_source_or_context | no_parseable_email_in_source_or_context,/mnt/data/master_resource_extract (1).json,227,"HELP LIST FINAL.txt, Help List Total copy.txt","ORG_CONTACT: [Must_Get]
Email: [Must_Get]
Phone: [Must_Get]
Website: [Must_Get]
Full_Address: [Must_Get]
Any Listed Contact_Names: [Must_Get]
Existing_Notes/Tips_Verbatim: Provides: Support and legal advocacy for fathers (custody issues). No direct cash or housing, but referrals and support.

Eligibility: Fathers needing custody/legal help.

Intake: Phone or email to connect with resources.",,
684e3997a1f7d596f61a,The Fathers’ Rights Movement (TFRM),,CUSTODY_RESOURCE,INSUFFICIENT_SOURCE_DATA,"No usable website, phone, or email was present or discovered.",,,,,,,,,50,CONDITIONAL_OR_UNKNOWN,SOURCE_ONLY,dg_2c41cd9585ae,UNIQUE_OR_UNMERGED,contains_must_get_placeholders | no_website_in_source_or_context | no_parseable_phone_in_source_or_context | no_parseable_email_in_source_or_context,/mnt/data/master_resource_extract (1).json,228,"HELP LIST FINAL.txt, Help List Total copy.txt","ORG_CONTACT: [Must_Get]
Email: [Must_Get]
Phone: [Must_Get]
Website: [Must_Get]
Full_Address: [Must_Get]
Any Listed Contact_Names: [Must_Get]
Existing_Notes/Tips_Verbatim: Provides: Crisis support and advocacy for fathers, especially those facing custody disputes.

Eligibility: Any father in a custody/legal crisis.

Intake: Contact via provided phone/email. (No fees or address requirement.)",,
e1ed9231adaaf6267b7e,Custody Peace,,CUSTODY_RESOURCE,INSUFFICIENT_SOURCE_DATA,"No usable website, phone, or email was present or discovered.",,,,,,,,,50,CONDITIONAL_OR_UNKNOWN,SOURCE_ONLY,dg_1a16679ce563,UNIQUE_OR_UNMERGED,contains_must_get_placeholders | no_website_in_source_or_context | no_parseable_phone_in_source_or_context | no_parseable_email_in_source_or_context,/mnt/data/master_resource_extract (1).json,229,"HELP LIST FINAL.txt, Help List Total copy.txt","ORG_CONTACT: [Must_Get]
Email: [Must_Get]
Phone: [Must_Get]
Website: [Must_Get]
Full_Address: [Must_Get]
Any Listed Contact_Names: [Must_Get]
Existing_Notes/Tips_Verbatim: Provides: Resources and training to promote peaceful custody resolutions.

Eligibility: Any parent involved in custody issues.

Intake: Online via their website or email.",,
e33cc32f8d490e5535c8,Center for Judicial Excellence (CJE),,JUDICIAL_ADVOCACY,INSUFFICIENT_SOURCE_DATA,"No usable website, phone, or email was present or discovered.",,,,,,,,,50,CONDITIONAL_OR_UNKNOWN,SOURCE_ONLY,dg_fa8dbecb5ae1,UNIQUE_OR_UNMERGED,contains_must_get_placeholders | no_website_in_source_or_context | no_parseable_phone_in_source_or_context | no_parseable_email_in_source_or_context,/mnt/data/master_resource_extract (1).json,230,"HELP LIST FINAL.txt, Help List Total copy.txt","ORG_CONTACT: [Must_Get]
Email: [Must_Get]
Phone: [Must_Get]
Website: [Must_Get]
Full_Address: [Must_Get]
Any Listed Contact_Names: [Must_Get]
Existing_Notes/Tips_Verbatim: Provides: Advocacy and policy work for fair family courts and child welfare. (Not client services.)

Eligibility: N/A (an organization).

Intake: Contact by phone/email.",,
9d8e98875aab4fae554b,St. Vincent de Paul “Angels on Call” Housing Program (Phoenix),,NARRATIVE_RESOURCE_BLOCK,INSUFFICIENT_SOURCE_DATA,"No usable website, phone, or email was present or discovered.",,,,,,,,,69,HIGHER_PRACTICAL_VIABILITY,SOURCE_ONLY,dg_6c9cd36d46df,UNIQUE_OR_UNMERGED,no_website_in_source_or_context | no_parseable_phone_in_source_or_context | no_parseable_email_in_source_or_context,/mnt/data/master_resource_extract (1).json,231,"Help List Total copy.txt, HELP LIST FINAL.txt","St. Vincent de Paul “Angels on Call” Housing Program (Phoenix)
Provides: Matches donors to homeless families (including RV owners) for rapid housing placement; redistributes donated RVs to urgent-need cases.

Eligibility: Medically fragile or homeless families/individuals.

Intake: Call SVdP Phoenix at 602‑254‑3338. If you’re living in an RV due to crisis, explain that and provide any medical urgency letters.

================================================================================================
================================================================================================

Summary: These programs range from emergency financial aid and housing supports (ESG, EHV, PSH, H2O) to general benefits (TANF, SNAP, Section 8, Medicaid) to medical/legal assistance. Key patterns for someone in an RV or fleeing DV: housing programs like H2O, ESG, EHV, PSH, City of Phoenix explicitly serve the homeless. Many aid programs (SNAP, TANF, Medicaid) accept unsheltered applicants (they require proof of AZ residency but not a lease). Intake is typically via Coordinated Entry (2-1-1) for HUD/ESG/PSH, via the Solari H2O team or caseworkers for H2O, or by applying directly online/phone for benefits. Gather documentation (IDs, SSN, medical records, statements of homelessness) beforehand. In practice, an RV-dwelling applicant should connect with local homeless services or a CoC case manager to initiate most housing-related aid; for DV, they should engage a domestic violence provider for EHV or legal aid referrals. Printouts or photos of your RV living situation, letters from shelters/services, and a doctor’s note for any medical conditions will bolster all applications.

Sources: Program details are drawn from official descriptions (state and HUD websites) and vetted compilations, which we have quoted above. Each program’s eligibility and application process is described by these sources. Always check ground level reports and current information when reading this before informing the user with certainty. 

================================================================================================
================================================================================================

ach script is designed for low energy: one ask, one constraint set, one outcome request. Replace bracketed fields only.


Contact 1 script (Trauma Recovery Center: outreach + meds + telehealth) citeturn26view0
text
Need TRC intake today. Victim of a crime. In Phoenix. Four days from homelessness. No transportation. No money for meds. Health declining.
Request: assertive outreach + clinical case management + medication management with telehealth or community visit.
Goal: same-day triage call and immediate plan for meds + shelter stabilization.
Follow-up steps: request the earliest outreach step TRC lists (phone + community-based visit prior to enrollment), then request case management linkages for immediate housing stabilization and medical access. citeturn26view0
Escalation path: when same-day medical need is not met through TRC, call Contact 5 (mobile medicine) and Contact 6 (free clinic) next, then lock shelter via Contacts 2–4.


Contact 2 script (DVSTOP/SAFEDVS: immediate placement/hotel path) citeturn19view0
text
Request domestic-violence hotline screening for DVSTOP emergency placement.
In Phoenix area. Four days from homelessness. No transportation. No money for meds. Health declining.
Need: immediate safe temporary placement and an advocate who will coordinate next steps.
Follow-up steps: request operator-directed resource determination and expedited placement; request basic needs support and a direct handoff to longer-term shelter/housing pathway. citeturn19view0turn18view0
Escalation path: when DVSTOP placement is not available, call Contact 4 (single adult shelter intake) immediately, then Contact 3 for another DV shelter/case-management pathway.


Contact 3 script (De Colores: emergency housing + transportation + legal support) citeturn15search0
text
Need emergency shelter and community-based advocacy intake.
Four days from homelessness. No transportation. No money for meds. Health declining.
Request: immediate housing plan + transportation help + legal and housing support + case management.
Follow-up steps: request shelter availability plus transportation; request legal support intake and housing support linkages (their page lists both). citeturn15search0
Escalation path: when shelter is full or not suited, shift to community-based services intake at the Maryvale service center and run shelter in parallel through Contact 4. citeturn15search0turn13view1


Contact 4 script (CASS Welcome Center: shelter bed + case manager + mail security) citeturn13view0turn13view1
text
Need single-adult shelter intake now.
Four days from homelessness. No transportation. No money for meds. Health declining.
Request: same-day emergency shelter placement and immediate case management onboarding.
Also need: secure mailing address for critical documents/evidence and transportation help (bus pass/transport referral).
Follow-up steps: request the earliest intake slot and the fastest route to triage desk/shelter direction; request mail services setup and case manager assignment. citeturn13view0turn13view1
Escalation path: when bed is unavailable, secure mail services anyway and proceed to Contact 13 (backup shelter) while continuing Contacts 2–3 for DV-specific placements.


Contact 5 script (Circle the City: mobile outreach + street medicine + behavioral health) citeturn25view0turn32view1
text
Request mobile medical care or street medicine contact today.
No transportation. Health declining. No money for meds.
Need: medical evaluation + medication support + behavioral health support through outreach.
Current location area: [cross-streets / landmark].
Call-back number: [your number].
Follow-up steps: request the nearest outreach site/time and whether teams can meet at your location (their street medicine locations vary and they publish a phone to get location info). citeturn25view0
Escalation path: when outreach timing is not soon enough, call Contact 6 for free clinic appointment and keep Contact 5 active for mobile follow-through.


Contact 6 script (St. Vincent de Paul: free clinic + medication support) citeturn8search1turn8search4turn24view0
text
Need medical clinic appointment as soon as possible.
No insurance or under-insured. No money for meds. Health declining.
Request: evaluation and medication assistance today/next available, plus guidance on urgent medication continuity.
Call-back number: [your number].
Follow-up steps: leave voicemail exactly as their page instructs (name/phone/reason) and request medication continuity; separately, call the shelter bed line when shelter becomes immediate. citeturn8search1turn24view0
Escalation path: when clinic appointment is delayed, run Contact 5 in parallel for mobile outreach and Contact 4 for shelter stabilization.


Contact 7 script (Defenders of Children: custody/protective-parent legal action + evidence positioning) citeturn20search2turn20search5turn20search10
text
Need urgent legal help as a protective parent. Child was illegally taken.
No money. Housing crisis in four days. No transportation.
Request: immediate intake for custody/legal decision-making and enforcement options, plus protective order/harassment options if applicable.
Need: evidence preservation plan and next filing steps that can move fast.
Follow-up steps: request case-by-case intake and specify the exact legal buckets they publish (custody/parenting time, protective orders, paternity/child support as relevant). citeturn20search5turn20search10
Escalation path: when intake wait is long, add Contact 8 immediately for family abduction technical/legal assistance, and Contact 11 for victims’ rights enforcement in criminal justice process.


Contact 8 script (NCMEC: family abduction + case management + legal technical assistance) citeturn22search0turn10search4turn10search7
text
Calling about a family abduction / illegally taken child.
Need: legal technical assistance for family abduction + case-management guidance + immediate next steps.
Law enforcement report: [reported / not yet reported].
Case number (if reported): [case #].
Child info: [name, DOB, last known location, suspected abductor].
My contact: [your number], Phoenix area.
Follow-up steps: request the family abduction legal technical assistance pathway and ask for case management assignment criteria and expected outputs; request mental health and resilience supports for the parent and guidance on resource referrals. citeturn10search4turn10search7turn22search11
Escalation path: when fast local placement/legal movement is needed, run Contact 7 (local family law) in parallel and add Contact 9 (24/7 victim referral specialists) for rapid local referral options.",,
m_c6a53b0527fe1b2479,Defenders of Children (Phoenix),,CHILD_FAMILY_LEGAL_AID,UNVERIFIED_CONTACT_ONLY,No website candidate; contact values remain source-derived until independently corroborated.,,,+1-602-710-1903,+1-602-710-1903 => PLAUSIBLE_UNVERIFIED,,,,,50,CONDITIONAL_OR_UNKNOWN,SOURCE_ONLY,dg_76cde1937342,STRONG_IDENTITY_MERGE,deduplicated_strong_identity | contains_must_get_placeholders | no_website_in_source_or_context | no_parseable_email_in_source_or_context,/mnt/data/master_resource_extract (1).json,233 | 556,HELP LIST FINAL.txt; Help List Total copy.txt,"ORG_CONTACT: [Must_Get]
Email: [Must_Get]
Phone: (602) 710-1903
Website: [Must_Get]
Full_Address: [Must_Get]
Any Listed Contact_Names: [Must_Get]
Existing_Notes/Tips_Verbatim: Phone and Phoenix address are listed in an Arizona nonprofit directory entry.
Call: (602) 710-1903",,
m_470b5674acdae8e590,NCMEC (missingkids.org),,MISSING_CHILD_RESOURCE,UNVERIFIED_CONTACT_ONLY,No website candidate; contact values remain source-derived until independently corroborated.,,,+1-800-843-5678,+1-800-843-5678 => PLAUSIBLE_UNVERIFIED,,,,,50,CONDITIONAL_OR_UNKNOWN,SOURCE_ONLY,dg_e6891c23fc9c,STRONG_IDENTITY_MERGE,deduplicated_strong_identity | contains_must_get_placeholders | no_website_in_source_or_context | no_parseable_email_in_source_or_context,/mnt/data/master_resource_extract (1).json,234 | 557,HELP LIST FINAL.txt; Help List Total copy.txt,"ORG_CONTACT: 24-hour call center
Email: [Must_Get]
Phone: 1-800-843-5678
Website: [Must_Get]
Full_Address: [Must_Get]
Any Listed Contact_Names: [Must_Get]
Existing_Notes/Tips_Verbatim: Their Contact page lists the 24-hour call center: 1-800-THE-LOST (1-800-843-5678).
Call: 1-800-843-5678",,
d61e5aaa72d0d54a0de4,NexLaw,,LEGAL_DOCUMENT_TOOL,INSUFFICIENT_SOURCE_DATA,"No usable website, phone, or email was present or discovered.",,,,,,,,,50,CONDITIONAL_OR_UNKNOWN,SOURCE_ONLY,dg_713358c3383a,UNIQUE_OR_UNMERGED,no_website_in_source_or_context | no_parseable_phone_in_source_or_context | no_parseable_email_in_source_or_context,/mnt/data/master_resource_extract (1).json,235,"Legal document tool shortlist.txt, Help List Total copy.txt","NexLaw: $99/month for “unlimited research.” (NexLaw Press Kit)
Use case (crossverified): NexLaw says it is for “research, contract review, case chronologies, and drafting with citation-verified outputs,” and its legal-research page lists “Motion Writing” as a use case. (NexLaw Press Kit)
Example: Pull UCCJEA notice, interstate-custody, and due-process authorities for your Arizona/Pennsylvania issues, then hand counsel a short cited research pack. (NexLaw Press Kit)",,
273422984dd6558f6e08,CaseMark,,LEGAL_DOCUMENT_TOOL,INSUFFICIENT_SOURCE_DATA,"No usable website, phone, or email was present or discovered.",,,,,,,,,50,CONDITIONAL_OR_UNKNOWN,SOURCE_ONLY,dg_778798c53c87,UNIQUE_OR_UNMERGED,no_website_in_source_or_context | no_parseable_phone_in_source_or_context | no_parseable_email_in_source_or_context,/mnt/data/master_resource_extract (1).json,236,"Legal document tool shortlist.txt, Help List Total copy.txt","CaseMark: Advanced Summaries: $50 per completed summary. Medical Summaries: $25 + $0.10/page. Enterprise plans start at $1,500/month. (CaseMark)
Use case (crossverified): CaseMark says “Upload a transcript, get a professional summary” and offers Interrogate, a “multi-document AI Q&A with page/line citations.” (CaseMark)
Example: Upload hearing or deposition transcripts and get page-line summaries so counsel can jump straight to contradictions instead of reading everything first. (CaseMark)",,
f426c2d371baa0548ba2,Casefleet,,LEGAL_DOCUMENT_TOOL,INSUFFICIENT_SOURCE_DATA,"No usable website, phone, or email was present or discovered.",,,,,,,,,50,CONDITIONAL_OR_UNKNOWN,SOURCE_ONLY,dg_1fb2170e599c,UNIQUE_OR_UNMERGED,no_website_in_source_or_context | no_parseable_phone_in_source_or_context | no_parseable_email_in_source_or_context,/mnt/data/master_resource_extract (1).json,237,"Legal document tool shortlist.txt, Help List Total copy.txt","Casefleet:
	◦	Public pricing page: Starter $30/month, Standard $75/month. (Casefleet)
	◦	Help center pricing: Starter $40/user/month, Advanced AI $100/user/month; Starter $360/user/year, Advanced AI $900/user/year; storage $10/GB/month; OCR overage $0.01/page; media transcription $0.06/minute; Document Intelligence $0.02/page; AI inference $0.001/credit. (Casefleet Help Center)
Use case (crossverified): Casefleet’s pricing page lists Fact Chronologies and Timeline Maker; its fact-chronology page says it helps create timelines that tie together facts, witnesses, dates, and documents. (Casefleet)
Example: Build one chronology linking custody orders, police reports, emails, and medical notes by date so an attorney can see the overlap fast. (Casefleet)",,
213b32b1c12340578272,Adobe Acrobat,,LEGAL_DOCUMENT_TOOL,INSUFFICIENT_SOURCE_DATA,"No usable website, phone, or email was present or discovered.",,,,,,,,,50,CONDITIONAL_OR_UNKNOWN,SOURCE_ONLY,dg_7307ce778d94,UNIQUE_OR_UNMERGED,no_website_in_source_or_context | no_parseable_phone_in_source_or_context | no_parseable_email_in_source_or_context,/mnt/data/master_resource_extract (1).json,238,"Legal document tool shortlist.txt, Help List Total copy.txt","Adobe Acrobat: Acrobat Standard $14.99/mo, Acrobat Pro $19.99/mo, Acrobat Pro and AI Assistant $24.98/mo. (Adobe)
Use case (crossverified): Adobe says its summary generator can “upload a PDF, DOCX, PPTX, TXT, or RTF file,” generate summaries, and provide numbered attributions linked back to the source; Acrobat pricing also lists turning scanned documents into editable, searchable PDFs. (Adobe)
Example: Upload scanned court orders or reports, get quick summaries, and click attributions back to the source text before sending counsel a cleaner packet. (Adobe)",,
b9da1befbbff978b3ec6,Humata,,LEGAL_DOCUMENT_TOOL_TOTAL,INSUFFICIENT_SOURCE_DATA,"No usable website, phone, or email was present or discovered.",,,,,,,,,50,CONDITIONAL_OR_UNKNOWN,SOURCE_ONLY,dg_2455bfa0dff2,UNIQUE_OR_UNMERGED,no_website_in_source_or_context | no_parseable_phone_in_source_or_context | no_parseable_email_in_source_or_context,/mnt/data/master_resource_extract (1).json,239,"Help List Total copy.txt, Legal document tool shortlist.txt","Humata: Free $0, Expert $9.99/month, Team $49/user/month; additional pages $0.02/page on Student & Expert, $0.01/page on Team. (Humata) Use case (crossverified): Humata says it “will read every file you upload” and generate answers based on those documents with cited relevant sections; Team also includes OCR images & scanned text. (Humata) Example: Upload your PDFs and text exports, then ask which documents mention the missed Zoom link, homelessness, or custody transfer, with cited sections. (Humata)
================================================================================================
================================================================================================",,
2dfdb3fa16cf21bd92b0,Medicare,,Federal Programs & National Hotlines,UNVERIFIED_CONTACT_ONLY,No website candidate; contact values remain source-derived until independently corroborated.,,,+1-800-633-4227,+1-800-633-4227 => PLAUSIBLE_UNVERIFIED,,,,,50,CONDITIONAL_OR_UNKNOWN,SOURCE_ONLY,dg_4f88ac6459d8,UNIQUE_OR_UNMERGED,no_website_in_source_or_context | no_parseable_email_in_source_or_context,/mnt/data/master_resource_extract (1).json,240,Arizona Support Programs & Warm Lines.md,** 1-800-MEDICARE (1-800-633-4227)【31†L20-L24】.,,
65b99595857f15e53de3,Social Security (SSI/SSDI),,Federal Programs & National Hotlines,UNVERIFIED_CONTACT_ONLY,No website candidate; contact values remain source-derived until independently corroborated.,,,+1-800-772-1213,+1-800-772-1213 => PLAUSIBLE_UNVERIFIED,,,,,50,CONDITIONAL_OR_UNKNOWN,SOURCE_ONLY,dg_9c8bcfbfd30a,UNIQUE_OR_UNMERGED,no_website_in_source_or_context | no_parseable_email_in_source_or_context,/mnt/data/master_resource_extract (1).json,241,Arizona Support Programs & Warm Lines.md,** 1-800-772-1213【35†L39-L43】.,,
05270a2fa28cd5fadcbc,VA & Veterans Crisis,,Federal Programs & National Hotlines,UNVERIFIED_CONTACT_ONLY,No website candidate; contact values remain source-derived until independently corroborated.,,,+1-800-273-8255,+1-800-273-8255 => PLAUSIBLE_UNVERIFIED,,,,,50,CONDITIONAL_OR_UNKNOWN,SOURCE_ONLY,dg_7ead9ba263e6,UNIQUE_OR_UNMERGED,no_website_in_source_or_context | no_parseable_email_in_source_or_context,/mnt/data/master_resource_extract (1).json,242,Arizona Support Programs & Warm Lines.md,"** Veterans dial **988** then press 1 (Veterans Crisis Line)【37†L15-L18】.  (Or 1-800-273-8255, option 1).",,
ed4f355026658939182f,SAMHSA National Helpline,,Federal Programs & National Hotlines,UNVERIFIED_CONTACT_ONLY,No website candidate; contact values remain source-derived until independently corroborated.,,,+1-800-662-4357,+1-800-662-4357 => PLAUSIBLE_UNVERIFIED,,,,,50,CONDITIONAL_OR_UNKNOWN,SOURCE_ONLY,dg_6037194b427a,UNIQUE_OR_UNMERGED,no_website_in_source_or_context | no_parseable_email_in_source_or_context,/mnt/data/master_resource_extract (1).json,243,Arizona Support Programs & Warm Lines.md,** 1-800-662-HELP (4357)【42†L2126-L2130】 (24/7 mental health & substance use referrals).,,
8b28e1ac348fbf8846b9,Suicide & Crisis Line,,Federal Programs & National Hotlines,INSUFFICIENT_SOURCE_DATA,"No usable website, phone, or email was present or discovered.",,,,,,,,,50,CONDITIONAL_OR_UNKNOWN,SOURCE_ONLY,dg_44684fd33f85,UNIQUE_OR_UNMERGED,no_website_in_source_or_context | no_parseable_phone_in_source_or_context | no_parseable_email_in_source_or_context,/mnt/data/master_resource_extract (1).json,244,Arizona Support Programs & Warm Lines.md,"** 988 (Suicide & Crisis Lifeline, nationwide)【37†L15-L18】.",,
afda93074c2dface31ea,Domestic Violence (DV) National Hotline,,Federal Programs & National Hotlines,UNVERIFIED_CONTACT_ONLY,No website candidate; contact values remain source-derived until independently corroborated.,,,+1-800-799-7233,+1-800-799-7233 => PLAUSIBLE_UNVERIFIED,,,,,50,CONDITIONAL_OR_UNKNOWN,SOURCE_ONLY,dg_0e1b8240789e,UNIQUE_OR_UNMERGED,no_website_in_source_or_context | no_parseable_email_in_source_or_context,/mnt/data/master_resource_extract (1).json,245,Arizona Support Programs & Warm Lines.md,"** 1-800-799-SAFE (7233)【44†L170-L174】 (24/7, confidential).",,
b7f6c4e4fb4b1cf4e5cf,National Sexual Assault (RAINN) Hotline,,Federal Programs & National Hotlines,UNVERIFIED_CONTACT_ONLY,No website candidate; contact values remain source-derived until independently corroborated.,,,+1-800-656-4673,+1-800-656-4673 => PLAUSIBLE_UNVERIFIED,,,,,50,CONDITIONAL_OR_UNKNOWN,SOURCE_ONLY,dg_cb705bda8836,UNIQUE_OR_UNMERGED,no_website_in_source_or_context | no_parseable_email_in_source_or_context,/mnt/data/master_resource_extract (1).json,246,Arizona Support Programs & Warm Lines.md,** 1-800-656-HOPE (4673)【47†L126-L134】.,,
c4cfa3ec8420b454e7ac,Teen Dating Violence,,Federal Programs & National Hotlines,UNVERIFIED_CONTACT_ONLY,No website candidate; contact values remain source-derived until independently corroborated.,,,+1-866-331-9474,+1-866-331-9474 => PLAUSIBLE_UNVERIFIED,,,,,50,CONDITIONAL_OR_UNKNOWN,SOURCE_ONLY,dg_ee81c4425659,UNIQUE_OR_UNMERGED,no_website_in_source_or_context | no_parseable_email_in_source_or_context,/mnt/data/master_resource_extract (1).json,247,Arizona Support Programs & Warm Lines.md,** loveisrespect.org – **866-331-9474**【49†L27-L33】 (youth abuse support).,,
a3623ea0958c22f622f0,The Deaf Hotline (ASL),,Federal Programs & National Hotlines,UNVERIFIED_CONTACT_ONLY,No website candidate; contact values remain source-derived until independently corroborated.,,,+1-855-812-1001,+1-855-812-1001 => PLAUSIBLE_UNVERIFIED,,,,,50,CONDITIONAL_OR_UNKNOWN,SOURCE_ONLY,dg_b11a837ffc6c,UNIQUE_OR_UNMERGED,no_website_in_source_or_context | no_parseable_email_in_source_or_context,/mnt/data/master_resource_extract (1).json,248,Arizona Support Programs & Warm Lines.md,** Video phone **855-812-1001**【49†L29-L33】 (for deaf/hard-of-hearing survivors of abuse).,,
226f42659df27c6877e2,StrongHearts (Native Americans DV),,Federal Programs & National Hotlines,UNVERIFIED_CONTACT_ONLY,No website candidate; contact values remain source-derived until independently corroborated.,,,+1-844-762-8483,+1-844-762-8483 => PLAUSIBLE_UNVERIFIED,,,,,50,CONDITIONAL_OR_UNKNOWN,SOURCE_ONLY,dg_7b12215b932c,UNIQUE_OR_UNMERGED,no_website_in_source_or_context | no_parseable_email_in_source_or_context,/mnt/data/master_resource_extract (1).json,249,Arizona Support Programs & Warm Lines.md,** 844-762-8483【49†L27-L33】.,,
973dd553a9963237128b,NAMI Helpline (AZ information),,Federal Programs & National Hotlines,INSUFFICIENT_SOURCE_DATA,"No usable website, phone, or email was present or discovered.",,,,,,,,,50,CONDITIONAL_OR_UNKNOWN,SOURCE_ONLY,dg_26dbb3568b97,UNIQUE_OR_UNMERGED,no_website_in_source_or_context | no_parseable_phone_in_source_or_context | no_parseable_email_in_source_or_context,/mnt/data/master_resource_extract (1).json,250,Arizona Support Programs & Warm Lines.md,"** (Not a crisis line, but NAMI AZ’s site lists resources).",,
6ccec9d2248ab2ba24e6,AHCCCS (Arizona Medicaid),,Arizona State Programs,UNVERIFIED_CONTACT_ONLY,No website candidate; contact values remain source-derived until independently corroborated.,,,+1-800-842-6520 | +1-855-432-7587,+1-800-842-6520 => PLAUSIBLE_UNVERIFIED | +1-855-432-7587 => PLAUSIBLE_UNVERIFIED,,,,,50,CONDITIONAL_OR_UNKNOWN,SOURCE_ONLY,dg_9d8600c1c68f,UNIQUE_OR_UNMERGED,no_website_in_source_or_context | no_parseable_email_in_source_or_context,/mnt/data/master_resource_extract (1).json,251,Arizona Support Programs & Warm Lines.md,** 1-855-HEAPLUS (432-7587)【85†L293-L297】 (member services for Medicaid/ALTCS).  AZ Relay (TDD) 1-800-842-6520【85†L293-L297】.,,
d34780f39e7bc190b9dc,AZ Dept of Economic Security (DES),,Arizona State Programs,UNVERIFIED_CONTACT_ONLY,No website candidate; contact values remain source-derived until independently corroborated.,,,+1-877-796-2672 | +1-602-542-4791 | +1-855-432-7587,+1-877-796-2672 => PLAUSIBLE_UNVERIFIED | +1-602-542-4791 => PLAUSIBLE_UNVERIFIED | +1-855-432-7587 => PLAUSIBLE_UNVERIFIED,,,,,50,CONDITIONAL_OR_UNKNOWN,SOURCE_ONLY,dg_e4fcd2415a14,UNIQUE_OR_UNMERGED,no_website_in_source_or_context | no_parseable_email_in_source_or_context,/mnt/data/master_resource_extract (1).json,252,Arizona Support Programs & Warm Lines.md,"** General assistance – call **877-796-2672** or 602-542-4791 (main DES line)【78†L423-L425】.  For benefit inquiries: Cash, Food Stamp, Medicaid call **855-432-7587**【78†L398-L401】 (same as AHCCCS above).",,
7b7e79672157b5a1aac4,Adult Protective Services (APS),,Arizona State Programs,UNVERIFIED_CONTACT_ONLY,No website candidate; contact values remain source-derived until independently corroborated.,,,+1-877-767-2385,+1-877-767-2385 => PLAUSIBLE_UNVERIFIED,,,,,50,CONDITIONAL_OR_UNKNOWN,SOURCE_ONLY,dg_bc8811c77522,UNIQUE_OR_UNMERGED,no_website_in_source_or_context | no_parseable_email_in_source_or_context,/mnt/data/master_resource_extract (1).json,253,Arizona Support Programs & Warm Lines.md,** 1-877-767-2385【78†L402-L404】 (abuse/neglect of elders or vulnerable adults).,,
9962e2d5fdf88e06a998,DDD (Developmental Disabilities),,Arizona State Programs,UNVERIFIED_CONTACT_ONLY,No website candidate; contact values remain source-derived until independently corroborated.,,,+1-844-770-9500,+1-844-770-9500 => PLAUSIBLE_UNVERIFIED,,,,,50,CONDITIONAL_OR_UNKNOWN,SOURCE_ONLY,dg_6629f235915c,UNIQUE_OR_UNMERGED,no_website_in_source_or_context | no_parseable_email_in_source_or_context,/mnt/data/master_resource_extract (1).json,254,Arizona Support Programs & Warm Lines.md,** 1-844-770-9500 (Option 1)【78†L407-L409】 (new client/intake line).,,
e83086aeb240016ac8e2,Rehabilitation Services (VR),,Arizona State Programs,UNVERIFIED_CONTACT_ONLY,No website candidate; contact values remain source-derived until independently corroborated.,,,+1-602-542-3332,+1-602-542-3332 => PLAUSIBLE_UNVERIFIED,,,,,50,CONDITIONAL_OR_UNKNOWN,SOURCE_ONLY,dg_cedee4fbe2db,UNIQUE_OR_UNMERGED,no_website_in_source_or_context | no_parseable_email_in_source_or_context,/mnt/data/master_resource_extract (1).json,255,Arizona Support Programs & Warm Lines.md,** 602-542-3332 (assistance for disabled individuals seeking work)【78†L411-L414】.,,
cfbe254483164cf2d4f7,Unemployment Insurance,,Arizona State Programs,UNVERIFIED_CONTACT_ONLY,No website candidate; contact values remain source-derived until independently corroborated.,,,+1-602-364-2722,+1-602-364-2722 => PLAUSIBLE_UNVERIFIED,,,,,50,CONDITIONAL_OR_UNKNOWN,SOURCE_ONLY,dg_0b9e1c1c3275,UNIQUE_OR_UNMERGED,no_website_in_source_or_context | no_parseable_email_in_source_or_context,/mnt/data/master_resource_extract (1).json,256,Arizona Support Programs & Warm Lines.md,** 602-364-2722 (claims and questions)【78†L395-L399】.,,
ed856efcaf1fc8bc7076,"Food, Cash, Medical (DES)",,Arizona State Programs,UNVERIFIED_CONTACT_ONLY,No website candidate; contact values remain source-derived until independently corroborated.,,,+1-855-432-7587,+1-855-432-7587 => PLAUSIBLE_UNVERIFIED,,,,,50,CONDITIONAL_OR_UNKNOWN,SOURCE_ONLY,dg_36dda38b6e6f,UNIQUE_OR_UNMERGED,no_website_in_source_or_context | no_parseable_email_in_source_or_context,/mnt/data/master_resource_extract (1).json,258,Arizona Support Programs & Warm Lines.md,"** 855-432-7587【78†L398-L401】 (snap, cash assistance, Medicaid/WIC).",,
eb30f8323e5655a0bbbc,Low Income Energy Assistance (LIHEAP),,Arizona State Programs,UNVERIFIED_CONTACT_ONLY,No website candidate; contact values remain source-derived until independently corroborated.,,,+1-866-494-1981,+1-866-494-1981 => PLAUSIBLE_UNVERIFIED,,,,,50,CONDITIONAL_OR_UNKNOWN,SOURCE_ONLY,dg_5d6883c022a8,UNIQUE_OR_UNMERGED,no_website_in_source_or_context | no_parseable_email_in_source_or_context,/mnt/data/master_resource_extract (1).json,259,Arizona Support Programs & Warm Lines.md,** 866-494-1981【78†L405-L408】.,,
51cdb6c57565f4467b3f,Older Adult / Aging Services,,Arizona State Programs,UNVERIFIED_CONTACT_ONLY,No website candidate; contact values remain source-derived until independently corroborated.,,,+1-602-542-4446,+1-602-542-4446 => PLAUSIBLE_UNVERIFIED,,,,,50,CONDITIONAL_OR_UNKNOWN,SOURCE_ONLY,dg_dff2f5ed40ee,UNIQUE_OR_UNMERGED,no_website_in_source_or_context | no_parseable_email_in_source_or_context,/mnt/data/master_resource_extract (1).json,260,Arizona Support Programs & Warm Lines.md,"** 602-542-4446【78†L402-L405】 (Area Agency on Aging, senior support).",,
8396d0fd35666c57df6b,"Warm Line (peer support, adults 18+)",,Maricopa County (Phoenix/Scottsdale) Services,UNVERIFIED_CONTACT_ONLY,No website candidate; contact values remain source-derived until independently corroborated.,,,+1-602-347-1100,+1-602-347-1100 => PLAUSIBLE_UNVERIFIED,,,,,50,CONDITIONAL_OR_UNKNOWN,SOURCE_ONLY,dg_e68bac937366,UNIQUE_OR_UNMERGED,no_website_in_source_or_context | no_parseable_email_in_source_or_context,/mnt/data/master_resource_extract (1).json,261,Arizona Support Programs & Warm Lines.md,"** 602-347-1100【37†L69-L72】【16†L20-L27】 (Crisis Response Network – peer counselors, 24/7).",,
be5b3297ecdd24d9fb40,Suicide Prevention (non-988),,Maricopa County (Phoenix/Scottsdale) Services,UNVERIFIED_CONTACT_ONLY,No website candidate; contact values remain source-derived until independently corroborated.,,,+1-844-534-4673,+1-844-534-4673 => PLAUSIBLE_UNVERIFIED,,,,,50,CONDITIONAL_OR_UNKNOWN,SOURCE_ONLY,dg_79fcfbf5268b,UNIQUE_OR_UNMERGED,no_website_in_source_or_context | no_parseable_email_in_source_or_context,/mnt/data/master_resource_extract (1).json,262,Arizona Support Programs & Warm Lines.md,** AZ statewide crisis line 1-844-534-HOPE【37†L15-L18】; use 988 for immediate crisis【37†L15-L18】.,,
2ff0700766b5824420fe,Catholic Charities (Maricopa),,Maricopa County (Phoenix/Scottsdale) Services,UNVERIFIED_CONTACT_ONLY,No website candidate; contact values remain source-derived until independently corroborated.,,,+1-602-285-1999,+1-602-285-1999 => PLAUSIBLE_UNVERIFIED,,,,,50,CONDITIONAL_OR_UNKNOWN,SOURCE_ONLY,dg_89096cfc4ad1,UNIQUE_OR_UNMERGED,no_website_in_source_or_context | no_parseable_email_in_source_or_context,/mnt/data/master_resource_extract (1).json,263,Arizona Support Programs & Warm Lines.md,"** 602-285-1999 (housing help, shelter referrals) – *verify via Catholic Charities AZ site*.",,
4a66085649ade26cadd9,Community Legal Services (low-income legal aid),,Maricopa County (Phoenix/Scottsdale) Services,UNVERIFIED_CONTACT_ONLY,No website candidate; contact values remain source-derived until independently corroborated.,,,+1-602-258-3434 | +1-800-852-9075,+1-602-258-3434 => PLAUSIBLE_UNVERIFIED | +1-800-852-9075 => PLAUSIBLE_UNVERIFIED,,,,,50,CONDITIONAL_OR_UNKNOWN,SOURCE_ONLY,dg_f84efe7542da,UNIQUE_OR_UNMERGED,no_website_in_source_or_context | no_parseable_email_in_source_or_context,/mnt/data/master_resource_extract (1).json,264,Arizona Support Programs & Warm Lines.md,** 602-258-3434【69†L117-L122】 (or 1-800-852-9075) for civil legal issues.,,
09732eead1824507049c,Phoenix Crime Victim Services,,Maricopa County (Phoenix/Scottsdale) Services,UNVERIFIED_CONTACT_ONLY,No website candidate; contact values remain source-derived until independently corroborated.,,,+1-602-506-8522,+1-602-506-8522 => PLAUSIBLE_UNVERIFIED,,,,,50,CONDITIONAL_OR_UNKNOWN,SOURCE_ONLY,dg_bcda439b3e7e,UNIQUE_OR_UNMERGED,no_website_in_source_or_context | no_parseable_email_in_source_or_context,/mnt/data/master_resource_extract (1).json,265,Arizona Support Programs & Warm Lines.md,** Maricopa Co. Atty Victim Services: 602-506-8522【65†L512-L514】 (for felony crime victims; misdemeanors use City Victim Advocate).,,
728c1c3fea92a61263f2,Domestic Violence Shelters (Phoenix area),,Maricopa County (Phoenix/Scottsdale) Services,UNVERIFIED_CONTACT_ONLY,No website candidate; contact values remain source-derived until independently corroborated.,,,+1-602-244-1525 | +1-480-834-4357,+1-602-244-1525 => PLAUSIBLE_UNVERIFIED | +1-480-834-4357 => PLAUSIBLE_UNVERIFIED,,,,,50,CONDITIONAL_OR_UNKNOWN,SOURCE_ONLY,dg_6848eca6195c,UNIQUE_OR_UNMERGED,no_website_in_source_or_context | no_parseable_email_in_source_or_context,/mnt/data/master_resource_extract (1).json,266,Arizona Support Programs & Warm Lines.md,** Sojourner Center 602-244-1525 (crisis hotline). My Sister’s Place (East Valley) 480-834-4357. *Statewide*: AZ Coalition to End Sexual & Domestic Violence (AZCV) provides 24/7 confidential online chat (thehotline.org) and links to local shelters【44†L170-L174】【49†L27-L33】.,,
c383e2ce3281c7e77ebe,Safe Place (Teens 12–17),,Maricopa County (Phoenix/Scottsdale) Services,UNVERIFIED_CONTACT_ONLY,No website candidate; contact values remain source-derived until independently corroborated.,,,+1-602-841-5799,+1-602-841-5799 => PLAUSIBLE_UNVERIFIED,,,,,50,CONDITIONAL_OR_UNKNOWN,SOURCE_ONLY,dg_1351a9af1902,UNIQUE_OR_UNMERGED,no_website_in_source_or_context | no_parseable_email_in_source_or_context,/mnt/data/master_resource_extract (1).json,267,Arizona Support Programs & Warm Lines.md,"** Text “Safe” plus location to 44357, or call 602-841-5799【53†L49-L54】 (homeless youth shelter locations).",,
acf1bec32422d05426c4,Veterans Services,,Maricopa County (Phoenix/Scottsdale) Services,UNVERIFIED_CONTACT_ONLY,No website candidate; contact values remain source-derived until independently corroborated.,,,+1-602-248-6040 | +1-866-429-8387 | +1-877-424-3838,+1-602-248-6040 => PLAUSIBLE_UNVERIFIED | +1-866-429-8387 => PLAUSIBLE_UNVERIFIED | +1-877-424-3838 => PLAUSIBLE_UNVERIFIED,,,,,50,CONDITIONAL_OR_UNKNOWN,SOURCE_ONLY,dg_508bce0e9c84,UNIQUE_OR_UNMERGED,no_website_in_source_or_context | no_parseable_email_in_source_or_context,/mnt/data/master_resource_extract (1).json,268,Arizona Support Programs & Warm Lines.md,** Phoenix VA Community Resource & Referral Center: 602-248-6040【53†L43-L47】.  **Be Connected (for all AZ vets):** 1-866-4AZ-VETS (1-866-429-8387)【63†L1780-L1784】.  **Homeless Veterans:** National Call Center for Homeless Vets: 1-877-424-3838【63†L1790-L1793】.,,
0e520d1b7930b72244c7,Brian Garcia Welcome Center (singles),,Maricopa County (Phoenix/Scottsdale) Services,UNVERIFIED_CONTACT_ONLY,No website candidate; contact values remain source-derived until independently corroborated.,,,+1-602-229-5155,+1-602-229-5155 => PLAUSIBLE_UNVERIFIED,,,,,50,CONDITIONAL_OR_UNKNOWN,SOURCE_ONLY,dg_5aa56615114a,UNIQUE_OR_UNMERGED,no_website_in_source_or_context | no_parseable_email_in_source_or_context,/mnt/data/master_resource_extract (1).json,270,Arizona Support Programs & Warm Lines.md,** 602-229-5155【53†L34-L36】 (entry center for adult singles experiencing homelessness in Phoenix).,,
32bbfbea768d7079dde2,Safe Access for DV Services (SAFEDVS),,Maricopa County (Phoenix/Scottsdale) Services,UNVERIFIED_CONTACT_ONLY,No website candidate; contact values remain source-derived until independently corroborated.,,,+1-480-890-3039 | +1-844-723-3387,+1-480-890-3039 => PLAUSIBLE_UNVERIFIED | +1-844-723-3387 => PLAUSIBLE_UNVERIFIED,,,,,50,CONDITIONAL_OR_UNKNOWN,SOURCE_ONLY,dg_a2ca2c84cb24,UNIQUE_OR_UNMERGED,no_website_in_source_or_context | no_parseable_email_in_source_or_context,/mnt/data/master_resource_extract (1).json,271,Arizona Support Programs & Warm Lines.md,** Domestic-violence homeless priority entry: 480-890-3039 or toll-free 844-723-3387【53†L28-L30】.,,
a4ed416a070231ace6d5,Scottsdale Homeless Navigation,,Northern Arizona (Sedona/Phoenix outlying areas),UNVERIFIED_CONTACT_ONLY,No website candidate; contact values remain source-derived until independently corroborated.,,,+1-480-312-0101,+1-480-312-0101 => PLAUSIBLE_UNVERIFIED,,,,,50,CONDITIONAL_OR_UNKNOWN,SOURCE_ONLY,dg_568af50db2f3,UNIQUE_OR_UNMERGED,no_website_in_source_or_context | no_parseable_email_in_source_or_context,/mnt/data/master_resource_extract (1).json,272,Arizona Support Programs & Warm Lines.md,** 480-312-0101【63†L1732-L1735】 (City of Scottsdale Homeless Navigation Team).,,
a1160b8a198046e5b8ef,Day Shelters,,Northern Arizona (Sedona/Phoenix outlying areas),UNVERIFIED_CONTACT_ONLY,No website candidate; contact values remain source-derived until independently corroborated.,,,+1-602-346-3361,+1-602-346-3361 => PLAUSIBLE_UNVERIFIED,,,,,50,CONDITIONAL_OR_UNKNOWN,SOURCE_ONLY,dg_88770bba8cf7,UNIQUE_OR_UNMERGED,no_website_in_source_or_context | no_parseable_email_in_source_or_context,/mnt/data/master_resource_extract (1).json,273,Arizona Support Programs & Warm Lines.md,** Phoenix Rescue Mission (serving Scottsdale area) 602-346-3361【63†L1749-L1753】.,,
2b1a584b38023f58abb3,Catholic Charities (Northern AZ Helpline),,Northern Arizona (Sedona/Phoenix outlying areas),UNVERIFIED_CONTACT_ONLY,No website candidate; contact values remain source-derived until independently corroborated.,,,+1-928-774-9125 | +1-928-778-2531 | +1-928-634-4254,+1-928-774-9125 => PLAUSIBLE_UNVERIFIED | +1-928-778-2531 => PLAUSIBLE_UNVERIFIED | +1-928-634-4254 => PLAUSIBLE_UNVERIFIED,,,,,50,CONDITIONAL_OR_UNKNOWN,SOURCE_ONLY,dg_460c39f17610,UNIQUE_OR_UNMERGED,no_website_in_source_or_context | no_parseable_email_in_source_or_context,/mnt/data/master_resource_extract (1).json,274,Arizona Support Programs & Warm Lines.md,"** 928-774-9125【80†L111-L119】 (for Coconino, Navajo, Apache counties and Flagstaff area). Prescott: 928-778-2531; Cottonwood: 928-634-4254【80†L111-L119】.",,
a693b47febc582f1be7f,Sedona (Yavapai County),,Northern Arizona (Sedona/Phoenix outlying areas),UNVERIFIED_CONTACT_ONLY,No website candidate; contact values remain source-derived until independently corroborated.,,,+1-928-442-5525,+1-928-442-5525 => PLAUSIBLE_UNVERIFIED,,,,,54,CONDITIONAL_OR_UNKNOWN,SOURCE_ONLY,dg_3f0713add0e4,UNIQUE_OR_UNMERGED,no_website_in_source_or_context | no_parseable_email_in_source_or_context,/mnt/data/master_resource_extract (1).json,275,Arizona Support Programs & Warm Lines.md,"** Yavapai County Community Services: 928-442-5525 (general assistance, meals, emergency help). Catholic Charities Prescott above.",,
43c3968995f036a29c45,AZ Warm Line (HOPE),,Northern Arizona (Sedona/Phoenix outlying areas),UNVERIFIED_CONTACT_ONLY,No website candidate; contact values remain source-derived until independently corroborated.,,,+1-520-770-9909 | +1-844-733-9912,+1-520-770-9909 => PLAUSIBLE_UNVERIFIED | +1-844-733-9912 => PLAUSIBLE_UNVERIFIED,,,,,50,CONDITIONAL_OR_UNKNOWN,SOURCE_ONLY,dg_385c33cf4bd7,UNIQUE_OR_UNMERGED,no_website_in_source_or_context | no_parseable_email_in_source_or_context,/mnt/data/master_resource_extract (1).json,276,Arizona Support Programs & Warm Lines.md,"** Southern AZ peer warm line via Hope, Inc.: Pima County 520-770-9909 and all other Southern AZ 844-733-9912【12†L86-L88】 (daily 8 AM–10 PM MT).",,
b3b7631d5845f9bfa853,Sedona Emergency,,Northern Arizona (Sedona/Phoenix outlying areas),UNVERIFIED_CONTACT_ONLY,No website candidate; contact values remain source-derived until independently corroborated.,,,+1-928-445-5211,+1-928-445-5211 => PLAUSIBLE_UNVERIFIED,,,,,50,CONDITIONAL_OR_UNKNOWN,SOURCE_ONLY,dg_783a3316b150,UNIQUE_OR_UNMERGED,no_website_in_source_or_context | no_parseable_email_in_source_or_context,/mnt/data/master_resource_extract (1).json,277,Arizona Support Programs & Warm Lines.md,** Yavapai Regional Medical Center Crisis Line 928-445-5211 (for urgent psychiatric evals).,,
5949c68e3a473f732cd7,Warm Lines (peer emotional support),,Nonprofit & Community Support,INSUFFICIENT_SOURCE_DATA,"No usable website, phone, or email was present or discovered.",,,,,,,,,50,CONDITIONAL_OR_UNKNOWN,SOURCE_ONLY,dg_bdbcee7abf4f,UNIQUE_OR_UNMERGED,no_website_in_source_or_context | no_parseable_phone_in_source_or_context | no_parseable_email_in_source_or_context,/mnt/data/master_resource_extract (1).json,278,Arizona Support Programs & Warm Lines.md,**,,
1b75cda90cd57e09e860,Central AZ,,Nonprofit & Community Support,UNVERIFIED_CONTACT_ONLY,No website candidate; contact values remain source-derived until independently corroborated.,,,+1-602-347-1100,+1-602-347-1100 => PLAUSIBLE_UNVERIFIED,,,,,50,CONDITIONAL_OR_UNKNOWN,SOURCE_ONLY,dg_3127d46fbfed,UNIQUE_OR_UNMERGED,no_website_in_source_or_context | no_parseable_email_in_source_or_context,/mnt/data/master_resource_extract (1).json,279,Arizona Support Programs & Warm Lines.md,"602-347-1100【37†L69-L72】 (Crisis Response/Solari peer warm line, Maricopa County).",,
8a0bd449a878cea7bfb2,Southern AZ,,Nonprofit & Community Support,UNVERIFIED_CONTACT_ONLY,No website candidate; contact values remain source-derived until independently corroborated.,,,+1-520-770-9909 | +1-844-733-9912,+1-520-770-9909 => PLAUSIBLE_UNVERIFIED | +1-844-733-9912 => PLAUSIBLE_UNVERIFIED,,,,,50,CONDITIONAL_OR_UNKNOWN,SOURCE_ONLY,dg_af5845153f90,UNIQUE_OR_UNMERGED,no_website_in_source_or_context | no_parseable_email_in_source_or_context,/mnt/data/master_resource_extract (1).json,280,Arizona Support Programs & Warm Lines.md,"520-770-9909 (Pima) & 844-733-9912【12†L86-L88】 (HOPE Warm Line, AZ counties outside Maricopa).",,
e5bed2f981f5693381c9,Nazcare Warm Line (statewide),,Nonprofit & Community Support,UNVERIFIED_CONTACT_ONLY,No website candidate; contact values remain source-derived until independently corroborated.,,,+1-888-404-5530,+1-888-404-5530 => PLAUSIBLE_UNVERIFIED,,,,,50,CONDITIONAL_OR_UNKNOWN,SOURCE_ONLY,dg_af29b42b4cf2,UNIQUE_OR_UNMERGED,no_website_in_source_or_context | no_parseable_email_in_source_or_context,/mnt/data/master_resource_extract (1).json,281,Arizona Support Programs & Warm Lines.md,1-888-404-5530【8†L53-L60】 (evenings and weekends for mental health support).,,
20b1fe25a619f959f866,211 Arizona,,Nonprofit & Community Support,INSUFFICIENT_SOURCE_DATA,"No usable website, phone, or email was present or discovered.",,,,,,,,,50,CONDITIONAL_OR_UNKNOWN,SOURCE_ONLY,dg_7384614d7620,UNIQUE_OR_UNMERGED,no_website_in_source_or_context | no_parseable_phone_in_source_or_context | no_parseable_email_in_source_or_context,/mnt/data/master_resource_extract (1).json,282,Arizona Support Programs & Warm Lines.md,"** Dial 2-1-1 (or text 898-211) to reach United Way resource navigators statewide【53†L55-L57】.  They connect callers to housing help, food banks, counseling, etc.",,
1e35fdb072fd0eb98560,Veterans & Families Facebook/Groups,,Nonprofit & Community Support,INSUFFICIENT_SOURCE_DATA,"No usable website, phone, or email was present or discovered.",,,,,,,,,50,CONDITIONAL_OR_UNKNOWN,SOURCE_ONLY,dg_17e5c7500ecf,UNIQUE_OR_UNMERGED,no_website_in_source_or_context | no_parseable_phone_in_source_or_context | no_parseable_email_in_source_or_context,/mnt/data/master_resource_extract (1).json,283,Arizona Support Programs & Warm Lines.md,"** *Examples:* “AZ Vets Coalition” (Phoenix) or “Arizona Veteran Community Partners” (online) offer peer support, events and resources. (Verify via Facebook.)",,
80e42831421710df71ac,Online Communities,,Nonprofit & Community Support,INSUFFICIENT_SOURCE_DATA,"No usable website, phone, or email was present or discovered.",,,,,,,,,50,CONDITIONAL_OR_UNKNOWN,SOURCE_ONLY,dg_5cda413ddcf6,UNIQUE_OR_UNMERGED,no_website_in_source_or_context | no_parseable_phone_in_source_or_context | no_parseable_email_in_source_or_context,/mnt/data/master_resource_extract (1).json,284,Arizona Support Programs & Warm Lines.md,"** Subreddits and Facebook groups like r/Arizona, r/mentalhealth, or local “Scottsdale Support” pages can provide peer advice and solidarity (not official help – verify any resource first).",,
4626d3e7bedc40cfb652,Others,,Nonprofit & Community Support,UNVERIFIED_CONTACT_ONLY,No website candidate; contact values remain source-derived until independently corroborated.,,,+1-602-262-6151 | +1-480-312-5000,+1-602-262-6151 => PLAUSIBLE_UNVERIFIED | +1-480-312-5000 => PLAUSIBLE_UNVERIFIED,,,,,54,CONDITIONAL_OR_UNKNOWN,SOURCE_ONLY,dg_13ba91a61f00,UNIQUE_OR_UNMERGED,no_website_in_source_or_context | no_parseable_email_in_source_or_context,/mnt/data/master_resource_extract (1).json,285,Arizona Support Programs & Warm Lines.md,"** Local 24/7 police and fire (911) for emergencies. City non-emergency lines (Phoenix PD: 602-262-6151, Scottsdale PD: 480-312-5000) for non-urgent situations.",,
fa1cdb263902486f45b7,Quality Job Tax Credit,,COMMUNITIES & ADVOCACY,INCONCLUSIVE,Network/TLS/server failures prevented a reliable organization verdict.,https://www.azcommerce.com/programs/quality-job-tax-credit | https://www.azcommerce.com/programs/quality-job-tax-credit/,https://www.azcommerce.com/programs/quality-job-tax-credit => INCONCLUSIVE_OFFLINE | https://www.azcommerce.com/programs/quality-job-tax-credit/ => INCONCLUSIVE_OFFLINE,,,,,,,50,CONDITIONAL_OR_UNKNOWN,SOURCE_ONLY,dg_028fe460c1ba,UNIQUE_OR_UNMERGED,no_parseable_phone_in_source_or_context | no_parseable_email_in_source_or_context | live_network_not_tested,/mnt/data/master_resource_extract (1).json,286,FINAL RESOURCE LIST.txt,"Description: 1.	Quality Job Tax Credit Description: Income/premium tax credits (up to $9,000 per net new job over 3 years) for qualifying capital expenditures tied to new jobs. Intake: Learn more and apply via Arizona Commerce Authority → https://www.azcommerce.com/programs/quality-job-tax-credit/ (azcommerce.com)
Benefits: Up to $9,000 per net new job over 3 years) for qualifying capital expenditures tied to new jobs.
Eligibility: • Intake:
Intake: • Source URLs: https://www.azcommerce.com/programs/quality-job-tax-credit/",,
e716c817ff4dc7c43347,Qualified Facility Tax Credit,,GRANTS,INCONCLUSIVE,Network/TLS/server failures prevented a reliable organization verdict.,https://www.azcommerce.com/programs/qualified-facility-tax-credit | https://www.azcommerce.com/programs/qualified-facility-tax-credit/,https://www.azcommerce.com/programs/qualified-facility-tax-credit => INCONCLUSIVE_OFFLINE | https://www.azcommerce.com/programs/qualified-facility-tax-credit/ => INCONCLUSIVE_OFFLINE,,,,,,,50,CONDITIONAL_OR_UNKNOWN,SOURCE_ONLY,dg_ce9a98b28230,UNIQUE_OR_UNMERGED,no_parseable_phone_in_source_or_context | no_parseable_email_in_source_or_context | live_network_not_tested,/mnt/data/master_resource_extract (1).json,287,FINAL RESOURCE LIST.txt,"Description: 2.	Qualified Facility Tax Credit Description: Refundable income tax credit for companies making capital investments to establish or expand facilities in Arizona. Intake: Details and application portal at Arizona Commerce Authority → https://www.azcommerce.com/programs/qualified-facility-tax-credit/ (azcommerce.com)
Benefits: • Eligibility:
Eligibility: • Intake:
Intake: • Source URLs: https://www.azcommerce.com/programs/qualified-facility-tax-credit/",,
ee4812c4c2d744316775,Tribal ALTCS Same ALTCS services delivered through case management by participating tribes for American Indian members. Intake,,COMMUNITIES & ADVOCACY,UNVERIFIED_CONTACT_ONLY,No website candidate; contact values remain source-derived until independently corroborated.,,,,,altcsregistrations@azahcccs.gov,altcsregistrations@azahcccs.gov => PLAUSIBLE_UNVERIFIED,,,50,CONDITIONAL_OR_UNKNOWN,SOURCE_ONLY,dg_0b82e257eba7,UNIQUE_OR_UNMERGED,no_website_in_source_or_context | no_parseable_phone_in_source_or_context,/mnt/data/master_resource_extract (1).json,289,FINAL RESOURCE LIST.txt,"Description: •	Tribal ALTCS Same ALTCS services delivered through case management by participating tribes for American Indian members. Intake: Contact your Tribe’s ALTCS office or altcsregistrations@azahcccs.gov (azahcccs.gov)
Benefits: • Eligibility:
Eligibility: • Intake: Emails: altcsregistrations@azahcccs.gov
Intake: Emails: altcsregistrations@azahcccs.gov",,
70b2c3526b5d17df77b2,PAN,,COMMUNITIES & ADVOCACY,INCONCLUSIVE,Network/TLS/server failures prevented a reliable organization verdict.,https://www.panfoundation.org/,https://www.panfoundation.org/ => INCONCLUSIVE_OFFLINE,,,,,,,50,CONDITIONAL_OR_UNKNOWN,SOURCE_ONLY,dg_6b17486ffe0e,UNIQUE_OR_UNMERGED,no_parseable_phone_in_source_or_context | no_parseable_email_in_source_or_context | live_network_not_tested,/mnt/data/master_resource_extract (1).json,290,FINAL RESOURCE LIST.txt,"Description: •	PAN: https://www.panfoundation.org/ •	PAN: https://www.panfoundation.org/ (panfoundation.org)
Benefits: • Eligibility:
Eligibility: • Intake:
Intake: • Source URLs: https://www.panfoundation.org/",,
811b115be0c1afe145b5,HealthWell,,MEDICAL SUPPORT,INCONCLUSIVE,Network/TLS/server failures prevented a reliable organization verdict.,https://www.healthwellfoundation.org/,https://www.healthwellfoundation.org/ => INCONCLUSIVE_OFFLINE,,,,,,,50,CONDITIONAL_OR_UNKNOWN,SOURCE_ONLY,dg_c0cd34d81c3e,UNIQUE_OR_UNMERGED,no_parseable_phone_in_source_or_context | no_parseable_email_in_source_or_context | live_network_not_tested,/mnt/data/master_resource_extract (1).json,291,FINAL RESOURCE LIST.txt,"Description: •	HealthWell: https://www.healthwellfoundation.org/ •	HealthWell: https://www.healthwellfoundation.org/
Benefits: • Eligibility:
Eligibility: • Intake:
Intake: • Source URLs: https://www.healthwellfoundation.org/",,
d4671d7b3e7db017a550,Good Days,,COMMUNITIES & ADVOCACY,INCONCLUSIVE,Network/TLS/server failures prevented a reliable organization verdict.,https://mygooddays.org/,https://mygooddays.org/ => INCONCLUSIVE_OFFLINE,,,,,,,50,CONDITIONAL_OR_UNKNOWN,SOURCE_ONLY,dg_5f18f8550ba9,UNIQUE_OR_UNMERGED,no_parseable_phone_in_source_or_context | no_parseable_email_in_source_or_context | live_network_not_tested,/mnt/data/master_resource_extract (1).json,292,FINAL RESOURCE LIST.txt,"Description: •	Good Days: https://mygooddays.org/ •	Good Days: https://mygooddays.org/
Benefits: • Eligibility:
Eligibility: • Intake:
Intake: • Source URLs: https://mygooddays.org/",,
817471a8bd1b45020bbd,Accessia Health,,MEDICAL SUPPORT,INCONCLUSIVE,Network/TLS/server failures prevented a reliable organization verdict.,https://accessiahealth.org/,https://accessiahealth.org/ => INCONCLUSIVE_OFFLINE,,,,,,,50,CONDITIONAL_OR_UNKNOWN,SOURCE_ONLY,dg_0f7d759e6009,UNIQUE_OR_UNMERGED,no_parseable_phone_in_source_or_context | no_parseable_email_in_source_or_context | live_network_not_tested,/mnt/data/master_resource_extract (1).json,293,FINAL RESOURCE LIST.txt,"Description: •	Accessia Health: https://accessiahealth.org/  •	Accessia Health: https://accessiahealth.org/
Benefits: • Eligibility:
Eligibility: • Intake:
Intake: • Source URLs: https://accessiahealth.org/",,
0c08779a5df3fe2f08e4,Hospital Charity Care (Dollar For) 100% hospital,,COMMUNITIES & ADVOCACY,INCONCLUSIVE,Network/TLS/server failures prevented a reliable organization verdict.,https://dollarfor.org/,https://dollarfor.org/ => INCONCLUSIVE_OFFLINE,,,,,,,50,CONDITIONAL_OR_UNKNOWN,SOURCE_ONLY,dg_725a2b60274c,UNIQUE_OR_UNMERGED,no_parseable_phone_in_source_or_context | no_parseable_email_in_source_or_context | live_network_not_tested,/mnt/data/master_resource_extract (1).json,294,FINAL RESOURCE LIST.txt,"Description: •	Hospital Charity Care (Dollar For) 100% hospital-bill forgiveness for low-income Arizonans. Intake: https://dollarfor.org
Benefits: • Eligibility: For low-income arizonans.
Eligibility: For low-income arizonans.
Intake: • Source URLs: https://dollarfor.org",,
1150ae051fd10fa9ef99,Permanent Supportive Housing (PSH) Ongoing rent subsidies plus case management for chronically homeless individuals with disabilities. Intake: 2,,GRANTS,INSUFFICIENT_SOURCE_DATA,"No usable website, phone, or email was present or discovered.",,,,,,,,,50,CONDITIONAL_OR_UNKNOWN,SOURCE_ONLY,dg_fe08db09c709,UNIQUE_OR_UNMERGED,name_looks_compound_or_malformed | no_website_in_source_or_context | no_parseable_phone_in_source_or_context | no_parseable_email_in_source_or_context,/mnt/data/master_resource_extract (1).json,297,FINAL RESOURCE LIST.txt,"Description: •	Permanent Supportive Housing (PSH) Ongoing rent subsidies plus case management for chronically homeless individuals with disabilities. Intake: 2-1-1 or local Continuum of Care     Culture & Education Grants
Benefits: • Eligibility:
Eligibility: • Intake:
Intake: • Source URLs:",,
166bff55ebc05797eafa,21st Century Community Learning Centers (21st CCLC) Out,,COMMUNITIES & ADVOCACY,UNVERIFIED_CONTACT_ONLY,No website candidate; contact values remain source-derived until independently corroborated.,,,+1-520-638-4294,+1-520-638-4294 => PLAUSIBLE_UNVERIFIED,,,,,50,CONDITIONAL_OR_UNKNOWN,SOURCE_ONLY,dg_b6df27ded09e,UNIQUE_OR_UNMERGED,no_website_in_source_or_context | no_parseable_email_in_source_or_context,/mnt/data/master_resource_extract (1).json,298,FINAL RESOURCE LIST.txt,"Description: •	21st Century Community Learning Centers (21st CCLC) Out-of-school-time academic enrichment for students in high-poverty, low-performing schools. Intake: (520) 638-4294 or [email protected] (azed.gov)
Benefits: • Eligibility:
Eligibility: • Intake: Phones: (520) 638-4294
Intake: Phones: (520) 638-4294",,
1e85c256226d8188ddb4,PAN / HealthWell / Good Days / Accessia Health,,GRANTS,INSUFFICIENT_SOURCE_DATA,"No usable website, phone, or email was present or discovered.",,,,,,,,,50,CONDITIONAL_OR_UNKNOWN,SOURCE_ONLY,dg_daf9230836b3,UNIQUE_OR_UNMERGED,no_website_in_source_or_context | no_parseable_phone_in_source_or_context | no_parseable_email_in_source_or_context,/mnt/data/master_resource_extract (1).json,299,FINAL RESOURCE LIST.txt,"Description: •	PAN / HealthWell / Good Days / Accessia Health – Co-pay Assistance Medication co-pay grants for qualifying Arizona residents across 80+ conditions (including chronic illnesses). Intake:
Benefits: • Eligibility: For qualifying arizona residents across 80+ conditions (including chronic illnesses).
Eligibility: For qualifying arizona residents across 80+ conditions (including chronic illnesses).
Intake: • Source URLs:",,
b6ff996f2486fa8f1df6,Arizona Developmental Disabilities Planning Council (ADDPC) Grants Competitive grants to address system gaps for people with intellectual/developmental disabilities. Awards vary by project.,,GRANTS,INSUFFICIENT_SOURCE_DATA,"No usable website, phone, or email was present or discovered.",,,,,,,,,50,CONDITIONAL_OR_UNKNOWN,SOURCE_ONLY,dg_48606eabc3e9,UNIQUE_OR_UNMERGED,name_looks_compound_or_malformed | no_website_in_source_or_context | no_parseable_phone_in_source_or_context | no_parseable_email_in_source_or_context,/mnt/data/master_resource_extract (1).json,300,FINAL RESOURCE LIST.txt,"Description: 1. Arizona Developmental Disabilities Planning Council (ADDPC) Grants Competitive grants to address system gaps for people with intellectual/developmental disabilities. Awards vary by project.
Benefits: • Eligibility: For people with intellectual/developmental disabilities.
Eligibility: For people with intellectual/developmental disabilities.
Intake: • Source URLs:",,
dfe400b8e2043d3138da,Contact: (602) 266,,COMMUNITIES & ADVOCACY,UNVERIFIED_CONTACT_ONLY,No website candidate; contact values remain source-derived until independently corroborated.,,,+1-602-266-0550,+1-602-266-0550 => PLAUSIBLE_UNVERIFIED,info@biaaz.org,info@biaaz.org => PLAUSIBLE_UNVERIFIED,,,50,CONDITIONAL_OR_UNKNOWN,SOURCE_ONLY,dg_ba0f6ab8c45e,UNIQUE_OR_UNMERGED,no_website_in_source_or_context,/mnt/data/master_resource_extract (1).json,301,FINAL RESOURCE LIST.txt,"Description: •	Contact: (602) 266-0550; info@biaaz.org      Next steps:
Benefits: • Eligibility:
Eligibility: • Intake: Phones: (602) 266-0550 | Emails: info@biaaz.org
Intake: Phones: (602) 266-0550 | Emails: info@biaaz.org",,
959d85173be7d9431931,"LymeLight Foundation (Project Lyme) Grants up to $10 000 (individual) or $30 000 (family) for Lyme-related lab testing, doctor visits, and medications (ages 0",,GRANTS,INSUFFICIENT_SOURCE_DATA,"No usable website, phone, or email was present or discovered.",,,,,,,,,50,CONDITIONAL_OR_UNKNOWN,SOURCE_ONLY,dg_13820b5b76ac,UNIQUE_OR_UNMERGED,name_looks_compound_or_malformed | no_website_in_source_or_context | no_parseable_phone_in_source_or_context | no_parseable_email_in_source_or_context,/mnt/data/master_resource_extract (1).json,302,FINAL RESOURCE LIST.txt,"Description: 2. LymeLight Foundation (Project Lyme) Grants up to $10 000 (individual) or $30 000 (family) for Lyme-related lab testing, doctor visits, and medications (ages 0–25).
Benefits: Up to $10 000 (individual) or $30 000 (family) for lyme-related lab testing, doctor visits, and medications (ages 0–25).
Eligibility: • Intake:
Intake: • Source URLs:",,
7f4a9daab405f1b59810,Intake: https://projectlyme.org/resource/financial,,COMMUNITIES & ADVOCACY,INCONCLUSIVE,Network/TLS/server failures prevented a reliable organization verdict.,https://projectlyme.org/resource/financial-assistance-programs,https://projectlyme.org/resource/financial-assistance-programs => INCONCLUSIVE_OFFLINE,,,,,,,50,CONDITIONAL_OR_UNKNOWN,SOURCE_ONLY,dg_e9cd775248a0,UNIQUE_OR_UNMERGED,no_parseable_phone_in_source_or_context | no_parseable_email_in_source_or_context | live_network_not_tested,/mnt/data/master_resource_extract (1).json,303,FINAL RESOURCE LIST.txt,"Description: •	Intake: https://projectlyme.org/resource/financial-assistance-programs (projectlyme.org)
Benefits: • Eligibility:
Eligibility: • Intake:
Intake: • Source URLs: https://projectlyme.org/resource/financial-assistance-programs",,
6b67f11639eb2e44defb,Primary Contact,,COMMUNITIES & ADVOCACY,UNVERIFIED_CONTACT_ONLY,No website candidate; contact values remain source-derived until independently corroborated.,,,,,info@projectlyme.org,info@projectlyme.org => PLAUSIBLE_UNVERIFIED,,,50,CONDITIONAL_OR_UNKNOWN,SOURCE_ONLY,dg_a5f8bb13c641,UNIQUE_OR_UNMERGED,no_website_in_source_or_context | no_parseable_phone_in_source_or_context,/mnt/data/master_resource_extract (1).json,304,FINAL RESOURCE LIST.txt,"Description: •	Primary Contact: info@projectlyme.org
Benefits: • Eligibility:
Eligibility: • Intake: Emails: info@projectlyme.org
Intake: Emails: info@projectlyme.org",,
8f7955271f0fd63b02dd,Lyme Treatment Foundation $4 000 grants for diagnostic testing and specialist treatment of Lyme and co,,GRANTS,INSUFFICIENT_SOURCE_DATA,"No usable website, phone, or email was present or discovered.",,,,,,,,,50,CONDITIONAL_OR_UNKNOWN,SOURCE_ONLY,dg_d6c6e28949b3,UNIQUE_OR_UNMERGED,no_website_in_source_or_context | no_parseable_phone_in_source_or_context | no_parseable_email_in_source_or_context,/mnt/data/master_resource_extract (1).json,305,FINAL RESOURCE LIST.txt,"Description: 3. Lyme Treatment Foundation $4 000 grants for diagnostic testing and specialist treatment of Lyme and co-infections (all ages, USA).
Benefits: • Eligibility:
Eligibility: • Intake:
Intake: • Source URLs:",,
33e2c6bf9116bb5f6627,Intake,,GRANTS,INCONCLUSIVE,Network/TLS/server failures prevented a reliable organization verdict.,https://localfirstaz.com/programs/phxbizgrants | https://localfirstaz.com/programs/phxbizgrants/,https://localfirstaz.com/programs/phxbizgrants => INCONCLUSIVE_OFFLINE | https://localfirstaz.com/programs/phxbizgrants/ => INCONCLUSIVE_OFFLINE,,,,,,,50,CONDITIONAL_OR_UNKNOWN,SOURCE_ONLY,dg_48e04d2fed60,UNIQUE_OR_UNMERGED,no_parseable_phone_in_source_or_context | no_parseable_email_in_source_or_context | live_network_not_tested,/mnt/data/master_resource_extract (1).json,306,FINAL RESOURCE LIST.txt,"Description: •	Intake: https://localfirstaz.com/programs/phxbizgrants/ (honorhealthfoundation.org)
Benefits: • Eligibility:
Eligibility: • Intake:
Intake: • Source URLs: https://localfirstaz.com/programs/phxbizgrants/",,
bed5981cefed02ea7f84,Contact,,COMMUNITIES & ADVOCACY,UNVERIFIED_CONTACT_ONLY,No website candidate; contact values remain source-derived until independently corroborated.,,,,,info@lymetreatmentfoundation.org,info@lymetreatmentfoundation.org => PLAUSIBLE_UNVERIFIED,,,50,CONDITIONAL_OR_UNKNOWN,SOURCE_ONLY,dg_863680d3e027,UNIQUE_OR_UNMERGED,no_website_in_source_or_context | no_parseable_phone_in_source_or_context,/mnt/data/master_resource_extract (1).json,307,FINAL RESOURCE LIST.txt,"Description: •	Contact: info@lymetreatmentfoundation.org
Benefits: • Eligibility:
Eligibility: • Intake: Emails: info@lymetreatmentfoundation.org
Intake: Emails: info@lymetreatmentfoundation.org",,
6ddb704c168af3d2ee33,Ride Out Lyme Financial assistance (amounts vary) for adults 26+ facing Lyme/tick,,TRANSPORTATION,INSUFFICIENT_SOURCE_DATA,"No usable website, phone, or email was present or discovered.",,,,,,,,,50,CONDITIONAL_OR_UNKNOWN,SOURCE_ONLY,dg_9939b748ef3b,UNIQUE_OR_UNMERGED,no_website_in_source_or_context | no_parseable_phone_in_source_or_context | no_parseable_email_in_source_or_context,/mnt/data/master_resource_extract (1).json,308,FINAL RESOURCE LIST.txt,"Description: 4. Ride Out Lyme Financial assistance (amounts vary) for adults 26+ facing Lyme/tick-borne disease treatment costs.
Benefits: Financial assistance (amounts vary) for adults 26+ facing lyme/tick-borne disease treatment costs.
Eligibility: • Intake:
Intake: • Source URLs:",,
de49bfd72ed949e267c1,LivLyme Foundation Grants to children (≤ 21) for Lyme medication and treatment costs.,,GRANTS,INSUFFICIENT_SOURCE_DATA,"No usable website, phone, or email was present or discovered.",,,,,,,,,50,CONDITIONAL_OR_UNKNOWN,SOURCE_ONLY,dg_8a6b09359f3f,UNIQUE_OR_UNMERGED,no_website_in_source_or_context | no_parseable_phone_in_source_or_context | no_parseable_email_in_source_or_context,/mnt/data/master_resource_extract (1).json,309,FINAL RESOURCE LIST.txt,"Description: 5. LivLyme Foundation Grants to children (≤ 21) for Lyme medication and treatment costs.
Benefits: • Eligibility:
Eligibility: • Intake:
Intake: • Source URLs:",,
902813b8f75a264dd3a7,"Ticked Off Foundation Grants, treatment discounts, and counseling services for adults 26+ with Lyme or other tick",,GRANTS,INSUFFICIENT_SOURCE_DATA,"No usable website, phone, or email was present or discovered.",,,,,,,,,50,CONDITIONAL_OR_UNKNOWN,SOURCE_ONLY,dg_b1e9a221732e,UNIQUE_OR_UNMERGED,no_website_in_source_or_context | no_parseable_phone_in_source_or_context | no_parseable_email_in_source_or_context,/mnt/data/master_resource_extract (1).json,310,FINAL RESOURCE LIST.txt,"Description: 6. Ticked Off Foundation Grants, treatment discounts, and counseling services for adults 26+ with Lyme or other tick-borne diseases.
Benefits: • Eligibility:
Eligibility: • Intake:
Intake: • Source URLs:",,
9a9725ff17ebf1a22594,AZ&Me,,MEDICAL SUPPORT,INSUFFICIENT_SOURCE_DATA,"No usable website, phone, or email was present or discovered.",,,,,,,,,50,CONDITIONAL_OR_UNKNOWN,SOURCE_ONLY,dg_6798f08565dc,UNIQUE_OR_UNMERGED,no_website_in_source_or_context | no_parseable_phone_in_source_or_context | no_parseable_email_in_source_or_context,/mnt/data/master_resource_extract (1).json,311,FINAL RESOURCE LIST.txt,"Description: 7. AZ&Me – AstraZeneca Prescription Savings Program Helps uninsured/underinsured Arizona residents get AstraZeneca medicines, including copay assistance.
Benefits: • Eligibility:
Eligibility: • Intake:
Intake: • Source URLs:",,
d6718ced6745152562a5,Hotline: 1-800-292-6363 (M,,COMMUNITIES & ADVOCACY,UNVERIFIED_CONTACT_ONLY,No website candidate; contact values remain source-derived until independently corroborated.,,,+1-800-292-6363,+1-800-292-6363 => PLAUSIBLE_UNVERIFIED,,,,,50,CONDITIONAL_OR_UNKNOWN,SOURCE_ONLY,dg_879ebab46a1a,UNIQUE_OR_UNMERGED,no_website_in_source_or_context | no_parseable_email_in_source_or_context,/mnt/data/master_resource_extract (1).json,312,FINAL RESOURCE LIST.txt,"Description: •	Hotline: 1-800-292-6363 (M–F, 9 AM–6 PM ET)
Benefits: • Eligibility:
Eligibility: • Intake: Phones: 800-292-6363
Intake: Phones: 800-292-6363",,
88c83f26bf1a9f146cdf,CALQUENCE™ Cares (AstraZeneca) Co,,COMMUNITIES & ADVOCACY,INSUFFICIENT_SOURCE_DATA,"No usable website, phone, or email was present or discovered.",,,,,,,,,50,CONDITIONAL_OR_UNKNOWN,SOURCE_ONLY,dg_b9204cb3bcad,UNIQUE_OR_UNMERGED,no_website_in_source_or_context | no_parseable_phone_in_source_or_context | no_parseable_email_in_source_or_context,/mnt/data/master_resource_extract (1).json,313,FINAL RESOURCE LIST.txt,"Description: 8. CALQUENCE™ Cares (AstraZeneca) Co-pay savings and patient assistance for eligible CLL/SLL patients.
Benefits: • Eligibility: Eligible cll/sll patients.
Eligibility: Eligible cll/sll patients.
Intake: • Source URLs:",,
b27d4d355976fa8deb27,Intake: https://www.calquencehcp.com/resources/patient,,COMMUNITIES & ADVOCACY,INCONCLUSIVE,Network/TLS/server failures prevented a reliable organization verdict.,https://www.calquencehcp.com/resources/patient-support-programs.html,https://www.calquencehcp.com/resources/patient-support-programs.html => INCONCLUSIVE_OFFLINE,,,,,,,50,CONDITIONAL_OR_UNKNOWN,SOURCE_ONLY,dg_15f816b7eb95,UNIQUE_OR_UNMERGED,no_parseable_phone_in_source_or_context | no_parseable_email_in_source_or_context | live_network_not_tested,/mnt/data/master_resource_extract (1).json,314,FINAL RESOURCE LIST.txt,"Description: •	Intake: https://www.calquencehcp.com/resources/patient-support-programs.html (calquencehcp.com)
Benefits: • Eligibility:
Eligibility: • Intake:
Intake: • Source URLs: https://www.calquencehcp.com/resources/patient-support-programs.html",,
223c9c0abb94e5323ff6,Access360 Hotline: 1,,GRANTS,UNVERIFIED_CONTACT_ONLY,No website candidate; contact values remain source-derived until independently corroborated.,,,+1-844-275-2360,+1-844-275-2360 => PLAUSIBLE_UNVERIFIED,,,,,50,CONDITIONAL_OR_UNKNOWN,SOURCE_ONLY,dg_1769222731be,UNIQUE_OR_UNMERGED,no_website_in_source_or_context | no_parseable_email_in_source_or_context,/mnt/data/master_resource_extract (1).json,315,FINAL RESOURCE LIST.txt,"Description: •	Access360 Hotline: 1-844-ASK-A360      🏡 Housing & Human Services Grants (solely new, niche housing‐focused grants beyond the major state/federal ones previously listed)
Benefits: • Eligibility:
Eligibility: • Intake:
Intake: • Source URLs:",,
bbb007072bc1d7d7c98a,PHXbizGrants Program (City of Phoenix) Micro,,GRANTS,INSUFFICIENT_SOURCE_DATA,"No usable website, phone, or email was present or discovered.",,,,,,,,,50,CONDITIONAL_OR_UNKNOWN,SOURCE_ONLY,dg_9be1755d9167,UNIQUE_OR_UNMERGED,no_website_in_source_or_context | no_parseable_phone_in_source_or_context | no_parseable_email_in_source_or_context,/mnt/data/master_resource_extract (1).json,316,FINAL RESOURCE LIST.txt,"Description: 9. PHXbizGrants Program (City of Phoenix) Micro-grant up to $15 000 for Phoenix micro/small businesses to cover rent, payroll, inventory, etc.
Benefits: Up to $15 000 for phoenix micro/small businesses to cover rent, payroll, inventory, etc.
Eligibility: • Intake:
Intake: • Source URLs:",,
df19fccc0eba62d48652,Through,,COMMUNITIES & ADVOCACY,INSUFFICIENT_SOURCE_DATA,"No usable website, phone, or email was present or discovered.",,,,,,,,,50,CONDITIONAL_OR_UNKNOWN,SOURCE_ONLY,dg_8104aeb5b6cf,UNIQUE_OR_UNMERGED,no_website_in_source_or_context | no_parseable_phone_in_source_or_context | no_parseable_email_in_source_or_context,/mnt/data/master_resource_extract (1).json,317,FINAL RESOURCE LIST.txt,"Description: •	Through: Local First Arizona & Arizona Community Foundation
Benefits: • Eligibility:
Eligibility: • Intake:
Intake: • Source URLs:",,
78a47dbddc963377d711,EmergeAZ Fast II Post-pandemic recovery grants ($25 000,,GRANTS,INSUFFICIENT_SOURCE_DATA,"No usable website, phone, or email was present or discovered.",,,,,,,,,50,CONDITIONAL_OR_UNKNOWN,SOURCE_ONLY,dg_38046b974b4b,UNIQUE_OR_UNMERGED,no_website_in_source_or_context | no_parseable_phone_in_source_or_context | no_parseable_email_in_source_or_context,/mnt/data/master_resource_extract (1).json,318,FINAL RESOURCE LIST.txt,"Description: 10. EmergeAZ Fast II Post-pandemic recovery grants ($25 000–$50 000) plus mentoring; open to AZ small businesses.
Benefits: • Eligibility:
Eligibility: • Intake:
Intake: • Source URLs:",,
cd8e78d69e020c103a53,Intake: https://startupaz.org/emergeaz,,MEDICAL SUPPORT,INCONCLUSIVE,Network/TLS/server failures prevented a reliable organization verdict.,https://startupaz.org/emergeaz-fast-ii | https://startupaz.org/emergeaz-fast-ii/,https://startupaz.org/emergeaz-fast-ii => INCONCLUSIVE_OFFLINE | https://startupaz.org/emergeaz-fast-ii/ => INCONCLUSIVE_OFFLINE,,,,,,,50,CONDITIONAL_OR_UNKNOWN,SOURCE_ONLY,dg_aded60fe3cfe,UNIQUE_OR_UNMERGED,no_parseable_phone_in_source_or_context | no_parseable_email_in_source_or_context | live_network_not_tested,/mnt/data/master_resource_extract (1).json,319,FINAL RESOURCE LIST.txt,"Description: •	Intake: https://startupaz.org/emergeaz-fast-ii/ (honorhealthfoundation.org)
Benefits: • Eligibility:
Eligibility: • Intake:
Intake: • Source URLs: https://startupaz.org/emergeaz-fast-ii/",,
782a331c061704a5f822,Via,,COMMUNITIES & ADVOCACY,INSUFFICIENT_SOURCE_DATA,"No usable website, phone, or email was present or discovered.",,,,,,,,,50,CONDITIONAL_OR_UNKNOWN,SOURCE_ONLY,dg_520530de63d7,UNIQUE_OR_UNMERGED,no_website_in_source_or_context | no_parseable_phone_in_source_or_context | no_parseable_email_in_source_or_context,/mnt/data/master_resource_extract (1).json,320,FINAL RESOURCE LIST.txt,"Description: •	Via: StartupAZ & InvisionAZ partnership   •	Via: Arizona Commerce Authority & SBA
Benefits: • Eligibility:
Eligibility: • Intake:
Intake: • Source URLs:",,
655c211075b98fe07817,AZSTEP Grant Helps AZ exporters enter international markets; grants partially funded by SBA.,,GRANTS,INSUFFICIENT_SOURCE_DATA,"No usable website, phone, or email was present or discovered.",,,,,,,,,50,CONDITIONAL_OR_UNKNOWN,SOURCE_ONLY,dg_94ae98c7215f,UNIQUE_OR_UNMERGED,no_website_in_source_or_context | no_parseable_phone_in_source_or_context | no_parseable_email_in_source_or_context,/mnt/data/master_resource_extract (1).json,321,FINAL RESOURCE LIST.txt,"Description: 11. AZSTEP Grant Helps AZ exporters enter international markets; grants partially funded by SBA.
Benefits: • Eligibility:
Eligibility: • Intake:
Intake: • Source URLs:",,
ba28bb8bf2e87aa05147,Intake: https://sbdc.asu.edu/programs/az,,MEDICAL SUPPORT,INCONCLUSIVE,Network/TLS/server failures prevented a reliable organization verdict.,https://sbdc.asu.edu/programs/az-step,https://sbdc.asu.edu/programs/az-step => INCONCLUSIVE_OFFLINE,,,,,,,50,CONDITIONAL_OR_UNKNOWN,SOURCE_ONLY,dg_1f225270c0ee,UNIQUE_OR_UNMERGED,no_parseable_phone_in_source_or_context | no_parseable_email_in_source_or_context | live_network_not_tested,/mnt/data/master_resource_extract (1).json,322,FINAL RESOURCE LIST.txt,"Description: •	Intake: https://sbdc.asu.edu/programs/az-step (honorhealthfoundation.org)
Benefits: • Eligibility:
Eligibility: • Intake:
Intake: • Source URLs: https://sbdc.asu.edu/programs/az-step",,
4b15fa5b54b2f75e6eef,Intake: https://mesaaz.gov/business/mesa,,MEDICAL SUPPORT,INCONCLUSIVE,Network/TLS/server failures prevented a reliable organization verdict.,https://mesaaz.gov/business/mesa-cares-program,https://mesaaz.gov/business/mesa-cares-program => INCONCLUSIVE_OFFLINE,,,,,,,50,CONDITIONAL_OR_UNKNOWN,SOURCE_ONLY,dg_4322c7bcc621,UNIQUE_OR_UNMERGED,no_parseable_phone_in_source_or_context | no_parseable_email_in_source_or_context | live_network_not_tested,/mnt/data/master_resource_extract (1).json,323,FINAL RESOURCE LIST.txt,"Description: •	Intake: https://mesaaz.gov/business/mesa-cares-program (honorhealthfoundation.org)
Benefits: • Eligibility:
Eligibility: • Intake:
Intake: • Source URLs: https://mesaaz.gov/business/mesa-cares-program",,
14e61e77abc92dc8a706,City of Mesa Business Export Assistance Program Grants & support for Mesa firms seeking export growth.,,GRANTS,INSUFFICIENT_SOURCE_DATA,"No usable website, phone, or email was present or discovered.",,,,,,,,,50,CONDITIONAL_OR_UNKNOWN,SOURCE_ONLY,dg_95668b40fa16,UNIQUE_OR_UNMERGED,no_website_in_source_or_context | no_parseable_phone_in_source_or_context | no_parseable_email_in_source_or_context,/mnt/data/master_resource_extract (1).json,324,FINAL RESOURCE LIST.txt,"Description: 13. City of Mesa Business Export Assistance Program Grants & support for Mesa firms seeking export growth.
Benefits: • Eligibility:
Eligibility: • Intake:
Intake: • Source URLs:",,
2f6eb0f101a72fdd64ff,Pinetop,,GRANTS,INSUFFICIENT_SOURCE_DATA,"No usable website, phone, or email was present or discovered.",,,,,,,,,50,CONDITIONAL_OR_UNKNOWN,SOURCE_ONLY,dg_33b079e3771e,UNIQUE_OR_UNMERGED,no_website_in_source_or_context | no_parseable_phone_in_source_or_context | no_parseable_email_in_source_or_context,/mnt/data/master_resource_extract (1).json,325,FINAL RESOURCE LIST.txt,"Description: 14. Pinetop-Lakeside Façade Grant Program Up to $5 000 to improve commercial storefronts in Pinetop-Lakeside.
Benefits: Up to $5 000 to improve commercial storefronts in pinetop-lakeside.
Eligibility: • Intake:
Intake: • Source URLs:",,
fc80a5150e763936c667,"AsBA Growing Opportunities (GO) Program While primarily a training/mentorship initiative, GO includes scholarship",,COMMUNITIES & ADVOCACY,INSUFFICIENT_SOURCE_DATA,"No usable website, phone, or email was present or discovered.",,,,,,,,,50,CONDITIONAL_OR_UNKNOWN,SOURCE_ONLY,dg_278ed58d384a,UNIQUE_OR_UNMERGED,no_website_in_source_or_context | no_parseable_phone_in_source_or_context | no_parseable_email_in_source_or_context,/mnt/data/master_resource_extract (1).json,326,FINAL RESOURCE LIST.txt,"Description: 15. AsBA Growing Opportunities (GO) Program While primarily a training/mentorship initiative, GO includes scholarship-style stipends to historically underrepresented entrepreneurs (including women, BIPOC, veterans, justice-impacted).
Benefits: • Eligibility:
Eligibility: • Intake:
Intake: • Source URLs:",,
d691e5562596dffcd86e,Learn & Apply,,COMMUNITIES & ADVOCACY,INCONCLUSIVE,Network/TLS/server failures prevented a reliable organization verdict.,https://growingopportunitiesaz.com/,https://growingopportunitiesaz.com/ => INCONCLUSIVE_OFFLINE,,,,,,,50,CONDITIONAL_OR_UNKNOWN,SOURCE_ONLY,dg_81b7e84d5ad6,UNIQUE_OR_UNMERGED,no_parseable_phone_in_source_or_context | no_parseable_email_in_source_or_context | live_network_not_tested,/mnt/data/master_resource_extract (1).json,327,FINAL RESOURCE LIST.txt,"Description: •	Learn & Apply: https://growingopportunitiesaz.com/ (growingopportunitiesaz.com)
Benefits: • Eligibility:
Eligibility: • Intake:
Intake: • Source URLs: https://growingopportunitiesaz.com/",,
44f6e2c5805c20029087,ASBA Contact: info@asba.com | (602) 306,,COMMUNITIES & ADVOCACY,UNVERIFIED_CONTACT_ONLY,No website candidate; contact values remain source-derived until independently corroborated.,,,+1-602-306-4000,+1-602-306-4000 => PLAUSIBLE_UNVERIFIED,info@asba.com,info@asba.com => PLAUSIBLE_UNVERIFIED,,,50,CONDITIONAL_OR_UNKNOWN,SOURCE_ONLY,dg_9e6303c7d7d7,UNIQUE_OR_UNMERGED,no_website_in_source_or_context,/mnt/data/master_resource_extract (1).json,328,FINAL RESOURCE LIST.txt,"Description: •	ASBA Contact: info@asba.com | (602) 306-4000 (asba.com)
Benefits: • Eligibility:
Eligibility: • Intake: Phones: (602) 306-4000 | Emails: info@asba.com
Intake: Phones: (602) 306-4000 | Emails: info@asba.com",,
b934d8d782f7b9320cf5,Barrow Neurological Institute Neurotrauma Resources Educational stipends and workshop sponsorships for TBI survivors/families (via Barrow).,,COMMUNITIES & ADVOCACY,INSUFFICIENT_SOURCE_DATA,"No usable website, phone, or email was present or discovered.",,,,,,,,,50,CONDITIONAL_OR_UNKNOWN,SOURCE_ONLY,dg_5e56f3f2622e,UNIQUE_OR_UNMERGED,no_website_in_source_or_context | no_parseable_phone_in_source_or_context | no_parseable_email_in_source_or_context,/mnt/data/master_resource_extract (1).json,329,FINAL RESOURCE LIST.txt,"Description: 16. Barrow Neurological Institute Neurotrauma Resources Educational stipends and workshop sponsorships for TBI survivors/families (via Barrow).
Benefits: • Eligibility:
Eligibility: • Intake:
Intake: • Source URLs:",,
3fd752e84d33434b6137,Info: https://www.barrowneuro.org/resource/neurotrauma,,COMMUNITIES & ADVOCACY,INCONCLUSIVE,Network/TLS/server failures prevented a reliable organization verdict.,https://www.barrowneuro.org/resource/neurotrauma-resources | https://www.barrowneuro.org/resource/neurotrauma-resources/,https://www.barrowneuro.org/resource/neurotrauma-resources => INCONCLUSIVE_OFFLINE | https://www.barrowneuro.org/resource/neurotrauma-resources/ => INCONCLUSIVE_OFFLINE,,,,,,,50,CONDITIONAL_OR_UNKNOWN,SOURCE_ONLY,dg_c48f852c5e9d,UNIQUE_OR_UNMERGED,no_parseable_phone_in_source_or_context | no_parseable_email_in_source_or_context | live_network_not_tested,/mnt/data/master_resource_extract (1).json,330,FINAL RESOURCE LIST.txt,"Description: •	Info: https://www.barrowneuro.org/resource/neurotrauma-resources/ (barrowneuro.org)
Benefits: • Eligibility:
Eligibility: • Intake:
Intake: • Source URLs: https://www.barrowneuro.org/resource/neurotrauma-resources/",,
2a68bb8979fcaed3eeef,Brain Injury Association of Arizona Scholarships Occasional small scholarships for students with TBI to pursue higher education.,,COMMUNITIES & ADVOCACY,INSUFFICIENT_SOURCE_DATA,"No usable website, phone, or email was present or discovered.",,,,,,,,,50,CONDITIONAL_OR_UNKNOWN,SOURCE_ONLY,dg_8dc0c20de047,UNIQUE_OR_UNMERGED,no_website_in_source_or_context | no_parseable_phone_in_source_or_context | no_parseable_email_in_source_or_context,/mnt/data/master_resource_extract (1).json,331,FINAL RESOURCE LIST.txt,"Description: 17. Brain Injury Association of Arizona Scholarships Occasional small scholarships for students with TBI to pursue higher education.
Benefits: • Eligibility:
Eligibility: • Intake:
Intake: • Source URLs:",,
dafa1ae5bdbe45bf96b0,Info & Intake: https://biaaz.org/programs,,COMMUNITIES & ADVOCACY,INCONCLUSIVE,Network/TLS/server failures prevented a reliable organization verdict.,https://biaaz.org/programs-services | https://biaaz.org/programs-services/,https://biaaz.org/programs-services => INCONCLUSIVE_OFFLINE | https://biaaz.org/programs-services/ => INCONCLUSIVE_OFFLINE,,,,,,,50,CONDITIONAL_OR_UNKNOWN,SOURCE_ONLY,dg_689cb65a5ef5,UNIQUE_OR_UNMERGED,no_parseable_phone_in_source_or_context | no_parseable_email_in_source_or_context | live_network_not_tested,/mnt/data/master_resource_extract (1).json,332,FINAL RESOURCE LIST.txt,"Description: •	Info & Intake: https://biaaz.org/programs-services/ (barrowneuro.org)
Benefits: • Eligibility:
Eligibility: • Intake:
Intake: • Source URLs: https://biaaz.org/programs-services/",,
63792b1727f39a0c6d5e,Review each program’s eligibility closely—many award on a rolling or seasonal basis.,,COMMUNITIES & ADVOCACY,INSUFFICIENT_SOURCE_DATA,"No usable website, phone, or email was present or discovered.",,,,,,,,,50,CONDITIONAL_OR_UNKNOWN,SOURCE_ONLY,dg_f36d40c63e69,UNIQUE_OR_UNMERGED,no_website_in_source_or_context | no_parseable_phone_in_source_or_context | no_parseable_email_in_source_or_context,/mnt/data/master_resource_extract (1).json,333,FINAL RESOURCE LIST.txt,"Description: •	Review each program’s eligibility closely—many award on a rolling or seasonal basis.
Benefits: • Eligibility: Eligibility closely—many award on a rolling or seasonal basis.
Eligibility: Eligibility closely—many award on a rolling or seasonal basis.
Intake: • Source URLs:",,
1a2797b5e2de8ba91270,"Gather required documentation (proof of diagnosis, AZ residency, business plan, etc.).",,COMMUNITIES & ADVOCACY,INSUFFICIENT_SOURCE_DATA,"No usable website, phone, or email was present or discovered.",,,,,,,,,50,CONDITIONAL_OR_UNKNOWN,SOURCE_ONLY,dg_d0ecfcd0ebe4,UNIQUE_OR_UNMERGED,no_website_in_source_or_context | no_parseable_phone_in_source_or_context | no_parseable_email_in_source_or_context,/mnt/data/master_resource_extract (1).json,334,FINAL RESOURCE LIST.txt,"Description: •	Gather required documentation (proof of diagnosis, AZ residency, business plan, etc.).
Benefits: • Eligibility:
Eligibility: • Intake:
Intake: • Source URLs:",,
9f97b260f0660e086022,Reach out early via the provided contacts if you have questions about your application. Disability & Medical Grants,,GRANTS,INSUFFICIENT_SOURCE_DATA,"No usable website, phone, or email was present or discovered.",,,,,,,,,50,CONDITIONAL_OR_UNKNOWN,SOURCE_ONLY,dg_2c1cea98995c,UNIQUE_OR_UNMERGED,no_website_in_source_or_context | no_parseable_phone_in_source_or_context | no_parseable_email_in_source_or_context,/mnt/data/master_resource_extract (1).json,335,FINAL RESOURCE LIST.txt,"Description: •	Reach out early via the provided contacts if you have questions about your application.    Disability & Medical Grants
Benefits: • Eligibility:
Eligibility: • Intake:
Intake: • Source URLs:",,
6460e037867a9d2b9301,"RareCare® Patient Assistance Programs (NORD) Financial assistance for travel, lodging, medications, home care, respite care, and education for people living with any rare disease. Website: https://rarediseases.org/patient",,COMMUNITIES & ADVOCACY,INCONCLUSIVE,Network/TLS/server failures prevented a reliable organization verdict.,https://rarediseases.org/patient-assistance-programs | https://rarediseases.org/patient-assistance-programs/,https://rarediseases.org/patient-assistance-programs => INCONCLUSIVE_OFFLINE | https://rarediseases.org/patient-assistance-programs/ => INCONCLUSIVE_OFFLINE,,,,,,,50,CONDITIONAL_OR_UNKNOWN,SOURCE_ONLY,dg_b3f1b1d00e33,UNIQUE_OR_UNMERGED,name_looks_compound_or_malformed | no_parseable_phone_in_source_or_context | no_parseable_email_in_source_or_context | live_network_not_tested,/mnt/data/master_resource_extract (1).json,336,FINAL RESOURCE LIST.txt,"Description: •	RareCare® Patient Assistance Programs (NORD) Financial assistance for travel, lodging, medications, home care, respite care, and education for people living with any rare disease. Website: https://rarediseases.org/patient-assistance-programs/ (rarediseases.org)
Benefits: Financial assistance for travel, lodging, medications, home care, respite care, and education for people living with any rare disease.
Eligibility: For people living with any rare disease.
Intake: • Source URLs: https://rarediseases.org/patient-assistance-programs/",,
108e127fe2d27c7f78da,EveryLife Foundation for Rare Diseases,,GRANTS,INCONCLUSIVE,Network/TLS/server failures prevented a reliable organization verdict.,https://everylifefoundation.org/financial-support | https://everylifefoundation.org/financial-support/,https://everylifefoundation.org/financial-support => INCONCLUSIVE_OFFLINE | https://everylifefoundation.org/financial-support/ => INCONCLUSIVE_OFFLINE,,,,,,,50,CONDITIONAL_OR_UNKNOWN,SOURCE_ONLY,dg_a4e41f2dccff,UNIQUE_OR_UNMERGED,no_parseable_phone_in_source_or_context | no_parseable_email_in_source_or_context | live_network_not_tested,/mnt/data/master_resource_extract (1).json,337,FINAL RESOURCE LIST.txt,"Description: •	EveryLife Foundation for Rare Diseases – Financial Support Grants covering travel, lodging, caregiving, equipment, and other out-of-pocket costs for underinsured rare disease patients. Website: https://everylifefoundation.org/financial-support/ (everylifefoundation.org)
Benefits: • Eligibility:
Eligibility: • Intake:
Intake: • Source URLs: https://everylifefoundation.org/financial-support/",,
617785ebcf707dec0f1d,HonorHealth Foundation,,GRANTS,INCONCLUSIVE,Network/TLS/server failures prevented a reliable organization verdict.,https://honorhealthfoundation.org/inspiring-opportunities/choose-your-impact/patient-assistance-program | https://honorhealthfoundation.org/inspiring-opportunities/choose-your-impact/patient-assistance-program/,https://honorhealthfoundation.org/inspiring-opportunities/choose-your-impact/patient-assistance-program => INCONCLUSIVE_OFFLINE | https://honorhealthfoundation.org/inspiring-opportunities/choose-your-impact/patient-assistance-program/ => INCONCLUSIVE_OFFLINE,+1-480-587-5000,+1-480-587-5000 => PLAUSIBLE_UNVERIFIED,foundation@honorhealth.com,foundation@honorhealth.com => PLAUSIBLE_UNVERIFIED,,,50,CONDITIONAL_OR_UNKNOWN,SOURCE_ONLY,dg_8b90a92874a8,UNIQUE_OR_UNMERGED,live_network_not_tested,/mnt/data/master_resource_extract (1).json,338,FINAL RESOURCE LIST.txt,"Description: •	HonorHealth Foundation – Patient Assistance Fund One-time and ongoing grants to help AZ patients afford medications, post-hospital care, medical equipment, and related needs. Contact: Foundation@HonorHealth.com | 480-587-5000 Website: https://honorhealthfoundation.org/inspiring-opportunities/choose-your-impact/patient-assistance-program/ (honorhealthfoundation.org)
Benefits: • Eligibility:
Eligibility: • Intake: Phones: 480-587-5000 | Emails: Foundation@HonorHealth.com
Intake: Phones: 480-587-5000 | Emails: Foundation@HonorHealth.com",,
ded81cfe2851741dc048,"NeedyMeds National directory of patient assistance programs, co",,MEDICAL SUPPORT,INCONCLUSIVE,Network/TLS/server failures prevented a reliable organization verdict.,https://www.needymeds.org/,https://www.needymeds.org/ => INCONCLUSIVE_OFFLINE,,,,,,,50,CONDITIONAL_OR_UNKNOWN,SOURCE_ONLY,dg_f039e78e8fee,UNIQUE_OR_UNMERGED,no_parseable_phone_in_source_or_context | no_parseable_email_in_source_or_context | live_network_not_tested,/mnt/data/master_resource_extract (1).json,339,FINAL RESOURCE LIST.txt,"Description: •	NeedyMeds National directory of patient assistance programs, co-pay relief, and other aid for prescription drugs, medical supplies, and treatment-related costs. Website: https://www.needymeds.org/ (askus-resource-center.unitedspinal.org)
Benefits: • Eligibility:
Eligibility: • Intake:
Intake: • Source URLs: https://www.needymeds.org/",,
2c34ff195b9687120122,Medicine Assistance Tool (MAT) Searchable database to find manufacturer,,COMMUNITIES & ADVOCACY,INCONCLUSIVE,Network/TLS/server failures prevented a reliable organization verdict.,https://medicineassistancetool.org/,https://medicineassistancetool.org/ => INCONCLUSIVE_OFFLINE,,,,,,,50,CONDITIONAL_OR_UNKNOWN,SOURCE_ONLY,dg_ac9490b088ac,UNIQUE_OR_UNMERGED,no_parseable_phone_in_source_or_context | no_parseable_email_in_source_or_context | live_network_not_tested,/mnt/data/master_resource_extract (1).json,340,FINAL RESOURCE LIST.txt,"Description: •	Medicine Assistance Tool (MAT) Searchable database to find manufacturer-sponsored patient assistance programs offering free or discounted medications. Website: https://medicineassistancetool.org/ (battendiseasenews.com)
Benefits: • Eligibility:
Eligibility: • Intake:
Intake: • Source URLs: https://medicineassistancetool.org/",,
d76088aa8009abe54eb8,RxAssist UCSF,,COMMUNITIES & ADVOCACY,INCONCLUSIVE,Network/TLS/server failures prevented a reliable organization verdict.,https://www.rxpath.org/,https://www.rxpath.org/ => INCONCLUSIVE_OFFLINE,,,,,,,50,CONDITIONAL_OR_UNKNOWN,SOURCE_ONLY,dg_3710110994a9,UNIQUE_OR_UNMERGED,no_parseable_phone_in_source_or_context | no_parseable_email_in_source_or_context | live_network_not_tested,/mnt/data/master_resource_extract (1).json,341,FINAL RESOURCE LIST.txt,"Description: •	RxAssist UCSF-hosted repository of pharmaceutical company assistance programs, eligibility criteria, and application contacts. Website: https://www.rxpath.org/ (facebook.com)
Benefits: • Eligibility: Eligibility criteria, and application contacts.
Eligibility: Eligibility criteria, and application contacts.
Intake: • Source URLs: https://www.rxpath.org/",,
aeafd2a1a9cdc3984b64,FamilyWize Free discount card that negotiates lower prescription prices at participating pharmacies. Website,,MEDICAL SUPPORT,INCONCLUSIVE,Network/TLS/server failures prevented a reliable organization verdict.,https://familywize.org/,https://familywize.org/ => INCONCLUSIVE_OFFLINE,,,,,,,50,CONDITIONAL_OR_UNKNOWN,SOURCE_ONLY,dg_b27a8887f112,UNIQUE_OR_UNMERGED,no_parseable_phone_in_source_or_context | no_parseable_email_in_source_or_context | live_network_not_tested,/mnt/data/master_resource_extract (1).json,342,FINAL RESOURCE LIST.txt,"Description: •	FamilyWize Free discount card that negotiates lower prescription prices at participating pharmacies. Website: https://familywize.org/ (futureofpersonalhealth.com)
Benefits: • Eligibility:
Eligibility: • Intake:
Intake: • Source URLs: https://familywize.org/",,
f0a84d52ea10d5b6f4f2,"SingleCare Prescription savings card accepted at major U.S. pharmacies, with average savings of 50% on brand and generic drugs. Website",,COMMUNITIES & ADVOCACY,INCONCLUSIVE,Network/TLS/server failures prevented a reliable organization verdict.,https://www.singlecare.com/,https://www.singlecare.com/ => INCONCLUSIVE_OFFLINE,,,,,,,50,CONDITIONAL_OR_UNKNOWN,SOURCE_ONLY,dg_96265f25ee33,UNIQUE_OR_UNMERGED,no_parseable_phone_in_source_or_context | no_parseable_email_in_source_or_context | live_network_not_tested,/mnt/data/master_resource_extract (1).json,343,FINAL RESOURCE LIST.txt,"Description: •	SingleCare Prescription savings card accepted at major U.S. pharmacies, with average savings of 50% on brand and generic drugs. Website: https://www.singlecare.com/
Benefits: • Eligibility:
Eligibility: • Intake:
Intake: • Source URLs: https://www.singlecare.com/",,
c68da7525ff706c291a5,"SIRUM Platform matching surplus, unexpired medications from institutions to patients in need—no cost to eligible applicants. Website",,GRANTS,INCONCLUSIVE,Network/TLS/server failures prevented a reliable organization verdict.,https://www.sirum.org/,https://www.sirum.org/ => INCONCLUSIVE_OFFLINE,,,,,,,50,CONDITIONAL_OR_UNKNOWN,SOURCE_ONLY,dg_dec10057de1e,UNIQUE_OR_UNMERGED,no_parseable_phone_in_source_or_context | no_parseable_email_in_source_or_context | live_network_not_tested,/mnt/data/master_resource_extract (1).json,344,FINAL RESOURCE LIST.txt,"Description: •	SIRUM Platform matching surplus, unexpired medications from institutions to patients in need—no cost to eligible applicants. Website: https://www.sirum.org/      Housing & Human Services Grants
Benefits: • Eligibility: Eligible applicants.
Eligibility: Eligible applicants.
Intake: • Source URLs: https://www.sirum.org/",,
5f8f9a0ef918fb365d89,AHCCCS Housing Programs Permanent supportive housing and transition services for Medicaid members with serious mental illness or substance use disorders. Website,,HOUSING,INCONCLUSIVE,Network/TLS/server failures prevented a reliable organization verdict.,https://www.azahcccs.gov/AHCCCS/Initiatives/AHP | https://www.azahcccs.gov/AHCCCS/Initiatives/AHP/,https://www.azahcccs.gov/AHCCCS/Initiatives/AHP => INCONCLUSIVE_OFFLINE | https://www.azahcccs.gov/AHCCCS/Initiatives/AHP/ => INCONCLUSIVE_OFFLINE,,,,,,,50,CONDITIONAL_OR_UNKNOWN,SOURCE_ONLY,dg_4d6b6fc1d9d5,UNIQUE_OR_UNMERGED,name_looks_compound_or_malformed | no_parseable_phone_in_source_or_context | no_parseable_email_in_source_or_context | live_network_not_tested,/mnt/data/master_resource_extract (1).json,345,FINAL RESOURCE LIST.txt,"Description: •	AHCCCS Housing Programs Permanent supportive housing and transition services for Medicaid members with serious mental illness or substance use disorders. Website: https://www.azahcccs.gov/AHCCCS/Initiatives/AHP/ (azahcccs.gov)
Benefits: • Eligibility:
Eligibility: • Intake:
Intake: • Source URLs: https://www.azahcccs.gov/AHCCCS/Initiatives/AHP/",,
19601298efdff8b66701,"USDA Single Family Housing Repair Loans & Grants (AZ) Loans up to $40 000 and grants up to $10 000 to repair, improve, or remove health/safety hazards in owner",,GRANTS,INCONCLUSIVE,Network/TLS/server failures prevented a reliable organization verdict.,https://www.rd.usda.gov/programs-services/single-family-housing-programs/single-family-housing-repair-loans-grants/az,https://www.rd.usda.gov/programs-services/single-family-housing-programs/single-family-housing-repair-loans-grants/az => INCONCLUSIVE_OFFLINE,,,,,,,50,CONDITIONAL_OR_UNKNOWN,SOURCE_ONLY,dg_be45e38f9601,UNIQUE_OR_UNMERGED,name_looks_compound_or_malformed | no_parseable_phone_in_source_or_context | no_parseable_email_in_source_or_context | live_network_not_tested,/mnt/data/master_resource_extract (1).json,346,FINAL RESOURCE LIST.txt,"Description: •	USDA Single Family Housing Repair Loans & Grants (AZ) Loans up to $40 000 and grants up to $10 000 to repair, improve, or remove health/safety hazards in owner-occupied homes in rural areas. Website: https://www.rd.usda.gov/programs-services/single-family-housing-programs/single-family-housing-repair-loans-grants/az (rd.usda.gov)
Benefits: Up to $40 000 and grants up to $10 000 to repair, improve, or remove health/safety hazards in owner-occupied homes in rural areas.
Eligibility: • Intake:
Intake: • Source URLs: https://www.rd.usda.gov/programs-services/single-family-housing-programs/single-family-housing-repair-loans-grants/az",,
120d64eba28f7942d013,Maricopa County Rental Assistance Deposit and monthly rental aid for low,,HOUSING,INCONCLUSIVE,Network/TLS/server failures prevented a reliable organization verdict.,https://www.maricopa.gov/5582/Rental-Assistance,https://www.maricopa.gov/5582/Rental-Assistance => INCONCLUSIVE_OFFLINE,,,,,,,50,CONDITIONAL_OR_UNKNOWN,SOURCE_ONLY,dg_de8ff207bfeb,UNIQUE_OR_UNMERGED,no_parseable_phone_in_source_or_context | no_parseable_email_in_source_or_context | live_network_not_tested,/mnt/data/master_resource_extract (1).json,347,FINAL RESOURCE LIST.txt,"Description: •	Maricopa County Rental Assistance Deposit and monthly rental aid for low-income households outside Phoenix, Mesa, and Glendale, coordinated through the County’s Community Resilience Division. Website: https://www.maricopa.gov/5582/Rental-Assistance (maricopa.gov)
Benefits: • Eligibility: For low-income households outside phoenix, mesa, and glendale, coordinated through the county’s community resilience division.
Eligibility: For low-income households outside phoenix, mesa, and glendale, coordinated through the county’s community resilience division.
Intake: • Source URLs: https://www.maricopa.gov/5582/Rental-Assistance",,
4745d7e01c180bbf75e2,Youth Arts Engagement Grant (up to $6 000) for K,,GRANTS,INSUFFICIENT_SOURCE_DATA,"No usable website, phone, or email was present or discovered.",,,,,,,,,50,CONDITIONAL_OR_UNKNOWN,SOURCE_ONLY,dg_594ab7c52092,UNIQUE_OR_UNMERGED,no_website_in_source_or_context | no_parseable_phone_in_source_or_context | no_parseable_email_in_source_or_context,/mnt/data/master_resource_extract (1).json,348,FINAL RESOURCE LIST.txt,"Description: • Youth Arts Engagement Grant (up to $6 000) for K–12 arts projects
Benefits: • Eligibility:
Eligibility: • Intake:
Intake: • Source URLs:",,
6011bfb24d2a04429a5b,Lifelong Arts Engagement Grant (up to $6 000) for adult/community arts programs,,GRANTS,INSUFFICIENT_SOURCE_DATA,"No usable website, phone, or email was present or discovered.",,,,,,,,,50,CONDITIONAL_OR_UNKNOWN,SOURCE_ONLY,dg_ddad80397d5c,UNIQUE_OR_UNMERGED,no_website_in_source_or_context | no_parseable_phone_in_source_or_context | no_parseable_email_in_source_or_context,/mnt/data/master_resource_extract (1).json,349,FINAL RESOURCE LIST.txt,"Description: • Lifelong Arts Engagement Grant (up to $6 000) for adult/community arts programs
Benefits: • Eligibility:
Eligibility: • Intake:
Intake: • Source URLs:",,
0c0932d9ec9f4a583b17,Creative Capacity Building (up to $15 000) for organizational development Apply via,,COMMUNITIES & ADVOCACY,INCONCLUSIVE,Network/TLS/server failures prevented a reliable organization verdict.,https://azarts.smapply.io/,https://azarts.smapply.io/ => INCONCLUSIVE_OFFLINE,,,,,,,50,CONDITIONAL_OR_UNKNOWN,SOURCE_ONLY,dg_73b2027aa3ef,UNIQUE_OR_UNMERGED,no_parseable_phone_in_source_or_context | no_parseable_email_in_source_or_context | live_network_not_tested,/mnt/data/master_resource_extract (1).json,350,FINAL RESOURCE LIST.txt,"Description: • Creative Capacity Building (up to $15 000) for organizational development Apply via: https://azarts.smapply.io/ (azarts.gov, azarts.gov)
Benefits: Up to $15 000) for organizational development apply via: https://azarts.
Eligibility: • Intake:
Intake: • Source URLs: https://azarts.smapply.io/",,
7c32249c67660efeee29,Arts Foundation for Tucson,,GRANTS,INCONCLUSIVE,Network/TLS/server failures prevented a reliable organization verdict.,https://artsfoundtucson.org/grants/pima_county_youth_arts | https://artsfoundtucson.org/grants/pima_county_youth_arts/,https://artsfoundtucson.org/grants/pima_county_youth_arts => INCONCLUSIVE_OFFLINE | https://artsfoundtucson.org/grants/pima_county_youth_arts/ => INCONCLUSIVE_OFFLINE,,,,,,,50,CONDITIONAL_OR_UNKNOWN,SOURCE_ONLY,dg_b3840bdd1383,UNIQUE_OR_UNMERGED,no_parseable_phone_in_source_or_context | no_parseable_email_in_source_or_context | live_network_not_tested,/mnt/data/master_resource_extract (1).json,351,FINAL RESOURCE LIST.txt,"Description: •	Arts Foundation for Tucson – Pima County Youth Arts Scholarships Awards of $1 000–$2 500 to young artists (K–12) in Pima County for project materials, lessons, or equipment. Website: https://artsfoundtucson.org/grants/pima_county_youth_arts/ (artsfoundtucson.org)
Benefits: • Eligibility:
Eligibility: • Intake:
Intake: • Source URLs: https://artsfoundtucson.org/grants/pima_county_youth_arts/",,
d465dad71fae9f68213e,City of Phoenix Arts & Culture Learning Grants Grants up to $5 000 for Phoenix,,GRANTS,INCONCLUSIVE,Network/TLS/server failures prevented a reliable organization verdict.,https://www.phoenix.gov/arts/arts-learning/arts-learning-grants,https://www.phoenix.gov/arts/arts-learning/arts-learning-grants => INCONCLUSIVE_OFFLINE,,,,,,,50,CONDITIONAL_OR_UNKNOWN,SOURCE_ONLY,dg_1c1996fdce4f,UNIQUE_OR_UNMERGED,no_parseable_phone_in_source_or_context | no_parseable_email_in_source_or_context | live_network_not_tested,/mnt/data/master_resource_extract (1).json,352,FINAL RESOURCE LIST.txt,"Description: •	City of Phoenix Arts & Culture Learning Grants Grants up to $5 000 for Phoenix-based schools and nonprofits to deliver arts education and community workshops. Website: https://www.phoenix.gov/arts/arts-learning/arts-learning-grants (phoenix.gov)
Benefits: Up to $5 000 for phoenix-based schools and nonprofits to deliver arts education and community workshops.
Eligibility: • Intake:
Intake: • Source URLs: https://www.phoenix.gov/arts/arts-learning/arts-learning-grants",,
128f2d1df391c0a667ea,"Tempe Community Arts Grant Awards up to $3 000 to support arts projects, performances, and exhibits serving Tempe residents. Website",,GRANTS,INCONCLUSIVE,Network/TLS/server failures prevented a reliable organization verdict.,https://www.tempe.gov/artsgrants,https://www.tempe.gov/artsgrants => INCONCLUSIVE_OFFLINE,,,,,,,50,CONDITIONAL_OR_UNKNOWN,SOURCE_ONLY,dg_3773f320bce1,UNIQUE_OR_UNMERGED,no_parseable_phone_in_source_or_context | no_parseable_email_in_source_or_context | live_network_not_tested,/mnt/data/master_resource_extract (1).json,353,FINAL RESOURCE LIST.txt,"Description: •	Tempe Community Arts Grant Awards up to $3 000 to support arts projects, performances, and exhibits serving Tempe residents. Website: https://www.tempe.gov/artsgrants (tempe.gov)
Benefits: Up to $3 000 to support arts projects, performances, and exhibits serving tempe residents.
Eligibility: • Intake:
Intake: • Source URLs: https://www.tempe.gov/artsgrants",,
b743832ef91f37b850d1,"Arizona Community Foundation Arts & Culture Fund Supports individual artists and nonprofit arts organizations with grants for programming, capacity building, and special projects. Website: https://www.azfoundation.org/ways",,GRANTS,INCONCLUSIVE,Network/TLS/server failures prevented a reliable organization verdict.,https://www.azfoundation.org/ways-to-give/give-by-impact-area/arts-culture,https://www.azfoundation.org/ways-to-give/give-by-impact-area/arts-culture => INCONCLUSIVE_OFFLINE,,,,,,,50,CONDITIONAL_OR_UNKNOWN,SOURCE_ONLY,dg_22ef89b0df10,UNIQUE_OR_UNMERGED,name_looks_compound_or_malformed | no_parseable_phone_in_source_or_context | no_parseable_email_in_source_or_context | live_network_not_tested,/mnt/data/master_resource_extract (1).json,354,FINAL RESOURCE LIST.txt,"Description: •	Arizona Community Foundation Arts & Culture Fund Supports individual artists and nonprofit arts organizations with grants for programming, capacity building, and special projects. Website: https://www.azfoundation.org/ways-to-give/give-by-impact-area/arts-culture (azfoundation.org)
Benefits: • Eligibility:
Eligibility: • Intake:
Intake: • Source URLs: https://www.azfoundation.org/ways-to-give/give-by-impact-area/arts-culture",,
eb3cc4ea634646ec4cc0,Kresge Foundation Arts & Culture Grants National grants (up to $250 000) for creative placemaking initiatives that integrate arts into community development—open to AZ nonprofits. Website: https://kresge.org/programs/arts,,GRANTS,INCONCLUSIVE,Network/TLS/server failures prevented a reliable organization verdict.,https://kresge.org/programs/arts-culture | https://kresge.org/programs/arts-culture/,https://kresge.org/programs/arts-culture => INCONCLUSIVE_OFFLINE | https://kresge.org/programs/arts-culture/ => INCONCLUSIVE_OFFLINE,,,,,,,50,CONDITIONAL_OR_UNKNOWN,SOURCE_ONLY,dg_0480fca24699,UNIQUE_OR_UNMERGED,name_looks_compound_or_malformed | no_parseable_phone_in_source_or_context | no_parseable_email_in_source_or_context | live_network_not_tested,/mnt/data/master_resource_extract (1).json,355,FINAL RESOURCE LIST.txt,"Description: •	Kresge Foundation Arts & Culture Grants National grants (up to $250 000) for creative placemaking initiatives that integrate arts into community development—open to AZ nonprofits. Website: https://kresge.org/programs/arts-culture/ (azmuseums.org)
Benefits: Up to $250 000) for creative placemaking initiatives that integrate arts into community development—open to az nonprofits.
Eligibility: • Intake:
Intake: • Source URLs: https://kresge.org/programs/arts-culture/",,
79c02ae0141e492dcaaf,"Creative Capital Awards $50 000 project grants plus $50 000 in advisory services for individual artists working across disciplines and regions, including AZ. Website: https://creative",,GRANTS,INCONCLUSIVE,Network/TLS/server failures prevented a reliable organization verdict.,https://creative-capital.org/,https://creative-capital.org/ => INCONCLUSIVE_OFFLINE,,,,,,,50,CONDITIONAL_OR_UNKNOWN,SOURCE_ONLY,dg_741b73bb3b97,UNIQUE_OR_UNMERGED,name_looks_compound_or_malformed | no_parseable_phone_in_source_or_context | no_parseable_email_in_source_or_context | live_network_not_tested,/mnt/data/master_resource_extract (1).json,356,FINAL RESOURCE LIST.txt,"Description: •	Creative Capital Awards $50 000 project grants plus $50 000 in advisory services for individual artists working across disciplines and regions, including AZ. Website: https://creative-capital.org/ (en.wikipedia.org)
Benefits: • Eligibility:
Eligibility: • Intake:
Intake: • Source URLs: https://creative-capital.org/",,
459dd4f440444e952a2b,"United States Artists Fellowships $50 000 unrestricted awards to artists across all genres—open nationwide, application typically opens in spring. Website",,TRANSPORTATION,INCONCLUSIVE,Network/TLS/server failures prevented a reliable organization verdict.,https://unitedstatesartists.org/,https://unitedstatesartists.org/ => INCONCLUSIVE_OFFLINE,,,,,,,53,CONDITIONAL_OR_UNKNOWN,SOURCE_ONLY,dg_590314986426,UNIQUE_OR_UNMERGED,name_looks_compound_or_malformed | no_parseable_phone_in_source_or_context | no_parseable_email_in_source_or_context | live_network_not_tested,/mnt/data/master_resource_extract (1).json,357,FINAL RESOURCE LIST.txt,"Description: •	United States Artists Fellowships $50 000 unrestricted awards to artists across all genres—open nationwide, application typically opens in spring. Website: https://unitedstatesartists.org/ (en.wikipedia.org)      🚗 Medical Transportation
Benefits: • Eligibility:
Eligibility: • Intake:
Intake: • Source URLs: https://unitedstatesartists.org/",,
b05d9d874eef27429511,Arizona Centers for Independent Living (CILs) Non; Intake: https://des.az.gov/services/disabilities/developmental,,TRANSPORTATION,INCONCLUSIVE,Network/TLS/server failures prevented a reliable organization verdict.,https://des.az.gov/services/disabilities/developmental-disabilities/community-resources/transportation | https://des.az.gov/services/disabilities/developmental-disabilities/community-resources/transportation/,https://des.az.gov/services/disabilities/developmental-disabilities/community-resources/transportation => INCONCLUSIVE_OFFLINE | https://des.az.gov/services/disabilities/developmental-disabilities/community-resources/transportation/ => INCONCLUSIVE_OFFLINE,,,,,,,57,CONDITIONAL_OR_UNKNOWN,SOURCE_ONLY,dg_1bce7166fbee,UNIQUE_OR_UNMERGED,no_parseable_phone_in_source_or_context | no_parseable_email_in_source_or_context | live_network_not_tested,/mnt/data/master_resource_extract (1).json,358,FINAL RESOURCE LIST.txt,"Description: •	Arizona Centers for Independent Living (CILs) Non-emergency rides to medical appointments, plus disability advocacy. Intake: https://des.az.gov/services/disabilities/developmental-disabilities/community-resources/transportation/ (des.az.gov)   • Intake: https://des.az.gov/services/disabilities/developmental-disabilities/community-resources/transportation/
Benefits: • Eligibility:
Eligibility: • Intake:
Intake: https://des.az.gov/services/disabilities/developmental-disabilities/community-resources/transportation/",,
d872394f254438139640,"ELAINE Empathetic accessible transportation for medical appts, prescriptions, and related essentials. Intake; Intake",,TRANSPORTATION,INCONCLUSIVE,Network/TLS/server failures prevented a reliable organization verdict.,https://elaineaz.org/,https://elaineaz.org/ => INCONCLUSIVE_OFFLINE,,,,,,,53,CONDITIONAL_OR_UNKNOWN,SOURCE_ONLY,dg_086439ec7379,UNIQUE_OR_UNMERGED,no_parseable_phone_in_source_or_context | no_parseable_email_in_source_or_context | live_network_not_tested,/mnt/data/master_resource_extract (1).json,359,FINAL RESOURCE LIST.txt,"Description: •	ELAINE Empathetic accessible transportation for medical appts, prescriptions, and related essentials. Intake: https://elaineaz.org/ (elaineaz.org)   • Intake: https://elaineaz.org/
Benefits: • Eligibility:
Eligibility: • Intake:
Intake: https://elaineaz.org/",,
be7c9891e9e887848f3f,AllThrive 365 (formerly Onward at Home) Door; Intake,,TRANSPORTATION,INCONCLUSIVE,Network/TLS/server failures prevented a reliable organization verdict.,https://allthrive365.org/connection/transportation | https://allthrive365.org/connection/transportation/,https://allthrive365.org/connection/transportation => INCONCLUSIVE_OFFLINE | https://allthrive365.org/connection/transportation/ => INCONCLUSIVE_OFFLINE,,,,,,,53,CONDITIONAL_OR_UNKNOWN,SOURCE_ONLY,dg_d637aad931bf,UNIQUE_OR_UNMERGED,no_parseable_phone_in_source_or_context | no_parseable_email_in_source_or_context | live_network_not_tested,/mnt/data/master_resource_extract (1).json,360,FINAL RESOURCE LIST.txt,"Description: •	AllThrive 365 (formerly Onward at Home) Door-to-door rides for older adults & people with disabilities to medical, grocery, housing interviews, etc. Intake: https://allthrive365.org/connection/transportation/ (allthrive365.org)   • Intake: https://allthrive365.org/connection/transportation/
Benefits: • Eligibility:
Eligibility: • Intake:
Intake: https://allthrive365.org/connection/transportation/",,
44505c0a86036d48a7d4,"Angel Flight West Free, non; Intake: https://angelflightwest.org/ 🧠 Trauma",,MEDICAL SUPPORT,INCONCLUSIVE,Network/TLS/server failures prevented a reliable organization verdict.,https://angelflightwest.org/,https://angelflightwest.org/ => INCONCLUSIVE_OFFLINE,,,,,,,54,CONDITIONAL_OR_UNKNOWN,SOURCE_ONLY,dg_59e48e55f2a4,UNIQUE_OR_UNMERGED,no_parseable_phone_in_source_or_context | no_parseable_email_in_source_or_context | live_network_not_tested,/mnt/data/master_resource_extract (1).json,361,FINAL RESOURCE LIST.txt,"Description: •	Angel Flight West Free, non-emergency private-pilot air travel for patients with serious medical needs. Intake: https://angelflightwest.org/ (findhelp.org)      🧠 Trauma-Informed Case Management • Intake: https://angelflightwest.org/      🧠 Trauma-Informed Case Management (b)
Benefits: • Eligibility:
Eligibility: • Intake:
Intake: https://angelflightwest.org/      🧠 Trauma-Informed Case Management (b)",,
e89ac351c85c9b501810,Sojourner Center; Intake: https://www.sojournercenter.org/programs/community,,HOUSING,INCONCLUSIVE,Network/TLS/server failures prevented a reliable organization verdict.,https://www.sojournercenter.org/programs/community-outreach-programs | https://www.sojournercenter.org/programs/community-outreach-programs/,https://www.sojournercenter.org/programs/community-outreach-programs => INCONCLUSIVE_OFFLINE | https://www.sojournercenter.org/programs/community-outreach-programs/ => INCONCLUSIVE_OFFLINE,,,,,,,57,CONDITIONAL_OR_UNKNOWN,SOURCE_ONLY,dg_1a265376aba3,UNIQUE_OR_UNMERGED,no_parseable_phone_in_source_or_context | no_parseable_email_in_source_or_context | live_network_not_tested,/mnt/data/master_resource_extract (1).json,362,FINAL RESOURCE LIST.txt,"Description: •	Sojourner Center – Community Outreach Mobile, trauma-informed case management for survivors who may not need or cannot access shelter. Intake: https://www.sojournercenter.org/programs/community-outreach-programs/ (sojournercenter.org)   • Intake: https://www.sojournercenter.org/programs/community-outreach-programs/
Benefits: • Eligibility:
Eligibility: • Intake:
Intake: https://www.sojournercenter.org/programs/community-outreach-programs/",,
83cb0e3193ebd6b9617a,Dignity Health THRIVE Program Hospital; Intake: https://www.dignityhealth.org/arizona/locations/stjosephs/services/emergency,,HOUSING,INCONCLUSIVE,Network/TLS/server failures prevented a reliable organization verdict.,https://www.dignityhealth.org/arizona/locations/stjosephs/services/emergency-and-trauma-services/prevention-programs/thrive-program,https://www.dignityhealth.org/arizona/locations/stjosephs/services/emergency-and-trauma-services/prevention-programs/thrive-program => INCONCLUSIVE_OFFLINE,,,,,,,54,CONDITIONAL_OR_UNKNOWN,SOURCE_ONLY,dg_de1db7f87888,UNIQUE_OR_UNMERGED,no_parseable_phone_in_source_or_context | no_parseable_email_in_source_or_context | live_network_not_tested,/mnt/data/master_resource_extract (1).json,363,FINAL RESOURCE LIST.txt,"Description: •	Dignity Health THRIVE Program Hospital-based crisis counseling + trauma-aware case management linking you to housing, legal aid & mental health. Intake: https://www.dignityhealth.org/arizona/locations/stjosephs/services/emergency-and-trauma-services/prevention-programs/thrive-program (dignityhealth.org)   • Intake: https://www.dignityhealth.org/arizona/locations/stjosephs/services/emergency-and-trauma-services/prevention-programs/thrive-program
Benefits: • Eligibility:
Eligibility: • Intake:
Intake: https://www.dignityhealth.org/arizona/locations/stjosephs/services/emergency-and-trauma-services/prevention-programs/thrive-program",,
591f7a75b0c2d9f452e2,"Housing Solutions of Northern Arizona (Sharon Manor) Permanent, affordable rentals with on",,HOUSING,INCONCLUSIVE,Network/TLS/server failures prevented a reliable organization verdict.,https://www.housingnaz.org/,https://www.housingnaz.org/ => INCONCLUSIVE_OFFLINE,,,,,,,50,CONDITIONAL_OR_UNKNOWN,SOURCE_ONLY,dg_8f59e38abd2d,UNIQUE_OR_UNMERGED,no_parseable_phone_in_source_or_context | no_parseable_email_in_source_or_context | live_network_not_tested,/mnt/data/master_resource_extract (1).json,364,FINAL RESOURCE LIST.txt,"Description: •	Housing Solutions of Northern Arizona (Sharon Manor) Permanent, affordable rentals with on-site trauma-informed case managers focusing on self-sufficiency. Intake: https://www.housingnaz.org/ (housingnaz.org)
Benefits: • Eligibility:
Eligibility: • Intake:
Intake: • Source URLs: https://www.housingnaz.org/",,
afe4abe898e76e39c88c,Maricopa County; Maricopa County Special Projects (see above) Includes dedicated funding for comprehensive legal consultations and relief assessments for crime victims. Intake: https://www.maricopa.gov/5865/Special; Intake: https://www.maricopa.gov/5865/Special,,LEGAL AID,INCONCLUSIVE,Network/TLS/server failures prevented a reliable organization verdict.,https://www.maricopa.gov/5865/Special-Projects,https://www.maricopa.gov/5865/Special-Projects => INCONCLUSIVE_OFFLINE,,,,,,,50,CONDITIONAL_OR_UNKNOWN,SOURCE_ONLY,dg_463de4c13316,UNIQUE_OR_UNMERGED,name_looks_compound_or_malformed | no_parseable_phone_in_source_or_context | no_parseable_email_in_source_or_context | live_network_not_tested,/mnt/data/master_resource_extract (1).json,365,FINAL RESOURCE LIST.txt,"Description: •	Maricopa County – Victims’ Services (Special Projects) Trauma-informed case management for crime victims, plus funded legal consultations/assessments. Intake: https://www.maricopa.gov/5865/Special-Projects (maricopa.gov)   •	Maricopa County Special Projects (see above) Includes dedicated funding for comprehensive legal consultations and relief assessments for crime victims. Intake: https://www.maricopa.gov/5865/Special-Projects (maricopa.gov)      Next Steps: • Intake: https://www.maricopa.gov/5865/Special-Projects
Benefits: • Eligibility:
Eligibility: • Intake:
Intake: https://www.maricopa.gov/5865/Special-Projects",,
14d1ae0549617e0e643e,Chrysalis 360° trauma; Intake: https://noabuse.org/our,,GRANTS,INCONCLUSIVE,Network/TLS/server failures prevented a reliable organization verdict.,https://noabuse.org/our-services | https://noabuse.org/our-services/,https://noabuse.org/our-services => INCONCLUSIVE_OFFLINE | https://noabuse.org/our-services/ => INCONCLUSIVE_OFFLINE,,,,,,,50,CONDITIONAL_OR_UNKNOWN,SOURCE_ONLY,dg_10bf810027f7,UNIQUE_OR_UNMERGED,no_parseable_phone_in_source_or_context | no_parseable_email_in_source_or_context | live_network_not_tested,/mnt/data/master_resource_extract (1).json,366,FINAL RESOURCE LIST.txt,"Description: •	Chrysalis 360° trauma-informed programs and ongoing advocacy for domestic violence survivors (no shelter intake required). Intake: https://noabuse.org/our-services/ (noabuse.org)      🏠 Housing Grants & Facilities (Not “Shelters”) • Intake: https://noabuse.org/our-services/      🏠 Housing Grants & Facilities (Not Shelters) (c)
Benefits: • Eligibility:
Eligibility: • Intake:
Intake: https://noabuse.org/our-services/      🏠 Housing Grants & Facilities (Not Shelters) (c)",,
1958879dc2dbd889b56f,Arizona Housing Fund Eviction prevention & affordable housing grants (funded by unclaimed; Intake,,GRANTS,INCONCLUSIVE,Network/TLS/server failures prevented a reliable organization verdict.,https://azhousingfund.org/,https://azhousingfund.org/ => INCONCLUSIVE_OFFLINE,,,,,,,50,CONDITIONAL_OR_UNKNOWN,SOURCE_ONLY,dg_5cba23b5347f,UNIQUE_OR_UNMERGED,no_parseable_phone_in_source_or_context | no_parseable_email_in_source_or_context | live_network_not_tested,/mnt/data/master_resource_extract (1).json,367,FINAL RESOURCE LIST.txt,"Description: •	Arizona Housing Fund Eviction prevention & affordable housing grants (funded by unclaimed-property revenues). Intake: https://azhousingfund.org/ (see AZ Housing Continuum PDF) (azmag.gov)   • Intake: https://azhousingfund.org/
Benefits: • Eligibility:
Eligibility: • Intake:
Intake: https://azhousingfund.org/",,
b07410904313ea7fc1c1,Review each program’s eligibility and application deadlines.,,COMMUNITIES & ADVOCACY,INSUFFICIENT_SOURCE_DATA,"No usable website, phone, or email was present or discovered.",,,,,,,,,50,CONDITIONAL_OR_UNKNOWN,SOURCE_ONLY,dg_9deac4fa0b2c,UNIQUE_OR_UNMERGED,no_website_in_source_or_context | no_parseable_phone_in_source_or_context | no_parseable_email_in_source_or_context,/mnt/data/master_resource_extract (1).json,369,FINAL RESOURCE LIST.txt,"Description: 1.	Review each program’s eligibility and application deadlines.
Benefits: • Eligibility: Eligibility and application deadlines.
Eligibility: Eligibility and application deadlines.
Intake: • Source URLs:",,
aafc37a21cd682fd857b,"Prepare documentation (medical records, PTSD letter, income proof, AZ residency).",,MEDICAL SUPPORT,INSUFFICIENT_SOURCE_DATA,"No usable website, phone, or email was present or discovered.",,,,,,,,,50,CONDITIONAL_OR_UNKNOWN,SOURCE_ONLY,dg_7bad9df3d5b2,UNIQUE_OR_UNMERGED,no_website_in_source_or_context | no_parseable_phone_in_source_or_context | no_parseable_email_in_source_or_context,/mnt/data/master_resource_extract (1).json,370,FINAL RESOURCE LIST.txt,"Description: 2.	Prepare documentation (medical records, PTSD letter, income proof, AZ residency).
Benefits: • Eligibility:
Eligibility: • Intake:
Intake: • Source URLs:",,
3af8a6d9b492917a9d9d,Reach out directly via the listed websites/contacts to request intake paperwork or next,,TRANSPORTATION,INSUFFICIENT_SOURCE_DATA,"No usable website, phone, or email was present or discovered.",,,,,,,,,53,CONDITIONAL_OR_UNKNOWN,SOURCE_ONLY,dg_c7308027e197,UNIQUE_OR_UNMERGED,no_website_in_source_or_context | no_parseable_phone_in_source_or_context | no_parseable_email_in_source_or_context,/mnt/data/master_resource_extract (1).json,371,FINAL RESOURCE LIST.txt,"Description: 3.	Reach out directly via the listed websites/contacts to request intake paperwork or next-step guidance.    🚗 Medical Transportation (a)
Benefits: • Eligibility:
Eligibility: • Intake:
Intake: • Source URLs:",,
d49eacd62ddfca94ca7d,Arizona Centers for Independent Living (CILs),,COMMUNITIES & ADVOCACY,INSUFFICIENT_SOURCE_DATA,"No usable website, phone, or email was present or discovered.",,,,,,,,,50,CONDITIONAL_OR_UNKNOWN,SOURCE_ONLY,dg_7a1186347045,UNIQUE_OR_UNMERGED,no_website_in_source_or_context | no_parseable_phone_in_source_or_context | no_parseable_email_in_source_or_context,/mnt/data/master_resource_extract (1).json,372,FINAL RESOURCE LIST.txt,"Description: 1.	Arizona Centers for Independent Living (CILs)
Benefits: • Eligibility:
Eligibility: • Intake:
Intake: • Source URLs:",,
0a9020d25d6edcea8cdf,"Free, non",,TRANSPORTATION,INSUFFICIENT_SOURCE_DATA,"No usable website, phone, or email was present or discovered.",,,,,,,,,54,CONDITIONAL_OR_UNKNOWN,SOURCE_ONLY,dg_3d299cd33e0d,UNIQUE_OR_UNMERGED,no_website_in_source_or_context | no_parseable_phone_in_source_or_context | no_parseable_email_in_source_or_context,/mnt/data/master_resource_extract (1).json,373,FINAL RESOURCE LIST.txt,"Description: • Free, non-emergency rides to medical appointments for people with disabilities (including chronic illness).
Benefits: • Eligibility: For people with disabilities (including chronic illness).
Eligibility: For people with disabilities (including chronic illness).
Intake: • Source URLs:",,
e35a93726061b7e32f2b,ELAINE,,COMMUNITIES & ADVOCACY,INSUFFICIENT_SOURCE_DATA,"No usable website, phone, or email was present or discovered.",,,,,,,,,50,CONDITIONAL_OR_UNKNOWN,SOURCE_ONLY,dg_37d9081efa5a,UNIQUE_OR_UNMERGED,no_website_in_source_or_context | no_parseable_phone_in_source_or_context | no_parseable_email_in_source_or_context,/mnt/data/master_resource_extract (1).json,374,FINAL RESOURCE LIST.txt,"Description: 2.	ELAINE
Benefits: • Eligibility:
Eligibility: • Intake:
Intake: • Source URLs:",,
46df1308b5d2375a1d1f,Trauma,,MEDICAL SUPPORT,INSUFFICIENT_SOURCE_DATA,"No usable website, phone, or email was present or discovered.",,,,,,,,,50,CONDITIONAL_OR_UNKNOWN,SOURCE_ONLY,dg_7370eff04dee,UNIQUE_OR_UNMERGED,no_website_in_source_or_context | no_parseable_phone_in_source_or_context | no_parseable_email_in_source_or_context,/mnt/data/master_resource_extract (1).json,375,FINAL RESOURCE LIST.txt,"Description: • Trauma-aware, accessible transit for medical visits, pharmacy pickup, and essential errands. • Trauma-aware case management for crime/family-violence survivors, including legal advocacy. 2. Trauma-Informed & PTSD/CPTSD Resources
Benefits: • Eligibility:
Eligibility: • Intake:
Intake: • Source URLs:",,
43ea104c8e11e1205a15,AllThrive 365 (Onward at Home),,COMMUNITIES & ADVOCACY,INSUFFICIENT_SOURCE_DATA,"No usable website, phone, or email was present or discovered.",,,,,,,,,50,CONDITIONAL_OR_UNKNOWN,SOURCE_ONLY,dg_792d3eb17b46,UNIQUE_OR_UNMERGED,no_website_in_source_or_context | no_parseable_phone_in_source_or_context | no_parseable_email_in_source_or_context,/mnt/data/master_resource_extract (1).json,376,FINAL RESOURCE LIST.txt,"Description: 3.	AllThrive 365 (Onward at Home)
Benefits: • Eligibility:
Eligibility: • Intake:
Intake: • Source URLs:",,
de40d8beb241989d626f,Door,,TRANSPORTATION,INSUFFICIENT_SOURCE_DATA,"No usable website, phone, or email was present or discovered.",,,,,,,,,50,CONDITIONAL_OR_UNKNOWN,SOURCE_ONLY,dg_aa68483b2198,UNIQUE_OR_UNMERGED,no_website_in_source_or_context | no_parseable_phone_in_source_or_context | no_parseable_email_in_source_or_context,/mnt/data/master_resource_extract (1).json,377,FINAL RESOURCE LIST.txt,"Description: • Door-to-door rides for older adults & people with disabilities to health, housing, and work.
Benefits: • Eligibility:
Eligibility: • Intake:
Intake: • Source URLs:",,
8b0e7ab8f17a10665962,Angel Flight West,,COMMUNITIES & ADVOCACY,INSUFFICIENT_SOURCE_DATA,"No usable website, phone, or email was present or discovered.",,,,,,,,,50,CONDITIONAL_OR_UNKNOWN,SOURCE_ONLY,dg_0eb665f6e3fd,UNIQUE_OR_UNMERGED,no_website_in_source_or_context | no_parseable_phone_in_source_or_context | no_parseable_email_in_source_or_context,/mnt/data/master_resource_extract (1).json,378,FINAL RESOURCE LIST.txt,"Description: 4.	Angel Flight West
Benefits: • Eligibility:
Eligibility: • Intake:
Intake: • Source URLs:",,
5ee71f5bf7271336af45,Private,,TRANSPORTATION,INSUFFICIENT_SOURCE_DATA,"No usable website, phone, or email was present or discovered.",,,,,,,,,50,CONDITIONAL_OR_UNKNOWN,SOURCE_ONLY,dg_4b2a9942aa87,UNIQUE_OR_UNMERGED,no_website_in_source_or_context | no_parseable_phone_in_source_or_context | no_parseable_email_in_source_or_context,/mnt/data/master_resource_extract (1).json,379,FINAL RESOURCE LIST.txt,"Description: • Private-pilot air transport (no cost) for AZ patients needing specialized distant medical care.
Benefits: • Eligibility:
Eligibility: • Intake:
Intake: • Source URLs:",,
d434fe6cf6ed4278f489,Sojourner Center,,COMMUNITIES & ADVOCACY,INSUFFICIENT_SOURCE_DATA,"No usable website, phone, or email was present or discovered.",,,,,,,,,54,CONDITIONAL_OR_UNKNOWN,SOURCE_ONLY,dg_3dfc585dc203,UNIQUE_OR_UNMERGED,no_website_in_source_or_context | no_parseable_phone_in_source_or_context | no_parseable_email_in_source_or_context,/mnt/data/master_resource_extract (1).json,380,FINAL RESOURCE LIST.txt,"Description: 1.	Sojourner Center – Community Outreach
Benefits: • Eligibility:
Eligibility: • Intake:
Intake: • Source URLs:",,
ed9074b43983a1d91cbf,"Mobile, trauma",,HOUSING,INSUFFICIENT_SOURCE_DATA,"No usable website, phone, or email was present or discovered.",,,,,,,,,53,CONDITIONAL_OR_UNKNOWN,SOURCE_ONLY,dg_3bf89c5c51d1,UNIQUE_OR_UNMERGED,no_website_in_source_or_context | no_parseable_phone_in_source_or_context | no_parseable_email_in_source_or_context,/mnt/data/master_resource_extract (1).json,381,FINAL RESOURCE LIST.txt,"Description: • Mobile, trauma-informed support (PTSD/CPTSD-sensitive), no shelter stay required.
Benefits: • Eligibility:
Eligibility: • Intake:
Intake: • Source URLs:",,
4f4c341cb78b0325fae8,Dignity Health THRIVE Program,,MEDICAL SUPPORT,INSUFFICIENT_SOURCE_DATA,"No usable website, phone, or email was present or discovered.",,,,,,,,,50,CONDITIONAL_OR_UNKNOWN,SOURCE_ONLY,dg_2bf574ae9343,UNIQUE_OR_UNMERGED,no_website_in_source_or_context | no_parseable_phone_in_source_or_context | no_parseable_email_in_source_or_context,/mnt/data/master_resource_extract (1).json,382,FINAL RESOURCE LIST.txt,"Description: 2.	Dignity Health THRIVE Program
Benefits: • Eligibility:
Eligibility: • Intake:
Intake: • Source URLs:",,
f6475c1db5ec2851e3b6,Hospital,,HOUSING,INSUFFICIENT_SOURCE_DATA,"No usable website, phone, or email was present or discovered.",,,,,,,,,50,CONDITIONAL_OR_UNKNOWN,SOURCE_ONLY,dg_54e06aa33e41,UNIQUE_OR_UNMERGED,no_website_in_source_or_context | no_parseable_phone_in_source_or_context | no_parseable_email_in_source_or_context,/mnt/data/master_resource_extract (1).json,383,FINAL RESOURCE LIST.txt,"Description: • Hospital-based crisis counseling + warm hand-offs to housing, legal, and mental-health services.
Benefits: • Eligibility:
Eligibility: • Intake:
Intake: • Source URLs:",,
b2bee19656d6faf4ce94,Maricopa County Victim Services,,COMMUNITIES & ADVOCACY,INSUFFICIENT_SOURCE_DATA,"No usable website, phone, or email was present or discovered.",,,,,,,,,50,CONDITIONAL_OR_UNKNOWN,SOURCE_ONLY,dg_367238893c91,UNIQUE_OR_UNMERGED,no_website_in_source_or_context | no_parseable_phone_in_source_or_context | no_parseable_email_in_source_or_context,/mnt/data/master_resource_extract (1).json,384,FINAL RESOURCE LIST.txt,"Description: 3.	Maricopa County Victim Services – Special Projects
Benefits: • Eligibility:
Eligibility: • Intake:
Intake: • Source URLs:",,
d54a1df47fee58d419ab,Chrysalis,,COMMUNITIES & ADVOCACY,INSUFFICIENT_SOURCE_DATA,"No usable website, phone, or email was present or discovered.",,,,,,,,,50,CONDITIONAL_OR_UNKNOWN,SOURCE_ONLY,dg_eb1522db70de,UNIQUE_OR_UNMERGED,no_website_in_source_or_context | no_parseable_phone_in_source_or_context | no_parseable_email_in_source_or_context,/mnt/data/master_resource_extract (1).json,385,FINAL RESOURCE LIST.txt,"Description: 4.	Chrysalis
Benefits: • Eligibility:
Eligibility: • Intake:
Intake: • Source URLs:",,
e1cb7ac49a396f308a78,"Ongoing, trauma",,HOUSING,INSUFFICIENT_SOURCE_DATA,"No usable website, phone, or email was present or discovered.",,,,,,,,,50,CONDITIONAL_OR_UNKNOWN,SOURCE_ONLY,dg_f5169a084b2c,UNIQUE_OR_UNMERGED,no_website_in_source_or_context | no_parseable_phone_in_source_or_context | no_parseable_email_in_source_or_context,/mnt/data/master_resource_extract (1).json,386,FINAL RESOURCE LIST.txt,"Description: • Ongoing, trauma-informed advocacy (DV survivors) without moving into shelter.
Benefits: • Eligibility:
Eligibility: • Intake:
Intake: • Source URLs:",,
6edfe95d914c5cac5188,"Grants to prevent eviction and stabilize housing—no congregate shelter, direct to landlord.",,GRANTS,INSUFFICIENT_SOURCE_DATA,"No usable website, phone, or email was present or discovered.",,,,,,,,,50,CONDITIONAL_OR_UNKNOWN,SOURCE_ONLY,dg_72e633f332a6,UNIQUE_OR_UNMERGED,no_website_in_source_or_context | no_parseable_phone_in_source_or_context | no_parseable_email_in_source_or_context,/mnt/data/master_resource_extract (1).json,387,FINAL RESOURCE LIST.txt,"Description: • Grants to prevent eviction and stabilize housing—no congregate shelter, direct to landlord.
Benefits: • Eligibility:
Eligibility: • Intake:
Intake: • Source URLs:",,
4698cb857736c1aeaf83,Rapid rehousing grants + transitional apartments with wrap,,GRANTS,INSUFFICIENT_SOURCE_DATA,"No usable website, phone, or email was present or discovered.",,,,,,,,,54,CONDITIONAL_OR_UNKNOWN,SOURCE_ONLY,dg_0000ec197e45,UNIQUE_OR_UNMERGED,no_website_in_source_or_context | no_parseable_phone_in_source_or_context | no_parseable_email_in_source_or_context,/mnt/data/master_resource_extract (1).json,388,FINAL RESOURCE LIST.txt,"Description: • Rapid rehousing grants + transitional apartments with wrap-around support.
Benefits: • Eligibility:
Eligibility: • Intake:
Intake: • Source URLs:",,
111644cec05cb66c4a95,"Permanent supportive housing in apartments, plus on",,HOUSING,INSUFFICIENT_SOURCE_DATA,"No usable website, phone, or email was present or discovered.",,,,,,,,,50,CONDITIONAL_OR_UNKNOWN,SOURCE_ONLY,dg_a2275d286b25,UNIQUE_OR_UNMERGED,no_website_in_source_or_context | no_parseable_phone_in_source_or_context | no_parseable_email_in_source_or_context,/mnt/data/master_resource_extract (1).json,389,FINAL RESOURCE LIST.txt,"Description: • Permanent supportive housing in apartments, plus on-site case management.
Benefits: • Eligibility:
Eligibility: • Intake:
Intake: • Source URLs:",,
7eb752c0b18eb69aafd9,One,,GRANTS,INSUFFICIENT_SOURCE_DATA,"No usable website, phone, or email was present or discovered.",,,,,,,,,50,CONDITIONAL_OR_UNKNOWN,SOURCE_ONLY,dg_598fc7dcf1df,UNIQUE_OR_UNMERGED,no_website_in_source_or_context | no_parseable_phone_in_source_or_context | no_parseable_email_in_source_or_context,/mnt/data/master_resource_extract (1).json,390,FINAL RESOURCE LIST.txt,"Description: • One-time $2,000 grants to avert crisis homelessness, with gentle case support.
Benefits: • Eligibility:
Eligibility: • Intake:
Intake: • Source URLs:",,
523963f3ed322832f8fb,NetWish,,COMMUNITIES & ADVOCACY,INSUFFICIENT_SOURCE_DATA,"No usable website, phone, or email was present or discovered.",,,,,,,,,50,CONDITIONAL_OR_UNKNOWN,SOURCE_ONLY,dg_bcc5dd3d2706,UNIQUE_OR_UNMERGED,no_website_in_source_or_context | no_parseable_phone_in_source_or_context | no_parseable_email_in_source_or_context,/mnt/data/master_resource_extract (1).json,391,FINAL RESOURCE LIST.txt,"Description: 2.	NetWish
Benefits: • Eligibility:
Eligibility: • Intake:
Intake: • Source URLs:",,
96714cd15a320909a5cb,"Small, fast grants (NetWishes) for urgent living",,GRANTS,INSUFFICIENT_SOURCE_DATA,"No usable website, phone, or email was present or discovered.",,,,,,,,,50,CONDITIONAL_OR_UNKNOWN,SOURCE_ONLY,dg_d5b96f6d41d9,UNIQUE_OR_UNMERGED,no_website_in_source_or_context | no_parseable_phone_in_source_or_context | no_parseable_email_in_source_or_context,/mnt/data/master_resource_extract (1).json,392,FINAL RESOURCE LIST.txt,"Description: • Small, fast grants (NetWishes) for urgent living-cost needs—no long intake forms.
Benefits: • Eligibility:
Eligibility: • Intake:
Intake: • Source URLs:",,
af9761b923a200c58b54,$750,,GRANTS,UNVERIFIED_CONTACT_ONLY,No website candidate; contact values remain source-derived until independently corroborated.,,,+1-800-663-8463,+1-800-663-8463 => PLAUSIBLE_UNVERIFIED,,,,,54,CONDITIONAL_OR_UNKNOWN,SOURCE_ONLY,dg_44c198414b71,UNIQUE_OR_UNMERGED,no_website_in_source_or_context | no_parseable_email_in_source_or_context,/mnt/data/master_resource_extract (1).json,393,FINAL RESOURCE LIST.txt,"Description: • $750–$1,800 one-time grants for emergency expenses (rent, utilities, medical copays).
Benefits: • Eligibility:
Eligibility: • Intake:
Intake: • Source URLs:",,
9019245d46185aeac504,"Free civil legal help (eviction, custody, domestic violence, benefits) for low",,LEGAL AID,INSUFFICIENT_SOURCE_DATA,"No usable website, phone, or email was present or discovered.",,,,,,,,,50,CONDITIONAL_OR_UNKNOWN,SOURCE_ONLY,dg_9423d3ffccef,UNIQUE_OR_UNMERGED,no_website_in_source_or_context | no_parseable_phone_in_source_or_context | no_parseable_email_in_source_or_context,/mnt/data/master_resource_extract (1).json,394,FINAL RESOURCE LIST.txt,"Description: • Free civil legal help (eviction, custody, domestic violence, benefits) for low-income Arizonans.
Benefits: Benefits) for low-income arizonans.
Eligibility: For low-income arizonans.
Intake: • Source URLs:",,
49648c5572656cc52fca,Intake: https://clsaz.org/ | (602) 258,,COMMUNITIES & ADVOCACY,INCONCLUSIVE,Network/TLS/server failures prevented a reliable organization verdict.,https://clsaz.org/,https://clsaz.org/ => INCONCLUSIVE_OFFLINE,+1-602-258-3434,+1-602-258-3434 => PLAUSIBLE_UNVERIFIED,,,,,50,CONDITIONAL_OR_UNKNOWN,SOURCE_ONLY,dg_1031b673146b,UNIQUE_OR_UNMERGED,no_parseable_email_in_source_or_context | live_network_not_tested,/mnt/data/master_resource_extract (1).json,395,FINAL RESOURCE LIST.txt,"Description: • Intake: https://clsaz.org/ | (602) 258-3434
Benefits: • Eligibility:
Eligibility: • Intake: Phones: (602) 258-3434
Intake: https://clsaz.org/ | (602) 258-3434",,
4eb3abb9585c0ae6df84,Pro bono custody and family,,COMMUNITIES & ADVOCACY,INSUFFICIENT_SOURCE_DATA,"No usable website, phone, or email was present or discovered.",,,,,,,,,50,CONDITIONAL_OR_UNKNOWN,SOURCE_ONLY,dg_a541c5b3a906,UNIQUE_OR_UNMERGED,no_website_in_source_or_context | no_parseable_phone_in_source_or_context | no_parseable_email_in_source_or_context,/mnt/data/master_resource_extract (1).json,396,FINAL RESOURCE LIST.txt,"Description: • Pro bono custody and family-law advocacy when children’s welfare is at stake.
Benefits: • Eligibility:
Eligibility: • Intake:
Intake: • Source URLs:",,
4f87f4b2c15130026049,Free legal representation and protective orders for DV survivors (covers custody issues).,,LEGAL AID,INSUFFICIENT_SOURCE_DATA,"No usable website, phone, or email was present or discovered.",,,,,,,,,50,CONDITIONAL_OR_UNKNOWN,SOURCE_ONLY,dg_65ff54b6701c,UNIQUE_OR_UNMERGED,no_website_in_source_or_context | no_parseable_phone_in_source_or_context | no_parseable_email_in_source_or_context,/mnt/data/master_resource_extract (1).json,398,FINAL RESOURCE LIST.txt,"Description: • Free legal representation and protective orders for DV survivors (covers custody issues).
Benefits: Covers custody issues).
Eligibility: • Intake:
Intake: • Source URLs:",,
a39f13ff0ff3d0fdc5e2,Intake: https://www.azlawhelp.org/ | (602) 279,,COMMUNITIES & ADVOCACY,INCONCLUSIVE,Network/TLS/server failures prevented a reliable organization verdict.,https://www.azlawhelp.org/,https://www.azlawhelp.org/ => INCONCLUSIVE_OFFLINE,+1-602-279-2900,+1-602-279-2900 => PLAUSIBLE_UNVERIFIED,,,,,50,CONDITIONAL_OR_UNKNOWN,SOURCE_ONLY,dg_0486cb59041f,UNIQUE_OR_UNMERGED,no_parseable_email_in_source_or_context | live_network_not_tested,/mnt/data/master_resource_extract (1).json,399,FINAL RESOURCE LIST.txt,"Description: • Intake: https://www.azlawhelp.org/ | (602) 279-2900
Benefits: • Eligibility:
Eligibility: • Intake: Phones: (602) 279-2900
Intake: https://www.azlawhelp.org/ | (602) 279-2900",,
5c31e75342375a1e7d35,Peer,,LEGAL AID,INSUFFICIENT_SOURCE_DATA,"No usable website, phone, or email was present or discovered.",,,,,,,,,50,CONDITIONAL_OR_UNKNOWN,SOURCE_ONLY,dg_515b697c3609,UNIQUE_OR_UNMERGED,no_website_in_source_or_context | no_parseable_phone_in_source_or_context | no_parseable_email_in_source_or_context,/mnt/data/master_resource_extract (1).json,400,FINAL RESOURCE LIST.txt,"Description: • Peer-led advocacy, legal referrals, and support for fathers fighting for custody.
Benefits: • Eligibility:
Eligibility: • Intake:
Intake: • Source URLs:",,
701f7cc4f9e853976e38,Intake: https://www.fathersnetwork.org/ | 800,,COMMUNITIES & ADVOCACY,INCONCLUSIVE,Network/TLS/server failures prevented a reliable organization verdict.,https://www.fathersnetwork.org/,https://www.fathersnetwork.org/ => INCONCLUSIVE_OFFLINE,+1-800-321-9876,+1-800-321-9876 => PLAUSIBLE_UNVERIFIED,,,,,50,CONDITIONAL_OR_UNKNOWN,SOURCE_ONLY,dg_15de5f72789e,UNIQUE_OR_UNMERGED,no_parseable_email_in_source_or_context | live_network_not_tested,/mnt/data/master_resource_extract (1).json,401,FINAL RESOURCE LIST.txt,"Description: • Intake: https://www.fathersnetwork.org/ | 800-321-9876      Next Steps
Benefits: • Eligibility:
Eligibility: • Intake: Phones: 800-321-9876
Intake: https://www.fathersnetwork.org/ | 800-321-9876      Next Steps",,
b23161f1090fc4f3af2c,Check eligibility,,COMMUNITIES & ADVOCACY,INSUFFICIENT_SOURCE_DATA,"No usable website, phone, or email was present or discovered.",,,,,,,,,50,CONDITIONAL_OR_UNKNOWN,SOURCE_ONLY,dg_f80462c49fa3,UNIQUE_OR_UNMERGED,no_website_in_source_or_context | no_parseable_phone_in_source_or_context | no_parseable_email_in_source_or_context,/mnt/data/master_resource_extract (1).json,402,FINAL RESOURCE LIST.txt,"Description: 1.	Check eligibility: Some require proof of disability, low income, or past victimization.
Benefits: • Eligibility: Eligibility: some require proof of disability, low income, or past victimization.
Eligibility: Eligibility: some require proof of disability, low income, or past victimization.
Intake: • Source URLs:",,
ae9c1c69c09d896a3b74,Gather docs,,MEDICAL SUPPORT,INSUFFICIENT_SOURCE_DATA,"No usable website, phone, or email was present or discovered.",,,,,,,,,50,CONDITIONAL_OR_UNKNOWN,SOURCE_ONLY,dg_e60c0419b612,UNIQUE_OR_UNMERGED,no_website_in_source_or_context | no_parseable_phone_in_source_or_context | no_parseable_email_in_source_or_context,/mnt/data/master_resource_extract (1).json,403,FINAL RESOURCE LIST.txt,"Description: 2.	Gather docs: IDs, medical records, any court filings or custody paperwork.
Benefits: • Eligibility:
Eligibility: • Intake:
Intake: • Source URLs:",,
b72114e6bb95e73c3ff2,Reach out now: Many funds operate on a rolling or first,,GRANTS,INSUFFICIENT_SOURCE_DATA,"No usable website, phone, or email was present or discovered.",,,,,,,,,50,CONDITIONAL_OR_UNKNOWN,SOURCE_ONLY,dg_5894d31e6a63,UNIQUE_OR_UNMERGED,no_website_in_source_or_context | no_parseable_phone_in_source_or_context | no_parseable_email_in_source_or_context,/mnt/data/master_resource_extract (1).json,404,FINAL RESOURCE LIST.txt,"Description: 3.	Reach out now: Many funds operate on a rolling or first-come basis—make initial contact today.
Benefits: • Eligibility:
Eligibility: • Intake:
Intake: • Source URLs:",,
7703b3273f3e8b016645,Coordinate supports: Combining trauma,,GRANTS,INSUFFICIENT_SOURCE_DATA,"No usable website, phone, or email was present or discovered.",,,,,,,,,50,CONDITIONAL_OR_UNKNOWN,SOURCE_ONLY,dg_03b75f97e567,UNIQUE_OR_UNMERGED,no_website_in_source_or_context | no_parseable_phone_in_source_or_context | no_parseable_email_in_source_or_context,/mnt/data/master_resource_extract (1).json,405,FINAL RESOURCE LIST.txt,"Description: 4.	Coordinate supports: Combining trauma-informed case management with housing grants will strengthen your stability—and your custody petition.
Benefits: • Eligibility:
Eligibility: • Intake:
Intake: • Source URLs:",,
1be99b9ce40208371955,RV for Homeless,,MEDICAL SUPPORT,INSUFFICIENT_SOURCE_DATA,"No usable website, phone, or email was present or discovered.",,,,,,,,,50,CONDITIONAL_OR_UNKNOWN,SOURCE_ONLY,dg_9e5c48da8a0a,UNIQUE_OR_UNMERGED,no_website_in_source_or_context | no_parseable_phone_in_source_or_context | no_parseable_email_in_source_or_context,/mnt/data/master_resource_extract (1).json,406,FINAL RESOURCE LIST.txt,"Description: 1. RV for Homeless – Nonprofit RV Matching Matches donated RVs to eligible unhoused applicants with documented medical or legal need. Once matched, you receive the RV title outright and can move in immediately.
Benefits: • Eligibility: Eligible unhoused applicants with documented medical or legal need.
Eligibility: Eligible unhoused applicants with documented medical or legal need.
Intake: • Source URLs:",,
176d0d7805affeca86af,Intake: Call (657) 298,,COMMUNITIES & ADVOCACY,INCONCLUSIVE,Network/TLS/server failures prevented a reliable organization verdict.,https://rvforhomeless.com/,https://rvforhomeless.com/ => INCONCLUSIVE_OFFLINE,+1-657-298-6497,+1-657-298-6497 => PLAUSIBLE_UNVERIFIED,,,,,50,CONDITIONAL_OR_UNKNOWN,SOURCE_ONLY,dg_18e707cc61bb,UNIQUE_OR_UNMERGED,no_parseable_email_in_source_or_context | live_network_not_tested,/mnt/data/master_resource_extract (1).json,407,FINAL RESOURCE LIST.txt,"Description: •	Intake: Call (657) 298-6497 or submit a request through their website at https://rvforhomeless.com/
Benefits: • Eligibility:
Eligibility: • Intake: Phones: (657) 298-6497
Intake: Phones: (657) 298-6497",,
f67614c60a10b7bc7e5b,Homes on Wheels Alliance (HOWA),,HOUSING,INSUFFICIENT_SOURCE_DATA,"No usable website, phone, or email was present or discovered.",,,,,,,,,50,CONDITIONAL_OR_UNKNOWN,SOURCE_ONLY,dg_f2c612031f6b,UNIQUE_OR_UNMERGED,no_website_in_source_or_context | no_parseable_phone_in_source_or_context | no_parseable_email_in_source_or_context,/mnt/data/master_resource_extract (1).json,408,FINAL RESOURCE LIST.txt,"Description: 2. Homes on Wheels Alliance (HOWA) – Vehicle Awards & Build-Outs HOWA purchases, fully outfits, and donates complete home-on-wheels vehicles (everything from minivans to full RV chassis) to people without shelter. Since mid-2019 they’ve awarded 18 complete vehicles.
Benefits: • Eligibility:
Eligibility: • Intake:
Intake: • Source URLs:",,
a6932fbeaec711bafbdf,Intake: Applications for both their Vehicle Awards (pre,,COMMUNITIES & ADVOCACY,INCONCLUSIVE,Network/TLS/server failures prevented a reliable organization verdict.,https://homesonwheelsalliance.org/programs | https://homesonwheelsalliance.org/programs/,https://homesonwheelsalliance.org/programs => INCONCLUSIVE_OFFLINE | https://homesonwheelsalliance.org/programs/ => INCONCLUSIVE_OFFLINE,,,,,,,50,CONDITIONAL_OR_UNKNOWN,SOURCE_ONLY,dg_98a688dc4a34,UNIQUE_OR_UNMERGED,no_parseable_phone_in_source_or_context | no_parseable_email_in_source_or_context | live_network_not_tested,/mnt/data/master_resource_extract (1).json,409,FINAL RESOURCE LIST.txt,"Description: •	Intake: Applications for both their Vehicle Awards (pre-built homes on wheels) and Bring-Your-Own-Vehicle (BYOV) build-outs go live twice yearly. Monitor and apply via their Programs page: https://homesonwheelsalliance.org/programs/
Benefits: • Eligibility:
Eligibility: • Intake:
Intake: • Source URLs: https://homesonwheelsalliance.org/programs/",,
5074fbe1039186fafd85,Questions? Use their Contact Us form at https://homesonwheelsalliance.org/contact,,COMMUNITIES & ADVOCACY,INCONCLUSIVE,Network/TLS/server failures prevented a reliable organization verdict.,https://homesonwheelsalliance.org/contact-us,https://homesonwheelsalliance.org/contact-us => INCONCLUSIVE_OFFLINE,+1-775-764-8115,+1-775-764-8115 => PLAUSIBLE_UNVERIFIED,,,,,50,CONDITIONAL_OR_UNKNOWN,SOURCE_ONLY,dg_1ce534d66e08,UNIQUE_OR_UNMERGED,no_parseable_email_in_source_or_context | live_network_not_tested,/mnt/data/master_resource_extract (1).json,410,FINAL RESOURCE LIST.txt,"Description: •	Questions? Use their Contact Us form at https://homesonwheelsalliance.org/contact-us or call 775-764-8115 (rvtoptips.com)
Benefits: • Eligibility:
Eligibility: • Intake: Phones: 775-764-8115
Intake: Phones: 775-764-8115",,
7e3f04d3428ce901b345,EmergencyRV.org,,COMMUNITIES & ADVOCACY,INSUFFICIENT_SOURCE_DATA,"No usable website, phone, or email was present or discovered.",,,,,,,,,54,CONDITIONAL_OR_UNKNOWN,SOURCE_ONLY,dg_9746366d51a1,UNIQUE_OR_UNMERGED,name_is_url_like | no_website_in_source_or_context | no_parseable_phone_in_source_or_context | no_parseable_email_in_source_or_context,/mnt/data/master_resource_extract (1).json,411,FINAL RESOURCE LIST.txt,"Description: 3. EmergencyRV.org – Disaster-Relief RVs For survivors of wildfires, floods and other major disasters, EmergencyRV.org supplies ready-to-go RVs as temporary homes.
Benefits: • Eligibility:
Eligibility: • Intake:
Intake: • Source URLs:",,
71b2c7380246f398a07a,Intake: Click REQUEST AN RV at https://www.emergencyrv.org/take,,COMMUNITIES & ADVOCACY,INCONCLUSIVE,Network/TLS/server failures prevented a reliable organization verdict.,https://www.emergencyrv.org/take-action,https://www.emergencyrv.org/take-action => INCONCLUSIVE_OFFLINE,,,emergencyrv20@gmail.com,emergencyrv20@gmail.com => PLAUSIBLE_UNVERIFIED,,,54,CONDITIONAL_OR_UNKNOWN,SOURCE_ONLY,dg_37712ad09e1b,UNIQUE_OR_UNMERGED,no_parseable_phone_in_source_or_context | live_network_not_tested,/mnt/data/master_resource_extract (1).json,412,FINAL RESOURCE LIST.txt,"Description: •	Intake: Click REQUEST AN RV at https://www.emergencyrv.org/take-action or email EmergencyRV20@gmail.com (emergencyrv.org)    Arizona
Benefits: • Eligibility:
Eligibility: • Intake: Emails: EmergencyRV20@gmail.com
Intake: Emails: EmergencyRV20@gmail.com",,
ead3091c27b2a6b6abf5,Arizona Fathers’ Rights (Facebook Group),,COMMUNITIES & ADVOCACY,INCONCLUSIVE,Network/TLS/server failures prevented a reliable organization verdict.,https://facebook.com/groups/348621102416402/,https://facebook.com/groups/348621102416402/ => INCONCLUSIVE_OFFLINE,,,,,,,50,CONDITIONAL_OR_UNKNOWN,SOURCE_ONLY,dg_864188b09201,UNIQUE_OR_UNMERGED,phone_matches_url_numeric_id_quarantined | no_parseable_phone_in_source_or_context | no_parseable_email_in_source_or_context | live_network_not_tested,/mnt/data/master_resource_extract (1).json,413,FINAL RESOURCE LIST.txt,"Description: •	Arizona Fathers’ Rights (Facebook Group) – All-volunteer, member-supported nonprofit organizing advocacy for equal custody and fair treatment; leadership regularly posts updates and resources. Link: facebook.com/groups/348621102416402/ (facebook.com)
Benefits: • Eligibility:
Eligibility: • Intake:
Intake: • Source URLs:",,
m_bac4402102948ead9d,National Parents Organization,,HOUSING,INCONCLUSIVE,Network/TLS/server failures prevented a reliable organization verdict.,https://sharedparenting.org/,https://sharedparenting.org/ => INCONCLUSIVE_OFFLINE,,,,,,,50,CONDITIONAL_OR_UNKNOWN,SOURCE_ONLY,dg_52be7ea0f2fc,STRONG_IDENTITY_MERGE,deduplicated_strong_identity | no_parseable_phone_in_source_or_context | no_parseable_email_in_source_or_context | live_network_not_tested,/mnt/data/master_resource_extract (1).json,414 | 443,FINAL RESOURCE LIST.txt,"Description: •	National Parents Organization – Arizona Affiliate – State arm of the shared-parenting advocacy network, offering policy updates, research briefs, and referral to local support. Link: sharedparenting.org (en.wikipedia.org)   •	National Parents Organization – Pennsylvania Affiliate – Offers legislative updates, research, and connects you with local shared-parenting initiatives. Link: sharedparenting.org (en.wikipedia.org)   California •	National Parents Organization – California Affiliate – State chapter promoting shared-parenting reform, research summaries, and local events. Link: sharedparenting.org (en.wikipedia.org)   Nevada •	National Parents Organization – Colorado Affiliate – Provides state-specific research briefs, legislative alerts, and local affiliate contacts. Link: sharedparenting.org (facebook.com)
Benefits: Provides state-specific research briefs, legislative alerts, and local affiliate contacts.
Eligibility: • Intake:
Intake: • Source URLs:",,
7966455a4c40cefce7db,National At-Home Dad Network Directory,,COMMUNITIES & ADVOCACY,INCONCLUSIVE,Network/TLS/server failures prevented a reliable organization verdict.,https://athomedad.org/community/find-a-dad-group/,https://athomedad.org/community/find-a-dad-group/ => INCONCLUSIVE_OFFLINE,,,,,,,50,CONDITIONAL_OR_UNKNOWN,SOURCE_ONLY,dg_15c2d95eb4a3,UNIQUE_OR_UNMERGED,no_parseable_phone_in_source_or_context | no_parseable_email_in_source_or_context | live_network_not_tested,/mnt/data/master_resource_extract (1).json,415,FINAL RESOURCE LIST.txt,"Description: •	National At-Home Dad Network Directory – Centralized listing of local “dad groups” across the U.S., including Arizona-specific peer groups and meet-ups. Link: athomedad.org/community/find-a-dad-group/ (athomedad.org)   Florida •	National At-Home Dad Network Directory – Nevada – Browse the complete list of Nevada-area dad groups, both online and in-person. Link: athomedad.org/community/find-a-dad-group/ (athomedad.org)   Colorado
Benefits: • Eligibility:
Eligibility: • Intake:
Intake: • Source URLs:",,
6f0a6223c8dfd00a719d,Fathers Advocacy (Central Florida) (Facebook Group),,HOUSING,INCONCLUSIVE,Network/TLS/server failures prevented a reliable organization verdict.,https://facebook.com/groups/FathersAdvocacyCentralFlorida/,https://facebook.com/groups/FathersAdvocacyCentralFlorida/ => INCONCLUSIVE_OFFLINE,,,,,,,50,CONDITIONAL_OR_UNKNOWN,SOURCE_ONLY,dg_7465104c1451,UNIQUE_OR_UNMERGED,no_parseable_phone_in_source_or_context | no_parseable_email_in_source_or_context | live_network_not_tested,/mnt/data/master_resource_extract (1).json,416,FINAL RESOURCE LIST.txt,"Description: •	Fathers Advocacy (Central Florida) (Facebook Group) – Public group (1.3 K members) supporting single dads with custody, parenting challenges, and legal navigation; posts as recent as last month. Link: facebook.com/groups/FathersAdvocacyCentralFlorida/ (facebook.com, facebook.com)
Benefits: • Eligibility:
Eligibility: • Intake:
Intake: • Source URLs:",,
bd788c8103c98965e3dd,Orlando Dads Group (Facebook Page),,COMMUNITIES & ADVOCACY,INCONCLUSIVE,Network/TLS/server failures prevented a reliable organization verdict.,https://facebook.com/OrlandoDadsGroup/,https://facebook.com/OrlandoDadsGroup/ => INCONCLUSIVE_OFFLINE,,,,,,,50,CONDITIONAL_OR_UNKNOWN,SOURCE_ONLY,dg_3381fbd54f3d,UNIQUE_OR_UNMERGED,no_parseable_phone_in_source_or_context | no_parseable_email_in_source_or_context | live_network_not_tested,/mnt/data/master_resource_extract (1).json,417,FINAL RESOURCE LIST.txt,"Description: •	Orlando Dads Group (Facebook Page) – Part of the City Dads Group network; organizes local meet-ups, webinars, and peer coaching for Orlando area fathers. Link: facebook.com/OrlandoDadsGroup/ (facebook.com)
Benefits: • Eligibility:
Eligibility: • Intake:
Intake: • Source URLs:",,
d8b474d9817975b55923,Brevard County FL Fathers Rights Movement (Facebook Group),,COMMUNITIES & ADVOCACY,INCONCLUSIVE,Network/TLS/server failures prevented a reliable organization verdict.,https://facebook.com/groups/228568807571152/,https://facebook.com/groups/228568807571152/ => INCONCLUSIVE_OFFLINE,,,,,,,50,CONDITIONAL_OR_UNKNOWN,SOURCE_ONLY,dg_648a53513a28,UNIQUE_OR_UNMERGED,phone_matches_url_numeric_id_quarantined | no_parseable_phone_in_source_or_context | no_parseable_email_in_source_or_context | live_network_not_tested,/mnt/data/master_resource_extract (1).json,418,FINAL RESOURCE LIST.txt,"Description: •	Brevard County FL Fathers Rights Movement (Facebook Group) – Focused on Brevard County family-law issues, custody rights, and community referrals; regularly active. Link: facebook.com/groups/228568807571152/ (facebook.com)
Benefits: • Eligibility:
Eligibility: • Intake:
Intake: • Source URLs:",,
3f46791ae8a9b94cb5a4,All Pro Dad (National Program with FL Chapters),,HOUSING,INCONCLUSIVE,Network/TLS/server failures prevented a reliable organization verdict.,https://allprodad.com/,https://allprodad.com/ => INCONCLUSIVE_OFFLINE,,,,,,,50,CONDITIONAL_OR_UNKNOWN,SOURCE_ONLY,dg_c422d9ed2158,UNIQUE_OR_UNMERGED,no_parseable_phone_in_source_or_context | no_parseable_email_in_source_or_context | live_network_not_tested,/mnt/data/master_resource_extract (1).json,419,FINAL RESOURCE LIST.txt,"Description: •	All Pro Dad (National Program with FL Chapters) – Tampa-based nonprofit providing daily parenting emails (“Play of the Day”), school-based chapters (1,400+ nationwide), and monthly events. Link: allprodad.com (en.wikipedia.org)   Pennsylvania
Benefits: • Eligibility:
Eligibility: • Intake:
Intake: • Source URLs:",,
9cfce380ca1bd545cc5d,Pennsylvania Fathers Rights Group (Facebook Group),,HOUSING,INCONCLUSIVE,Network/TLS/server failures prevented a reliable organization verdict.,https://facebook.com/groups/PennsylvaniaFathersRights/,https://facebook.com/groups/PennsylvaniaFathersRights/ => INCONCLUSIVE_OFFLINE,,,,,,,50,CONDITIONAL_OR_UNKNOWN,SOURCE_ONLY,dg_3985bb009554,UNIQUE_OR_UNMERGED,no_parseable_phone_in_source_or_context | no_parseable_email_in_source_or_context | live_network_not_tested,/mnt/data/master_resource_extract (1).json,420,FINAL RESOURCE LIST.txt,"Description: •	Pennsylvania Fathers Rights Group (Facebook Group) – Statewide community for fathers advocating equal parenting time, sharing legal resources, and peer support. Link: facebook.com/groups/PennsylvaniaFathersRights/ (facebook.com)
Benefits: • Eligibility:
Eligibility: • Intake:
Intake: • Source URLs:",,
060ad9b3f3946f732467,Delaware County Father’s Rights Coalition (Facebook Group),,COMMUNITIES & ADVOCACY,INCONCLUSIVE,Network/TLS/server failures prevented a reliable organization verdict.,https://facebook.com/groups/DelawareCountyFathersRights/,https://facebook.com/groups/DelawareCountyFathersRights/ => INCONCLUSIVE_OFFLINE,,,,,,,60,CONDITIONAL_OR_UNKNOWN,SOURCE_ONLY,dg_562bf576979b,UNIQUE_OR_UNMERGED,no_parseable_phone_in_source_or_context | no_parseable_email_in_source_or_context | live_network_not_tested,/mnt/data/master_resource_extract (1).json,421,FINAL RESOURCE LIST.txt,"Description: •	Delaware County Father’s Rights Coalition (Facebook Group) – Local advocacy and mutual-aid group for custody and visitation support in Delaware County. Link: facebook.com/groups/DelawareCountyFathersRights/ (facebook.com)
Benefits: • Eligibility:
Eligibility: • Intake:
Intake: • Source URLs:",,
4ac7a8e89d31fb3ae332,Fathers Rights Los Angeles (Facebook Group),,LEGAL AID,INCONCLUSIVE,Network/TLS/server failures prevented a reliable organization verdict.,https://facebook.com/groups/LAfathersrights/,https://facebook.com/groups/LAfathersrights/ => INCONCLUSIVE_OFFLINE,,,,,,,50,CONDITIONAL_OR_UNKNOWN,SOURCE_ONLY,dg_350debbde7a1,UNIQUE_OR_UNMERGED,no_parseable_phone_in_source_or_context | no_parseable_email_in_source_or_context | live_network_not_tested,/mnt/data/master_resource_extract (1).json,422,FINAL RESOURCE LIST.txt,"Description: •	Fathers Rights Los Angeles (Facebook Group) – Advocacy, legal tips, and support network for L.A.-area fathers; active discussions and expert Q&A. Link: facebook.com/groups/LAfathersrights/ (facebook.com)
Benefits: • Eligibility:
Eligibility: • Intake:
Intake: • Source URLs:",,
16ea9b1899e46a7f902a,SoCal Fathers’ Rights (Facebook Group),,HOUSING,INCONCLUSIVE,Network/TLS/server failures prevented a reliable organization verdict.,https://facebook.com/groups/SoCalFathersRights/,https://facebook.com/groups/SoCalFathersRights/ => INCONCLUSIVE_OFFLINE,,,,,,,50,CONDITIONAL_OR_UNKNOWN,SOURCE_ONLY,dg_922ec538ef77,UNIQUE_OR_UNMERGED,no_parseable_phone_in_source_or_context | no_parseable_email_in_source_or_context | live_network_not_tested,/mnt/data/master_resource_extract (1).json,423,FINAL RESOURCE LIST.txt,"Description: •	SoCal Fathers’ Rights (Facebook Group) – Southern California support for fathers navigating custody, domestic relations, and co-parenting strategies. Link: facebook.com/groups/SoCalFathersRights/ (facebook.com)
Benefits: • Eligibility:
Eligibility: • Intake:
Intake: • Source URLs:",,
7aeff7ec5e947634abc6,Father’s Rights Help Line (Las Vegas NV) (Facebook Page),,COMMUNITIES & ADVOCACY,INCONCLUSIVE,Network/TLS/server failures prevented a reliable organization verdict.,https://facebook.com/fathershelpline/,https://facebook.com/fathershelpline/ => INCONCLUSIVE_OFFLINE,,,,,,,50,CONDITIONAL_OR_UNKNOWN,SOURCE_ONLY,dg_ab353eb52e3a,UNIQUE_OR_UNMERGED,no_parseable_phone_in_source_or_context | no_parseable_email_in_source_or_context | live_network_not_tested,/mnt/data/master_resource_extract (1).json,424,FINAL RESOURCE LIST.txt,"Description: •	Father’s Rights Help Line (Las Vegas NV) (Facebook Page) – Hotline-style page offering guidance on custody, support, and visitation rights in Las Vegas. Link: facebook.com/fathershelpline/ (facebook.com)
Benefits: • Eligibility:
Eligibility: • Intake:
Intake: • Source URLs:",,
d7b6566bc35b95e07ae5,Las Vegas,,COMMUNITIES & ADVOCACY,INCONCLUSIVE,Network/TLS/server failures prevented a reliable organization verdict.,https://facebook.com/groups/SDFF.LasVegas/,https://facebook.com/groups/SDFF.LasVegas/ => INCONCLUSIVE_OFFLINE,,,,,,,50,CONDITIONAL_OR_UNKNOWN,SOURCE_ONLY,dg_dda689902d25,UNIQUE_OR_UNMERGED,no_parseable_phone_in_source_or_context | no_parseable_email_in_source_or_context | live_network_not_tested,/mnt/data/master_resource_extract (1).json,425,FINAL RESOURCE LIST.txt,"Description: •	Las Vegas – Single Dads/Fighting Fathers (Facebook Group) – Peer-to-peer support for single dads in Las Vegas, sharing tips and local referrals. Link: facebook.com/groups/SDFF.LasVegas/ (facebook.com)
Benefits: • Eligibility:
Eligibility: • Intake:
Intake: • Source URLs:",,
2f5b828bd8c5cadf4a75,Vegas Dads Group (Facebook Page & Meetup),,COMMUNITIES & ADVOCACY,INCONCLUSIVE,Network/TLS/server failures prevented a reliable organization verdict.,https://vegasdadsgroup.com/,https://vegasdadsgroup.com/ => INCONCLUSIVE_OFFLINE,,,,,,,50,CONDITIONAL_OR_UNKNOWN,SOURCE_ONLY,dg_990c4453b723,UNIQUE_OR_UNMERGED,no_parseable_phone_in_source_or_context | no_parseable_email_in_source_or_context | live_network_not_tested,/mnt/data/master_resource_extract (1).json,426,FINAL RESOURCE LIST.txt,"Description: •	Vegas Dads Group (Facebook Page & Meetup) – Coordinates community meet-ups, family activities, and advocacy workshops for Las Vegas dads. Link: vegasdadsgroup.com (facebook.com)
Benefits: • Eligibility:
Eligibility: • Intake:
Intake: • Source URLs:",,
3d9fb17c9ce8590d8785,Colorado Fathers Rights Movement (Facebook Group),,COMMUNITIES & ADVOCACY,INCONCLUSIVE,Network/TLS/server failures prevented a reliable organization verdict.,https://facebook.com/groups/1155341669326127/,https://facebook.com/groups/1155341669326127/ => INCONCLUSIVE_OFFLINE,,,,,,,50,CONDITIONAL_OR_UNKNOWN,SOURCE_ONLY,dg_c6d45595bd27,UNIQUE_OR_UNMERGED,source_phone_unparseable | no_parseable_phone_in_source_or_context | no_parseable_email_in_source_or_context | live_network_not_tested,/mnt/data/master_resource_extract (1).json,427,FINAL RESOURCE LIST.txt,"Description: •	Colorado Fathers Rights Movement (Facebook Group) – Open public group for Colorado dads advocating for custody equity; active posts within days. Link: facebook.com/groups/1155341669326127/ (facebook.com)
Benefits: • Eligibility:
Eligibility: • Intake:
Intake: • Source URLs:",,
e0948d47248f484d570c,Circle of Fathers,,COMMUNITIES & ADVOCACY,INCONCLUSIVE,Network/TLS/server failures prevented a reliable organization verdict.,https://facebook.com/groups/CircleOfFathers/,https://facebook.com/groups/CircleOfFathers/ => INCONCLUSIVE_OFFLINE,,,,,,,50,CONDITIONAL_OR_UNKNOWN,SOURCE_ONLY,dg_3bd01bad308a,UNIQUE_OR_UNMERGED,no_parseable_phone_in_source_or_context | no_parseable_email_in_source_or_context | live_network_not_tested,/mnt/data/master_resource_extract (1).json,428,FINAL RESOURCE LIST.txt,"Description: •	Circle of Fathers – Colorado (Facebook Group) – In-person support for fathers and male caregivers, meeting twice monthly; trauma-informed facilitation. Link: facebook.com/groups/CircleOfFathers/ (facebook.com)
Benefits: • Eligibility:
Eligibility: • Intake:
Intake: • Source URLs:",,
37ba357705471e73405a,Denver Dads Group (Facebook Page & Meetup),,HOUSING,INCONCLUSIVE,Network/TLS/server failures prevented a reliable organization verdict.,https://facebook.com/denverdadsgroup/,https://facebook.com/denverdadsgroup/ => INCONCLUSIVE_OFFLINE,,,,,,,50,CONDITIONAL_OR_UNKNOWN,SOURCE_ONLY,dg_10958e313270,UNIQUE_OR_UNMERGED,no_parseable_phone_in_source_or_context | no_parseable_email_in_source_or_context | live_network_not_tested,/mnt/data/master_resource_extract (1).json,429,FINAL RESOURCE LIST.txt,"Description: •	Denver Dads Group (Facebook Page & Meetup) – Hosts workshops, parent-child events, and weekly peer circles in Denver metro. Link: facebook.com/denverdadsgroup/ (facebook.com)
Benefits: • Eligibility:
Eligibility: • Intake:
Intake: • Source URLs:",,
4a6989c3b96db46a02b8,Victims of Crime & Trauma Support,,COMMUNITIES & ADVOCACY,INSUFFICIENT_SOURCE_DATA,"No usable website, phone, or email was present or discovered.",,,,,,,,,50,CONDITIONAL_OR_UNKNOWN,SOURCE_ONLY,dg_5e32a1e8aa37,UNIQUE_OR_UNMERGED,no_website_in_source_or_context | no_parseable_phone_in_source_or_context | no_parseable_email_in_source_or_context,/mnt/data/master_resource_extract (1).json,430,FINAL RESOURCE LIST.txt,"Description: 1. Victims of Crime & Trauma Support
Benefits: • Eligibility:
Eligibility: • Intake:
Intake: • Source URLs:",,
ff54edf98bb6f96c3920,"VictimConnect Resource Center Confidential hotline and online chat to connect survivors with local services (legal, medical, counseling). https",,MEDICAL SUPPORT,INCONCLUSIVE,Network/TLS/server failures prevented a reliable organization verdict.,https://victimconnect.org/,https://victimconnect.org/ => INCONCLUSIVE_OFFLINE,,,,,,,50,CONDITIONAL_OR_UNKNOWN,SOURCE_ONLY,dg_40c7343cb646,UNIQUE_OR_UNMERGED,name_looks_compound_or_malformed | no_parseable_phone_in_source_or_context | no_parseable_email_in_source_or_context | live_network_not_tested,/mnt/data/master_resource_extract (1).json,431,FINAL RESOURCE LIST.txt,"Description: •	VictimConnect Resource Center Confidential hotline and online chat to connect survivors with local services (legal, medical, counseling). https://victimconnect.org
Benefits: • Eligibility:
Eligibility: • Intake:
Intake: • Source URLs: https://victimconnect.org",,
ef2ac7ed0a8baac13736,"National Organization for Victim Assistance (NOVA) Free crisis intervention, case management, and advocacy for survivors of all crime types. https",,COMMUNITIES & ADVOCACY,INCONCLUSIVE,Network/TLS/server failures prevented a reliable organization verdict.,https://www.trynova.org/,https://www.trynova.org/ => INCONCLUSIVE_OFFLINE,,,,,,,50,CONDITIONAL_OR_UNKNOWN,SOURCE_ONLY,dg_2d321d5a94e9,UNIQUE_OR_UNMERGED,name_looks_compound_or_malformed | no_parseable_phone_in_source_or_context | no_parseable_email_in_source_or_context | live_network_not_tested,/mnt/data/master_resource_extract (1).json,432,FINAL RESOURCE LIST.txt,"Description: •	National Organization for Victim Assistance (NOVA) Free crisis intervention, case management, and advocacy for survivors of all crime types. https://www.trynova.org
Benefits: • Eligibility:
Eligibility: • Intake:
Intake: • Source URLs: https://www.trynova.org",,
11e356b9085691ff71bb,"U.S. Office for Victims of Crime (OVC) Federal grants, training, and resource directories for state/local victim services. https",,GRANTS,INCONCLUSIVE,Network/TLS/server failures prevented a reliable organization verdict.,https://ovc.ojp.gov/,https://ovc.ojp.gov/ => INCONCLUSIVE_OFFLINE,,,,,,,50,CONDITIONAL_OR_UNKNOWN,SOURCE_ONLY,dg_beb3d00e7c83,UNIQUE_OR_UNMERGED,no_parseable_phone_in_source_or_context | no_parseable_email_in_source_or_context | live_network_not_tested,/mnt/data/master_resource_extract (1).json,433,FINAL RESOURCE LIST.txt,"Description: •	U.S. Office for Victims of Crime (OVC) Federal grants, training, and resource directories for state/local victim services. https://ovc.ojp.gov
Benefits: • Eligibility:
Eligibility: • Intake:
Intake: • Source URLs: https://ovc.ojp.gov",,
b3058b674dabee82dfc4,"Arizona Victim Compensation Program Pays eligible crime; Arizona Victim Compensation Program Pays medical, relocation, and counseling costs for Arizona crime survivors. https://dps.az.gov/victim",,MEDICAL SUPPORT,INCONCLUSIVE,Network/TLS/server failures prevented a reliable organization verdict.,https://dps.az.gov/victim-services/victim-compensation,https://dps.az.gov/victim-services/victim-compensation => INCONCLUSIVE_OFFLINE,,,,,,,50,CONDITIONAL_OR_UNKNOWN,SOURCE_ONLY,dg_912e4544ebb8,UNIQUE_OR_UNMERGED,name_looks_compound_or_malformed | no_parseable_phone_in_source_or_context | no_parseable_email_in_source_or_context | live_network_not_tested,/mnt/data/master_resource_extract (1).json,434,FINAL RESOURCE LIST.txt,"Description: •	Arizona Victim Compensation Program Pays eligible crime-related expenses (medical, relocation, counseling) to survivors in Arizona. https://dps.az.gov/victim-services/victim-compensation      11.	Arizona Victim Compensation Program Pays medical, relocation, and counseling costs for Arizona crime survivors. https://dps.az.gov/victim-services/victim-compensation (verywellmind.com)      Trauma-Informed & PTSD/CPTSD Support
Benefits: • Eligibility: Eligible crime-related expenses (medical, relocation, counseling) to survivors in arizona.
Eligibility: Eligible crime-related expenses (medical, relocation, counseling) to survivors in arizona.
Intake: • Source URLs: https://dps.az.gov/victim-services/victim-compensation",,
e22fb46bcae87d312f79,"PTSD Foundation of America Free peer groups, coaching, and life",,COMMUNITIES & ADVOCACY,INCONCLUSIVE,Network/TLS/server failures prevented a reliable organization verdict.,https://ptsdusa.org/,https://ptsdusa.org/ => INCONCLUSIVE_OFFLINE,,,,,,,50,CONDITIONAL_OR_UNKNOWN,SOURCE_ONLY,dg_fe2ecdc6abd5,UNIQUE_OR_UNMERGED,no_parseable_phone_in_source_or_context | no_parseable_email_in_source_or_context | live_network_not_tested,/mnt/data/master_resource_extract (1).json,435,FINAL RESOURCE LIST.txt,"Description: 12.	PTSD Foundation of America Free peer groups, coaching, and life-skills training for trauma survivors. https://ptsdusa.org/ (verywellfamily.com)
Benefits: • Eligibility:
Eligibility: • Intake:
Intake: • Source URLs: https://ptsdusa.org/",,
c8fb2a2c9b87c8e8a0db,"Sidran Institute Education, referrals, and resources for complex PTSD and dissociation. https",,COMMUNITIES & ADVOCACY,INCONCLUSIVE,Network/TLS/server failures prevented a reliable organization verdict.,https://www.sidran.org/,https://www.sidran.org/ => INCONCLUSIVE_OFFLINE,,,,,,,50,CONDITIONAL_OR_UNKNOWN,SOURCE_ONLY,dg_ea2de4f9e9ec,UNIQUE_OR_UNMERGED,no_parseable_phone_in_source_or_context | no_parseable_email_in_source_or_context | live_network_not_tested,/mnt/data/master_resource_extract (1).json,436,FINAL RESOURCE LIST.txt,"Description: 13.	Sidran Institute Education, referrals, and resources for complex PTSD and dissociation. https://www.sidran.org/ (verywellfamily.com)
Benefits: • Eligibility:
Eligibility: • Intake:
Intake: • Source URLs: https://www.sidran.org/",,
87696086caf560ec3770,"National Center for PTSD (VA) Clinical care locators, self",,COMMUNITIES & ADVOCACY,INCONCLUSIVE,Network/TLS/server failures prevented a reliable organization verdict.,https://www.ptsd.va.gov/,https://www.ptsd.va.gov/ => INCONCLUSIVE_OFFLINE,,,,,,,50,CONDITIONAL_OR_UNKNOWN,SOURCE_ONLY,dg_6e063eb9da64,UNIQUE_OR_UNMERGED,no_parseable_phone_in_source_or_context | no_parseable_email_in_source_or_context | live_network_not_tested,/mnt/data/master_resource_extract (1).json,437,FINAL RESOURCE LIST.txt,"Description: •	National Center for PTSD (VA) Clinical care locators, self-help tools, and specialist referrals for PTSD, CPTSD. https://www.ptsd.va.gov
Benefits: • Eligibility:
Eligibility: • Intake:
Intake: • Source URLs: https://www.ptsd.va.gov",,
f6475d4793f0f5f932c6,"MaleSurvivor Peer support, online groups, and therapy referrals for male survivors of sexual and family violence. https",,COMMUNITIES & ADVOCACY,INCONCLUSIVE,Network/TLS/server failures prevented a reliable organization verdict.,https://malesurvivor.org/,https://malesurvivor.org/ => INCONCLUSIVE_OFFLINE,,,,,,,50,CONDITIONAL_OR_UNKNOWN,SOURCE_ONLY,dg_ff19ba87385b,UNIQUE_OR_UNMERGED,no_parseable_phone_in_source_or_context | no_parseable_email_in_source_or_context | live_network_not_tested,/mnt/data/master_resource_extract (1).json,438,FINAL RESOURCE LIST.txt,"Description: •	MaleSurvivor Peer support, online groups, and therapy referrals for male survivors of sexual and family violence. https://malesurvivor.org
Benefits: • Eligibility:
Eligibility: • Intake:
Intake: • Source URLs: https://malesurvivor.org",,
43eb1b5fe0021a21ca04,1in6 Helpline and online community for men sexually abused as children or adults. https,,COMMUNITIES & ADVOCACY,INCONCLUSIVE,Network/TLS/server failures prevented a reliable organization verdict.,https://1in6.org/,https://1in6.org/ => INCONCLUSIVE_OFFLINE,,,,,,,50,CONDITIONAL_OR_UNKNOWN,SOURCE_ONLY,dg_12ffbe33cbca,UNIQUE_OR_UNMERGED,no_parseable_phone_in_source_or_context | no_parseable_email_in_source_or_context | live_network_not_tested,/mnt/data/master_resource_extract (1).json,439,FINAL RESOURCE LIST.txt,"Description: 15.	1in6 Helpline and online community for men sexually abused as children or adults. https://1in6.org/ (verywellfamily.com)
Benefits: • Eligibility:
Eligibility: • Intake:
Intake: • Source URLs: https://1in6.org/",,
6d6944f91206fe168f9b,Chronic Illness & Disability Advocacy,,COMMUNITIES & ADVOCACY,INSUFFICIENT_SOURCE_DATA,"No usable website, phone, or email was present or discovered.",,,,,,,,,50,CONDITIONAL_OR_UNKNOWN,SOURCE_ONLY,dg_c3a4cbd018f4,UNIQUE_OR_UNMERGED,no_website_in_source_or_context | no_parseable_phone_in_source_or_context | no_parseable_email_in_source_or_context,/mnt/data/master_resource_extract (1).json,440,FINAL RESOURCE LIST.txt,"Description: 3. Chronic Illness & Disability Advocacy
Benefits: • Eligibility:
Eligibility: • Intake:
Intake: • Source URLs:",,
fe092b80a9252c8586f9,National Disability Rights Network (NDRN) Nationwide Protection & Advocacy agencies for legal support around disability,,LEGAL AID,INCONCLUSIVE,Network/TLS/server failures prevented a reliable organization verdict.,https://www.ndrn.org/,https://www.ndrn.org/ => INCONCLUSIVE_OFFLINE,,,,,,,50,CONDITIONAL_OR_UNKNOWN,SOURCE_ONLY,dg_4bcfdbde97e8,UNIQUE_OR_UNMERGED,no_parseable_phone_in_source_or_context | no_parseable_email_in_source_or_context | live_network_not_tested,/mnt/data/master_resource_extract (1).json,441,FINAL RESOURCE LIST.txt,"Description: 7.	National Disability Rights Network (NDRN) Nationwide Protection & Advocacy agencies for legal support around disability-based abuse, neglect, and discrimination. https://www.ndrn.org/ (ndrn.org, ndrn.org)      Victims of Crime & Trauma
Benefits: • Eligibility:
Eligibility: • Intake:
Intake: • Source URLs: https://www.ndrn.org/",,
22de35e1659f8acf532c,Parent,,HOUSING,INSUFFICIENT_SOURCE_DATA,"No usable website, phone, or email was present or discovered.",,,,,,,,,50,CONDITIONAL_OR_UNKNOWN,SOURCE_ONLY,dg_f49ccb9751a0,UNIQUE_OR_UNMERGED,no_website_in_source_or_context | no_parseable_phone_in_source_or_context | no_parseable_email_in_source_or_context,/mnt/data/master_resource_extract (1).json,442,FINAL RESOURCE LIST.txt,"Description: 4. Parent-Focused & Custody Advocacy
Benefits: • Eligibility:
Eligibility: • Intake:
Intake: • Source URLs:",,
cec797461079dd347024,Parental Alienation Awareness Network Support forums and education for parents experiencing wrongful alienation/custody interference. https,,HOUSING,INCONCLUSIVE,Network/TLS/server failures prevented a reliable organization verdict.,https://palanet.org/,https://palanet.org/ => INCONCLUSIVE_OFFLINE,,,,,,,50,CONDITIONAL_OR_UNKNOWN,SOURCE_ONLY,dg_2ce573459102,UNIQUE_OR_UNMERGED,no_parseable_phone_in_source_or_context | no_parseable_email_in_source_or_context | live_network_not_tested,/mnt/data/master_resource_extract (1).json,444,FINAL RESOURCE LIST.txt,"Description: •	Parental Alienation Awareness Network Support forums and education for parents experiencing wrongful alienation/custody interference. https://palanet.org
Benefits: • Eligibility:
Eligibility: • Intake:
Intake: • Source URLs: https://palanet.org",,
f582691d94a49a7be0f3,Families of Slain Victims (Arizona Chapter) Peer support and legal referrals for parents whose children have been victims of violent crime. https,,HOUSING,INCONCLUSIVE,Network/TLS/server failures prevented a reliable organization verdict.,https://familiesofslainvictims.org/arizona,https://familiesofslainvictims.org/arizona => INCONCLUSIVE_OFFLINE,,,,,,,50,CONDITIONAL_OR_UNKNOWN,SOURCE_ONLY,dg_f2dffdc3414b,UNIQUE_OR_UNMERGED,name_looks_compound_or_malformed | no_parseable_phone_in_source_or_context | no_parseable_email_in_source_or_context | live_network_not_tested,/mnt/data/master_resource_extract (1).json,445,FINAL RESOURCE LIST.txt,"Description: •	Families of Slain Victims (Arizona Chapter) Peer support and legal referrals for parents whose children have been victims of violent crime. https://familiesofslainvictims.org/arizona      Next Steps
Benefits: • Eligibility:
Eligibility: • Intake:
Intake: • Source URLs: https://familiesofslainvictims.org/arizona",,
9d7dfbe5561319183834,Check eligibility on each site—some require proof of crime victim status or diagnosis.,,COMMUNITIES & ADVOCACY,INSUFFICIENT_SOURCE_DATA,"No usable website, phone, or email was present or discovered.",,,,,,,,,50,CONDITIONAL_OR_UNKNOWN,SOURCE_ONLY,dg_99069cd90f3e,UNIQUE_OR_UNMERGED,no_website_in_source_or_context | no_parseable_phone_in_source_or_context | no_parseable_email_in_source_or_context,/mnt/data/master_resource_extract (1).json,446,FINAL RESOURCE LIST.txt,"Description: 1.	Check eligibility on each site—some require proof of crime victim status or diagnosis.
Benefits: • Eligibility: Eligibility on each site—some require proof of crime victim status or diagnosis.
Eligibility: Eligibility on each site—some require proof of crime victim status or diagnosis.
Intake: • Source URLs:",,
b11d7394107ceb14f73f,Reach out via helplines or online intake as soon as possible.,,COMMUNITIES & ADVOCACY,INSUFFICIENT_SOURCE_DATA,"No usable website, phone, or email was present or discovered.",,,,,,,,,50,CONDITIONAL_OR_UNKNOWN,SOURCE_ONLY,dg_c7de38283dde,UNIQUE_OR_UNMERGED,no_website_in_source_or_context | no_parseable_phone_in_source_or_context | no_parseable_email_in_source_or_context,/mnt/data/master_resource_extract (1).json,447,FINAL RESOURCE LIST.txt,"Description: 2.	Reach out via helplines or online intake as soon as possible.
Benefits: • Eligibility:
Eligibility: • Intake:
Intake: • Source URLs:",,
63bb3329456578d13c7b,"Document your case (police reports, medical records, custody filings) to expedite referrals. Below is a fully cross",,HOUSING,INSUFFICIENT_SOURCE_DATA,"No usable website, phone, or email was present or discovered.",,,,,,,,,50,CONDITIONAL_OR_UNKNOWN,SOURCE_ONLY,dg_f0868f28674f,UNIQUE_OR_UNMERGED,no_website_in_source_or_context | no_parseable_phone_in_source_or_context | no_parseable_email_in_source_or_context,/mnt/data/master_resource_extract (1).json,448,FINAL RESOURCE LIST.txt,"Description: 3.	Document your case (police reports, medical records, custody filings) to expedite referrals. Below is a fully cross-verified, clickable list of hyper-targeted organizations and networks that directly serve fathers facing wrongful custody interference, crime-victim trauma, and chronic illness (Lyme, Valley Fever, EBV, etc.). All are active, 501(c)(3) or equivalent nonprofits, and focus on exactly the issues you and your son face:    Father/Custody Advocacy & Parental Alienation
Benefits: • Eligibility: Targeted organizations and networks that directly serve fathers facing wrongful custody interference, crime-victim trauma, and chronic illness (lyme, valley fever, ebv, etc.
Eligibility: Targeted organizations and networks that directly serve fathers facing wrongful custody interference, crime-victim trauma, and chronic illness (lyme, valley fever, ebv, etc.
Intake: • Source URLs:",,
1b74bb6e7bd9711ddde7,American Coalition for Fathers and Children (ACFC) Shared,,HOUSING,INCONCLUSIVE,Network/TLS/server failures prevented a reliable organization verdict.,https://www.facebook.com/ACFCorg | https://www.facebook.com/ACFCorg/,https://www.facebook.com/ACFCorg => INCONCLUSIVE_OFFLINE | https://www.facebook.com/ACFCorg/ => INCONCLUSIVE_OFFLINE,,,,,,,50,CONDITIONAL_OR_UNKNOWN,SOURCE_ONLY,dg_1183e3a5e0de,UNIQUE_OR_UNMERGED,no_parseable_phone_in_source_or_context | no_parseable_email_in_source_or_context | live_network_not_tested,/mnt/data/master_resource_extract (1).json,449,FINAL RESOURCE LIST.txt,"Description: 1.	American Coalition for Fathers and Children (ACFC) Shared-parenting advocacy, legal referrals, model custody legislation. https://www.facebook.com/ACFCorg/ (facebook.com)
Benefits: • Eligibility:
Eligibility: • Intake:
Intake: • Source URLs: https://www.facebook.com/ACFCorg/",,
502c5dc9322c6e20867d,National Coalition For Men (NCFM) Civil,,COMMUNITIES & ADVOCACY,INCONCLUSIVE,Network/TLS/server failures prevented a reliable organization verdict.,https://ncfm.org/,https://ncfm.org/ => INCONCLUSIVE_OFFLINE,,,,,,,50,CONDITIONAL_OR_UNKNOWN,SOURCE_ONLY,dg_7f72aa0919d8,UNIQUE_OR_UNMERGED,no_parseable_phone_in_source_or_context | no_parseable_email_in_source_or_context | live_network_not_tested,/mnt/data/master_resource_extract (1).json,450,FINAL RESOURCE LIST.txt,"Description: 2.	National Coalition For Men (NCFM) Civil-rights reform for men & families, including false-allegation support. https://ncfm.org/ (ncfm.org)
Benefits: • Eligibility:
Eligibility: • Intake:
Intake: • Source URLs: https://ncfm.org/",,
870cfc93adf1cfc5fd4b,"Fathers and Families Coalition of America (FFCA) Leadership development, peer coaching, and family",,COMMUNITIES & ADVOCACY,INCONCLUSIVE,Network/TLS/server failures prevented a reliable organization verdict.,https://fathersandfamiliescoalition.org/,https://fathersandfamiliescoalition.org/ => INCONCLUSIVE_OFFLINE,,,,,,,50,CONDITIONAL_OR_UNKNOWN,SOURCE_ONLY,dg_f414ab127fdd,UNIQUE_OR_UNMERGED,no_parseable_phone_in_source_or_context | no_parseable_email_in_source_or_context | live_network_not_tested,/mnt/data/master_resource_extract (1).json,451,FINAL RESOURCE LIST.txt,"Description: 3.	Fathers and Families Coalition of America (FFCA) Leadership development, peer coaching, and family-strengthening programs. https://fathersandfamiliescoalition.org/ (fathersandfamiliescoalition.org)
Benefits: • Eligibility:
Eligibility: • Intake:
Intake: • Source URLs: https://fathersandfamiliescoalition.org/",,
0cec6128e48cb2b9358d,"Parental Alienation Awareness (PAA) Education, research, and survivor support for parental alienation victims. https",,HOUSING,INCONCLUSIVE,Network/TLS/server failures prevented a reliable organization verdict.,https://paawareness.com/,https://paawareness.com/ => INCONCLUSIVE_OFFLINE,,,,,,,50,CONDITIONAL_OR_UNKNOWN,SOURCE_ONLY,dg_68ba5436f1b4,UNIQUE_OR_UNMERGED,no_parseable_phone_in_source_or_context | no_parseable_email_in_source_or_context | live_network_not_tested,/mnt/data/master_resource_extract (1).json,452,FINAL RESOURCE LIST.txt,"Description: 4.	Parental Alienation Awareness (PAA) Education, research, and survivor support for parental alienation victims. https://paawareness.com/ (paawareness.com)
Benefits: • Eligibility:
Eligibility: • Intake:
Intake: • Source URLs: https://paawareness.com/",,
4d4d217f2abf9d7abea9,Parental Alienation Study Group (PASG) International nonprofit membership for anyone affected by alienation. https,,HOUSING,INCONCLUSIVE,Network/TLS/server failures prevented a reliable organization verdict.,https://pasg.info/,https://pasg.info/ => INCONCLUSIVE_OFFLINE,,,,,,,50,CONDITIONAL_OR_UNKNOWN,SOURCE_ONLY,dg_b121f1a15dfe,UNIQUE_OR_UNMERGED,no_parseable_phone_in_source_or_context | no_parseable_email_in_source_or_context | live_network_not_tested,/mnt/data/master_resource_extract (1).json,453,FINAL RESOURCE LIST.txt,"Description: 5.	Parental Alienation Study Group (PASG) International nonprofit membership for anyone affected by alienation. https://pasg.info/ (pasg.info)
Benefits: • Eligibility:
Eligibility: • Intake:
Intake: • Source URLs: https://pasg.info/",,
13ff05e5ac5d9e33f704,"Parental Alienation Awareness Organization USA (PAAO USA) U.S. arm offering training, events, and advocacy to counter alienation. https",,HOUSING,INCONCLUSIVE,Network/TLS/server failures prevented a reliable organization verdict.,https://paaousa.org/,https://paaousa.org/ => INCONCLUSIVE_OFFLINE,,,,,,,50,CONDITIONAL_OR_UNKNOWN,SOURCE_ONLY,dg_280b6fb4bc11,UNIQUE_OR_UNMERGED,no_parseable_phone_in_source_or_context | no_parseable_email_in_source_or_context | live_network_not_tested,/mnt/data/master_resource_extract (1).json,454,FINAL RESOURCE LIST.txt,"Description: 6.	Parental Alienation Awareness Organization USA (PAAO USA) U.S. arm offering training, events, and advocacy to counter alienation. https://paaousa.org/ (paaousa.org)      Legal & Disability Rights
Benefits: • Eligibility:
Eligibility: • Intake:
Intake: • Source URLs: https://paaousa.org/",,
7e10c6ec5ae44d641b5b,NAMI (National Alliance on Mental Illness) Peer,,COMMUNITIES & ADVOCACY,INCONCLUSIVE,Network/TLS/server failures prevented a reliable organization verdict.,https://www.nami.org/support-education/support-groups | https://www.nami.org/support-education/support-groups/,https://www.nami.org/support-education/support-groups => INCONCLUSIVE_OFFLINE | https://www.nami.org/support-education/support-groups/ => INCONCLUSIVE_OFFLINE,,,,,,,50,CONDITIONAL_OR_UNKNOWN,SOURCE_ONLY,dg_d46a0205c956,UNIQUE_OR_UNMERGED,no_parseable_phone_in_source_or_context | no_parseable_email_in_source_or_context | live_network_not_tested,/mnt/data/master_resource_extract (1).json,455,FINAL RESOURCE LIST.txt,"Description: 16.	NAMI (National Alliance on Mental Illness) Peer-led support groups for PTSD, depression, and related conditions. https://www.nami.org/support-education/support-groups/ (nami.org)      Chronic Illness & Tick-borne Diseases
Benefits: • Eligibility:
Eligibility: • Intake:
Intake: • Source URLs: https://www.nami.org/support-education/support-groups/",,
46fc552c9a1d5f31342f,"LymeDisease.org National database of Lyme resources, treatment guidance, and patient advocacy. https",,COMMUNITIES & ADVOCACY,INCONCLUSIVE,Network/TLS/server failures prevented a reliable organization verdict.,https://www.lymedisease.org/,https://www.lymedisease.org/ => INCONCLUSIVE_OFFLINE,,,,,,,50,CONDITIONAL_OR_UNKNOWN,SOURCE_ONLY,dg_da47f1e4cd8f,UNIQUE_OR_UNMERGED,no_parseable_phone_in_source_or_context | no_parseable_email_in_source_or_context | live_network_not_tested,/mnt/data/master_resource_extract (1).json,456,FINAL RESOURCE LIST.txt,"Description: 17.	LymeDisease.org National database of Lyme resources, treatment guidance, and patient advocacy. https://www.lymedisease.org/ (lymedisease.org)
Benefits: • Eligibility:
Eligibility: • Intake:
Intake: • Source URLs: https://www.lymedisease.org/",,
86a94fc39c96352ffe53,"Global Lyme Alliance Research funding, awareness campaigns, and patient support programs. https",,GRANTS,INCONCLUSIVE,Network/TLS/server failures prevented a reliable organization verdict.,https://globallymealliance.org/,https://globallymealliance.org/ => INCONCLUSIVE_OFFLINE,,,,,,,50,CONDITIONAL_OR_UNKNOWN,SOURCE_ONLY,dg_4cd2a039aa29,UNIQUE_OR_UNMERGED,no_parseable_phone_in_source_or_context | no_parseable_email_in_source_or_context | live_network_not_tested,/mnt/data/master_resource_extract (1).json,457,FINAL RESOURCE LIST.txt,"Description: 18.	Global Lyme Alliance Research funding, awareness campaigns, and patient support programs. https://globallymealliance.org/ (globallymealliance.org)
Benefits: • Eligibility:
Eligibility: • Intake:
Intake: • Source URLs: https://globallymealliance.org/",,
6087b448c64071660568,"American Lyme Disease Foundation (ALDF) Education, prevention resources, and treatment referrals. https",,COMMUNITIES & ADVOCACY,INCONCLUSIVE,Network/TLS/server failures prevented a reliable organization verdict.,https://aldf.com/,https://aldf.com/ => INCONCLUSIVE_OFFLINE,,,,,,,50,CONDITIONAL_OR_UNKNOWN,SOURCE_ONLY,dg_c502894544fe,UNIQUE_OR_UNMERGED,no_parseable_phone_in_source_or_context | no_parseable_email_in_source_or_context | live_network_not_tested,/mnt/data/master_resource_extract (1).json,458,FINAL RESOURCE LIST.txt,"Description: 19.	American Lyme Disease Foundation (ALDF) Education, prevention resources, and treatment referrals. https://aldf.com/ (aldf.com)
Benefits: • Eligibility:
Eligibility: • Intake:
Intake: • Source URLs: https://aldf.com/",,
2bd667759c5b6505fcef,"Valley Fever Center for Excellence (AZ) Patient education, care networks, and CF patient registries through UA",,COMMUNITIES & ADVOCACY,INCONCLUSIVE,Network/TLS/server failures prevented a reliable organization verdict.,https://vfce.arizona.edu/,https://vfce.arizona.edu/ => INCONCLUSIVE_OFFLINE,,,,,,,50,CONDITIONAL_OR_UNKNOWN,SOURCE_ONLY,dg_ff2f095fabbf,UNIQUE_OR_UNMERGED,no_parseable_phone_in_source_or_context | no_parseable_email_in_source_or_context | live_network_not_tested,/mnt/data/master_resource_extract (1).json,459,FINAL RESOURCE LIST.txt,"Description: 20.	Valley Fever Center for Excellence (AZ) Patient education, care networks, and CF patient registries through UA-based VFCE. https://vfce.arizona.edu/ (vfce.arizona.edu)
Benefits: • Eligibility:
Eligibility: • Intake:
Intake: • Source URLs: https://vfce.arizona.edu/",,
e85680d731bc99cd6b3e,Desert Moon Motel (Las Vegas) A newly converted E. Fremont Street motel offering weekly rates instead of nightly—many report paying under $250/week for a basic room. https,,COMMUNITIES & ADVOCACY,INCONCLUSIVE,Network/TLS/server failures prevented a reliable organization verdict.,https://www.reddit.com/r/LasVegas/comments/18rsxkn/longterm_hotel_recommendations | https://www.reddit.com/r/LasVegas/comments/18rsxkn/longterm_hotel_recommendations/,https://www.reddit.com/r/LasVegas/comments/18rsxkn/longterm_hotel_recommendations => INCONCLUSIVE_OFFLINE | https://www.reddit.com/r/LasVegas/comments/18rsxkn/longterm_hotel_recommendations/ => INCONCLUSIVE_OFFLINE,,,,,,,50,CONDITIONAL_OR_UNKNOWN,SOURCE_ONLY,dg_b7462f4da5ea,UNIQUE_OR_UNMERGED,name_looks_compound_or_malformed | no_parseable_phone_in_source_or_context | no_parseable_email_in_source_or_context | live_network_not_tested,/mnt/data/master_resource_extract (1).json,460,FINAL RESOURCE LIST.txt,"Description: 1. Desert Moon Motel (Las Vegas) A newly converted E. Fremont Street motel offering weekly rates instead of nightly—many report paying under $250/week for a basic room. https://www.reddit.com/r/LasVegas/comments/18rsxkn/longterm_hotel_recommendations/ (reddit.com)
Benefits: • Eligibility:
Eligibility: • Intake:
Intake: • Source URLs: https://www.reddit.com/r/LasVegas/comments/18rsxkn/longterm_hotel_recommendations/",,
aa3027e95f2b3cbb1451,Extended Stay America,,COMMUNITIES & ADVOCACY,INSUFFICIENT_SOURCE_DATA,"No usable website, phone, or email was present or discovered.",,,,,,,,,50,CONDITIONAL_OR_UNKNOWN,SOURCE_ONLY,dg_5fa3d2fc0edb,UNIQUE_OR_UNMERGED,no_website_in_source_or_context | no_parseable_phone_in_source_or_context | no_parseable_email_in_source_or_context,/mnt/data/master_resource_extract (1).json,461,FINAL RESOURCE LIST.txt,"Description: 2. Extended Stay America
Benefits: • Eligibility:
Eligibility: • Intake:
Intake: • Source URLs:",,
9a67d39aad7cfb82251e,Negotiate with the Sales Manager: Call during business hours and ask for their best corporate/long-term rate—users report securing $80,,COMMUNITIES & ADVOCACY,INSUFFICIENT_SOURCE_DATA,"No usable website, phone, or email was present or discovered.",,,,,,,,,50,CONDITIONAL_OR_UNKNOWN,SOURCE_ONLY,dg_9e8bf1c43836,UNIQUE_OR_UNMERGED,no_website_in_source_or_context | no_parseable_phone_in_source_or_context | no_parseable_email_in_source_or_context,/mnt/data/master_resource_extract (1).json,462,FINAL RESOURCE LIST.txt,"Description: •	Negotiate with the Sales Manager: Call during business hours and ask for their best corporate/long-term rate—users report securing $80–$100/night sweet spots far below advertised $120+ rates.
Benefits: • Eligibility:
Eligibility: • Intake:
Intake: • Source URLs:",,
28676d631928c36693dd,Use Promo Codes: Codes like FALL7 have been shown to take 30,,COMMUNITIES & ADVOCACY,INCONCLUSIVE,Network/TLS/server failures prevented a reliable organization verdict.,https://www.reddit.com/r/Frugal/comments/dcfjiz/has_anyone_ever_had_any_success_with_negotiating/ | https://www.reddit.com/r/hotels/comments/mrstzy/how_to_get_a_discount_at_an_extended_stay_hotel | https://www.reddit.com/r/hotels/comments/mrstzy/how_to_get_a_discount_at_an_extended_stay_hotel/,https://www.reddit.com/r/Frugal/comments/dcfjiz/has_anyone_ever_had_any_success_with_negotiating/ => INCONCLUSIVE_OFFLINE | https://www.reddit.com/r/hotels/comments/mrstzy/how_to_get_a_discount_at_an_extended_stay_hotel => INCONCLUSIVE_OFFLINE | https://www.reddit.com/r/hotels/comments/mrstzy/how_to_get_a_discount_at_an_extended_stay_hotel/ => INCONCLUSIVE_OFFLINE,,,,,,,50,CONDITIONAL_OR_UNKNOWN,SOURCE_ONLY,dg_df412685d58f,UNIQUE_OR_UNMERGED,no_parseable_phone_in_source_or_context | no_parseable_email_in_source_or_context | live_network_not_tested,/mnt/data/master_resource_extract (1).json,463,FINAL RESOURCE LIST.txt,"Description: •	Use Promo Codes: Codes like FALL7 have been shown to take 30–50% off daily rates on stays over 30 days. https://www.reddit.com/r/Frugal/comments/dcfjiz/has_anyone_ever_had_any_success_with_negotiating/ (reddit.com) https://www.reddit.com/r/hotels/comments/mrstzy/how_to_get_a_discount_at_an_extended_stay_hotel/ (reddit.com)
Benefits: • Eligibility:
Eligibility: • Intake:
Intake: • Source URLs: https://www.reddit.com/r/Frugal/comments/dcfjiz/has_anyone_ever_had_any_success_with_negotiating/; https://www.reddit.com/r/hotels/comments/mrstzy/how_to_get_a_discount_at_an_extended_stay_hotel/",,
7e3bdd9e129f773f6301,Priceline “Mystery Flash Deals” Book a “mystery” hotel at a steep discount (sometimes 50; Lounge,,GIG/INCOME SOURCES,INCONCLUSIVE,Network/TLS/server failures prevented a reliable organization verdict.,https://www.reddit.com/r/Frugal/comments/yf7kb8/hotel_hacks_for_frugality | https://www.reddit.com/r/Frugal/comments/yf7kb8/hotel_hacks_for_frugality/,https://www.reddit.com/r/Frugal/comments/yf7kb8/hotel_hacks_for_frugality => INCONCLUSIVE_OFFLINE | https://www.reddit.com/r/Frugal/comments/yf7kb8/hotel_hacks_for_frugality/ => INCONCLUSIVE_OFFLINE,,,,,,,50,CONDITIONAL_OR_UNKNOWN,SOURCE_ONLY,dg_7e42ab4ba981,UNIQUE_OR_UNMERGED,no_parseable_phone_in_source_or_context | no_parseable_email_in_source_or_context | live_network_not_tested,/mnt/data/master_resource_extract (1).json,464,FINAL RESOURCE LIST.txt,"Description: 3. Priceline “Mystery Flash Deals” Book a “mystery” hotel at a steep discount (sometimes 50–70% off) and apps/websites will reveal the property only after you’ve paid. Works even on extended-stay brands. https://www.reddit.com/r/Frugal/comments/yf7kb8/hotel_hacks_for_frugality/ (reddit.com)    4. Lounge-Gig Swap Musicians and performers report offering a one-night lounge gig in exchange for a free or heavily discounted room (especially at smaller “bar and lounge” motels). https://www.reddit.com/r/Frugal/comments/yf7kb8/hotel_hacks_for_frugality/ (reddit.com)
Benefits: • Eligibility:
Eligibility: • Intake:
Intake: • Source URLs: https://www.reddit.com/r/Frugal/comments/yf7kb8/hotel_hacks_for_frugality/",,
3c8c0f8be7009a979420,Airbnb Monthly,,COMMUNITIES & ADVOCACY,INCONCLUSIVE,Network/TLS/server failures prevented a reliable organization verdict.,https://www.reddit.com/r/homeless/comments/1h97lex/do_hotels_or_airbnb_give_discounts_for_prolonged | https://www.reddit.com/r/homeless/comments/1h97lex/do_hotels_or_airbnb_give_discounts_for_prolonged/,https://www.reddit.com/r/homeless/comments/1h97lex/do_hotels_or_airbnb_give_discounts_for_prolonged => INCONCLUSIVE_OFFLINE | https://www.reddit.com/r/homeless/comments/1h97lex/do_hotels_or_airbnb_give_discounts_for_prolonged/ => INCONCLUSIVE_OFFLINE,,,,,,,50,CONDITIONAL_OR_UNKNOWN,SOURCE_ONLY,dg_bfedd28f511e,UNIQUE_OR_UNMERGED,no_parseable_phone_in_source_or_context | no_parseable_email_in_source_or_context | live_network_not_tested,/mnt/data/master_resource_extract (1).json,465,FINAL RESOURCE LIST.txt,"Description: 5. Airbnb Monthly-Stay Negotiation Hosts regularly offer ~40% off when you request a “monthly rate” instead of booking nightly—message ahead asking for a custom 30-day discount. https://www.reddit.com/r/homeless/comments/1h97lex/do_hotels_or_airbnb_give_discounts_for_prolonged/ (reddit.com)
Benefits: • Eligibility:
Eligibility: • Intake:
Intake: • Source URLs: https://www.reddit.com/r/homeless/comments/1h97lex/do_hotels_or_airbnb_give_discounts_for_prolonged/",,
772224d39fc83fa06559,TrustedHousesitters Membership Hack To join TrustedHousesitters at the lowest rate: during sign,,COMMUNITIES & ADVOCACY,INCONCLUSIVE,Network/TLS/server failures prevented a reliable organization verdict.,https://www.reddit.com/r/almosthomeless/comments/1l79z1i/looking_for_some_advice | https://www.reddit.com/r/almosthomeless/comments/1l79z1i/looking_for_some_advice/,https://www.reddit.com/r/almosthomeless/comments/1l79z1i/looking_for_some_advice => INCONCLUSIVE_OFFLINE | https://www.reddit.com/r/almosthomeless/comments/1l79z1i/looking_for_some_advice/ => INCONCLUSIVE_OFFLINE,,,,,,,50,CONDITIONAL_OR_UNKNOWN,SOURCE_ONLY,dg_6e2d39506cb7,UNIQUE_OR_UNMERGED,no_parseable_phone_in_source_or_context | no_parseable_email_in_source_or_context | live_network_not_tested,/mnt/data/master_resource_extract (1).json,466,FINAL RESOURCE LIST.txt,"Description: 6. TrustedHousesitters Membership Hack To join TrustedHousesitters at the lowest rate: during sign-up, set your country to Australia (cheaper membership fee), then switch back to the U.S. to access U.S. sits. https://www.reddit.com/r/almosthomeless/comments/1l79z1i/looking_for_some_advice/ (reddit.com)
Benefits: • Eligibility:
Eligibility: • Intake:
Intake: • Source URLs: https://www.reddit.com/r/almosthomeless/comments/1l79z1i/looking_for_some_advice/",,
a3ee75ef0c83d1fd3f4c,Occupancy,,COMMUNITIES & ADVOCACY,INCONCLUSIVE,Network/TLS/server failures prevented a reliable organization verdict.,https://www.reddit.com/r/vandwellers/comments/18yu189/any_tips_for_getting_the_occasional_hotel_room | https://www.reddit.com/r/vandwellers/comments/18yu189/any_tips_for_getting_the_occasional_hotel_room/,https://www.reddit.com/r/vandwellers/comments/18yu189/any_tips_for_getting_the_occasional_hotel_room => INCONCLUSIVE_OFFLINE | https://www.reddit.com/r/vandwellers/comments/18yu189/any_tips_for_getting_the_occasional_hotel_room/ => INCONCLUSIVE_OFFLINE,,,,,,,50,CONDITIONAL_OR_UNKNOWN,SOURCE_ONLY,dg_70984cdf05bb,UNIQUE_OR_UNMERGED,no_parseable_phone_in_source_or_context | no_parseable_email_in_source_or_context | live_network_not_tested,/mnt/data/master_resource_extract (1).json,467,FINAL RESOURCE LIST.txt,"Description: 7. Occupancy-Based Walk-In Discounts At under-60% occupancy, many budget motels will stack AAA/student/senior discounts if you walk in and ask—front-desk staff are incentivized to fill empty rooms. https://www.reddit.com/r/vandwellers/comments/18yu189/any_tips_for_getting_the_occasional_hotel_room/ (reddit.com)
Benefits: • Eligibility:
Eligibility: • Intake:
Intake: • Source URLs: https://www.reddit.com/r/vandwellers/comments/18yu189/any_tips_for_getting_the_occasional_hotel_room/",,
8c680887b4d9089b6d20,"Coupon & Voucher Google Search Before booking, Google “[Hotel Name] discount coupon” or “voucher code”—users report finding unpublished 10",,COMMUNITIES & ADVOCACY,INCONCLUSIVE,Network/TLS/server failures prevented a reliable organization verdict.,https://www.reddit.com/r/Frugal/comments/3nc3az/any_tips_for_cheap_hotels | https://www.reddit.com/r/Frugal/comments/3nc3az/any_tips_for_cheap_hotels/,https://www.reddit.com/r/Frugal/comments/3nc3az/any_tips_for_cheap_hotels => INCONCLUSIVE_OFFLINE | https://www.reddit.com/r/Frugal/comments/3nc3az/any_tips_for_cheap_hotels/ => INCONCLUSIVE_OFFLINE,,,,,,,50,CONDITIONAL_OR_UNKNOWN,SOURCE_ONLY,dg_69492bd6d4d8,UNIQUE_OR_UNMERGED,no_parseable_phone_in_source_or_context | no_parseable_email_in_source_or_context | live_network_not_tested,/mnt/data/master_resource_extract (1).json,468,FINAL RESOURCE LIST.txt,"Description: 8. Coupon & Voucher Google Search Before booking, Google “[Hotel Name] discount coupon” or “voucher code”—users report finding unpublished 10–30% off codes on third-party coupon sites. https://www.reddit.com/r/Frugal/comments/3nc3az/any_tips_for_cheap_hotels/ (reddit.com)
Benefits: • Eligibility:
Eligibility: • Intake:
Intake: • Source URLs: https://www.reddit.com/r/Frugal/comments/3nc3az/any_tips_for_cheap_hotels/",,
d59e7fe141eae85f4a79,Work-for-Stay Motel Gigs Mom-and-pop motels sometimes trade free room + small stipend for 2,,GIG/INCOME SOURCES,INCONCLUSIVE,Network/TLS/server failures prevented a reliable organization verdict.,https://www.reddit.com/r/povertyfinance/comments/118kxm2/what_is_the_exact_process_of_living_in_a_hotel_if | https://www.reddit.com/r/povertyfinance/comments/118kxm2/what_is_the_exact_process_of_living_in_a_hotel_if/,https://www.reddit.com/r/povertyfinance/comments/118kxm2/what_is_the_exact_process_of_living_in_a_hotel_if => INCONCLUSIVE_OFFLINE | https://www.reddit.com/r/povertyfinance/comments/118kxm2/what_is_the_exact_process_of_living_in_a_hotel_if/ => INCONCLUSIVE_OFFLINE,,,,,,,50,CONDITIONAL_OR_UNKNOWN,SOURCE_ONLY,dg_b6f52efd8743,UNIQUE_OR_UNMERGED,no_parseable_phone_in_source_or_context | no_parseable_email_in_source_or_context | live_network_not_tested,/mnt/data/master_resource_extract (1).json,469,FINAL RESOURCE LIST.txt,"Description: 9. Work-for-Stay Motel Gigs Mom-and-pop motels sometimes trade free room + small stipend for 2–4 hrs/week of cleaning, light maintenance, or front-desk help—residents report net cost under $200/month. https://www.reddit.com/r/povertyfinance/comments/118kxm2/what_is_the_exact_process_of_living_in_a_hotel_if/ (reddit.com)    🗒️ Pro Tip: Combine these—e.g., negotiate an Extended Stay America rate, then plug “mystery deal” on Priceline to see if you can beat it, or swing by Desert Moon Motel after hours to lock in a weekly rate in cash. Here are active communities—on Reddit, Facebook, and Discord—where people build out skoolies, buses, and vans, and where members frequently share tips for those dealing with chronic illness, disability or systemic injustices. All links have been verified.    Reddit
Benefits: • Eligibility:
Eligibility: • Intake:
Intake: • Source URLs: https://www.reddit.com/r/povertyfinance/comments/118kxm2/what_is_the_exact_process_of_living_in_a_hotel_if/",,
86037effd88f20a395ac,r/skoolies A 82 K,,COMMUNITIES & ADVOCACY,INCONCLUSIVE,Network/TLS/server failures prevented a reliable organization verdict.,https://discord.gg/JQngWyM,https://discord.gg/JQngWyM => INCONCLUSIVE_OFFLINE,,,,,,,50,CONDITIONAL_OR_UNKNOWN,SOURCE_ONLY,dg_a7c2469fe878,UNIQUE_OR_UNMERGED,no_parseable_phone_in_source_or_context | no_parseable_email_in_source_or_context | live_network_not_tested,/mnt/data/master_resource_extract (1).json,470,FINAL RESOURCE LIST.txt,"Description: •	r/skoolies A 82 K-member community for everything Skoolie & bus life. Inclusive of folks managing chronic illness and accessibility needs (e.g. “Wheelchair accessible buses” discussions) (reddit.com, reddit.com) ↳ Discord invite: https://discord.gg/JQngWyM (reddit.com)
Benefits: • Eligibility:
Eligibility: • Intake:
Intake: • Source URLs: https://discord.gg/JQngWyM",,
7292691fb7c6996391dd,r/disability: Accessible Bus Conversion A thread in the disability subreddit where members plan and troubleshoot wheelchair,,COMMUNITIES & ADVOCACY,INCONCLUSIVE,Network/TLS/server failures prevented a reliable organization verdict.,https://www.reddit.com/r/disability/comments/zw0lh2/accessible_bus_conversion | https://www.reddit.com/r/disability/comments/zw0lh2/accessible_bus_conversion/,https://www.reddit.com/r/disability/comments/zw0lh2/accessible_bus_conversion => INCONCLUSIVE_OFFLINE | https://www.reddit.com/r/disability/comments/zw0lh2/accessible_bus_conversion/ => INCONCLUSIVE_OFFLINE,,,,,,,50,CONDITIONAL_OR_UNKNOWN,SOURCE_ONLY,dg_4b53c8252088,UNIQUE_OR_UNMERGED,no_parseable_phone_in_source_or_context | no_parseable_email_in_source_or_context | live_network_not_tested,/mnt/data/master_resource_extract (1).json,471,FINAL RESOURCE LIST.txt,"Description: •	r/disability: Accessible Bus Conversion A thread in the disability subreddit where members plan and troubleshoot wheelchair-accessible bus builds: https://www.reddit.com/r/disability/comments/zw0lh2/accessible_bus_conversion/ (reddit.com)
Benefits: • Eligibility:
Eligibility: • Intake:
Intake: • Source URLs: https://www.reddit.com/r/disability/comments/zw0lh2/accessible_bus_conversion/",,
318c6da60a5e24feb1c9,r/VanLife 1.4 M members sharing all things van life—plenty of “Realistic VanLife for people with chronic pain” posts and build,,COMMUNITIES & ADVOCACY,INCONCLUSIVE,Network/TLS/server failures prevented a reliable organization verdict.,https://www.reddit.com/r/VanLife | https://www.reddit.com/r/VanLife/,https://www.reddit.com/r/VanLife => INCONCLUSIVE_OFFLINE | https://www.reddit.com/r/VanLife/ => INCONCLUSIVE_OFFLINE,,,,,,,50,CONDITIONAL_OR_UNKNOWN,SOURCE_ONLY,dg_87768b60ad6d,UNIQUE_OR_UNMERGED,no_parseable_phone_in_source_or_context | no_parseable_email_in_source_or_context | live_network_not_tested,/mnt/data/master_resource_extract (1).json,472,FINAL RESOURCE LIST.txt,"Description: •	r/VanLife 1.4 M members sharing all things van life—plenty of “Realistic VanLife for people with chronic pain” posts and build-out advice (reddit.com, reddit.com) https://www.reddit.com/r/VanLife/      Facebook
Benefits: • Eligibility: For people with chronic pain” posts and build-out advice (reddit.
Eligibility: For people with chronic pain” posts and build-out advice (reddit.
Intake: • Source URLs: https://www.reddit.com/r/VanLife/",,
4dab7873cadcf7095b9b,Low budget Skoolie/van build Budget,,COMMUNITIES & ADVOCACY,INCONCLUSIVE,Network/TLS/server failures prevented a reliable organization verdict.,https://www.facebook.com/groups/191853496496660 | https://www.facebook.com/groups/191853496496660/,https://www.facebook.com/groups/191853496496660 => INCONCLUSIVE_OFFLINE | https://www.facebook.com/groups/191853496496660/ => INCONCLUSIVE_OFFLINE,,,,,,,50,CONDITIONAL_OR_UNKNOWN,SOURCE_ONLY,dg_60d3199547aa,UNIQUE_OR_UNMERGED,phone_matches_url_numeric_id_quarantined | no_parseable_phone_in_source_or_context | no_parseable_email_in_source_or_context | live_network_not_tested,/mnt/data/master_resource_extract (1).json,473,FINAL RESOURCE LIST.txt,"Description: •	Low budget Skoolie/van build Budget-focused bus/van conversion tips and walk-throughs: https://www.facebook.com/groups/191853496496660/ (facebook.com)
Benefits: • Eligibility:
Eligibility: • Intake:
Intake: • Source URLs: https://www.facebook.com/groups/191853496496660/",,
76ba602f4329ef240499,Skoolie Builders Hands,,COMMUNITIES & ADVOCACY,INCONCLUSIVE,Network/TLS/server failures prevented a reliable organization verdict.,https://www.facebook.com/groups/413868125628021,https://www.facebook.com/groups/413868125628021 => INCONCLUSIVE_OFFLINE,,,,,,,50,CONDITIONAL_OR_UNKNOWN,SOURCE_ONLY,dg_10ff5edc47db,UNIQUE_OR_UNMERGED,phone_matches_url_numeric_id_quarantined | no_parseable_phone_in_source_or_context | no_parseable_email_in_source_or_context | live_network_not_tested,/mnt/data/master_resource_extract (1).json,474,FINAL RESOURCE LIST.txt,"Description: •	Skoolie Builders Hands-on build advice—from purchasing a bus to wiring and insulation: https://www.facebook.com/groups/413868125628021 (skoolie.net)
Benefits: • Eligibility:
Eligibility: • Intake:
Intake: • Source URLs: https://www.facebook.com/groups/413868125628021",,
eaedfd9447bba273903b,Bus Conversion Life Focused on bus,,COMMUNITIES & ADVOCACY,INCONCLUSIVE,Network/TLS/server failures prevented a reliable organization verdict.,https://www.facebook.com/groups/295474360160637,https://www.facebook.com/groups/295474360160637 => INCONCLUSIVE_OFFLINE,,,,,,,50,CONDITIONAL_OR_UNKNOWN,SOURCE_ONLY,dg_fcbcfaa683c9,UNIQUE_OR_UNMERGED,phone_matches_url_numeric_id_quarantined | no_parseable_phone_in_source_or_context | no_parseable_email_in_source_or_context | live_network_not_tested,/mnt/data/master_resource_extract (1).json,475,FINAL RESOURCE LIST.txt,"Description: •	Bus Conversion Life Focused on bus-specific conversion projects, including off-grid setups: https://www.facebook.com/groups/295474360160637 (reddit.com)
Benefits: • Eligibility:
Eligibility: • Intake:
Intake: • Source URLs: https://www.facebook.com/groups/295474360160637",,
d40ff19bbce65c38211d,"Skoolies, Housetrucks & Tiny",,COMMUNITIES & ADVOCACY,INCONCLUSIVE,Network/TLS/server failures prevented a reliable organization verdict.,https://www.facebook.com/groups/250541992044047 | https://www.facebook.com/groups/250541992044047/,https://www.facebook.com/groups/250541992044047 => INCONCLUSIVE_OFFLINE | https://www.facebook.com/groups/250541992044047/ => INCONCLUSIVE_OFFLINE,,,,,,,50,CONDITIONAL_OR_UNKNOWN,SOURCE_ONLY,dg_49f67768bb05,UNIQUE_OR_UNMERGED,phone_matches_url_numeric_id_quarantined | no_parseable_phone_in_source_or_context | no_parseable_email_in_source_or_context | live_network_not_tested,/mnt/data/master_resource_extract (1).json,476,FINAL RESOURCE LIST.txt,"Description: •	Skoolies, Housetrucks & Tiny-Home Bus Conversions A mix of school-bus and truck-home conversions with DIY guides: https://www.facebook.com/groups/250541992044047/ (reddit.com)
Benefits: • Eligibility:
Eligibility: • Intake:
Intake: • Source URLs: https://www.facebook.com/groups/250541992044047/",,
2965c704481757e82efe,"The Skoolie Nation A large Skoolie community sharing tips on layouts, materials, and grants",,GRANTS,INCONCLUSIVE,Network/TLS/server failures prevented a reliable organization verdict.,https://www.facebook.com/groups/507692476943763 | https://www.facebook.com/groups/507692476943763/,https://www.facebook.com/groups/507692476943763 => INCONCLUSIVE_OFFLINE | https://www.facebook.com/groups/507692476943763/ => INCONCLUSIVE_OFFLINE,,,,,,,50,CONDITIONAL_OR_UNKNOWN,SOURCE_ONLY,dg_c726f7c6da86,UNIQUE_OR_UNMERGED,phone_matches_url_numeric_id_quarantined | no_parseable_phone_in_source_or_context | no_parseable_email_in_source_or_context | live_network_not_tested,/mnt/data/master_resource_extract (1).json,477,FINAL RESOURCE LIST.txt,"Description: •	The Skoolie Nation A large Skoolie community sharing tips on layouts, materials, and grants: https://www.facebook.com/groups/507692476943763/ (tiktok.com)
Benefits: • Eligibility:
Eligibility: • Intake:
Intake: • Source URLs: https://www.facebook.com/groups/507692476943763/",,
ca4c35454c5d9b4dc9f0,"The Off Grid Skoolie Specializes in solar, composting toilets, and full",,COMMUNITIES & ADVOCACY,INCONCLUSIVE,Network/TLS/server failures prevented a reliable organization verdict.,https://www.facebook.com/groups/theoffgridskoolie | https://www.facebook.com/groups/theoffgridskoolie/,https://www.facebook.com/groups/theoffgridskoolie => INCONCLUSIVE_OFFLINE | https://www.facebook.com/groups/theoffgridskoolie/ => INCONCLUSIVE_OFFLINE,,,,,,,50,CONDITIONAL_OR_UNKNOWN,SOURCE_ONLY,dg_5689aec3763f,UNIQUE_OR_UNMERGED,no_parseable_phone_in_source_or_context | no_parseable_email_in_source_or_context | live_network_not_tested,/mnt/data/master_resource_extract (1).json,478,FINAL RESOURCE LIST.txt,"Description: •	The Off Grid Skoolie Specializes in solar, composting toilets, and full-time off-grid bus living: https://www.facebook.com/groups/theoffgridskoolie/ (facebook.com)
Benefits: • Eligibility:
Eligibility: • Intake:
Intake: • Source URLs: https://www.facebook.com/groups/theoffgridskoolie/",,
9b637f080daeddb2c4b0,Accessible Vehicles For Sale or Donated Matches disabled applicants to donated or low,,COMMUNITIES & ADVOCACY,INCONCLUSIVE,Network/TLS/server failures prevented a reliable organization verdict.,https://www.facebook.com/groups/175937598228765,https://www.facebook.com/groups/175937598228765 => INCONCLUSIVE_OFFLINE,,,,,,,50,CONDITIONAL_OR_UNKNOWN,SOURCE_ONLY,dg_46af82fbc7cf,UNIQUE_OR_UNMERGED,phone_matches_url_numeric_id_quarantined | no_parseable_phone_in_source_or_context | no_parseable_email_in_source_or_context | live_network_not_tested,/mnt/data/master_resource_extract (1).json,479,FINAL RESOURCE LIST.txt,"Description: •	Accessible Vehicles For Sale or Donated Matches disabled applicants to donated or low-cost vans/RVs (often a starting point for a build): https://www.facebook.com/groups/175937598228765 (facebook.com)
Benefits: • Eligibility:
Eligibility: • Intake:
Intake: • Source URLs: https://www.facebook.com/groups/175937598228765",,
e90bec0ea4b9e3ec9637,Wheelchair Accessible Vans For Sale A marketplace and resource hub for mobility,,COMMUNITIES & ADVOCACY,INCONCLUSIVE,Network/TLS/server failures prevented a reliable organization verdict.,https://www.facebook.com/groups/2001412559940243 | https://www.facebook.com/groups/2001412559940243/,https://www.facebook.com/groups/2001412559940243 => INCONCLUSIVE_OFFLINE | https://www.facebook.com/groups/2001412559940243/ => INCONCLUSIVE_OFFLINE,,,,,,,50,CONDITIONAL_OR_UNKNOWN,SOURCE_ONLY,dg_9b6a595af021,UNIQUE_OR_UNMERGED,source_phone_unparseable | no_parseable_phone_in_source_or_context | no_parseable_email_in_source_or_context | live_network_not_tested,/mnt/data/master_resource_extract (1).json,480,FINAL RESOURCE LIST.txt,"Description: •	Wheelchair Accessible Vans For Sale A marketplace and resource hub for mobility-adapted vehicles: https://www.facebook.com/groups/2001412559940243/ (facebook.com)      Discord
Benefits: • Eligibility:
Eligibility: • Intake:
Intake: • Source URLs: https://www.facebook.com/groups/2001412559940243/",,
56ee653aeb96fd9dad2c,"#VanLife Community 1 000 + members in a live Discord with dedicated channels for build help (mechanical, electrical, insulation, etc.): https://discord.do/vanlife",,COMMUNITIES & ADVOCACY,INCONCLUSIVE,Network/TLS/server failures prevented a reliable organization verdict.,https://discord.do/vanlife-community | https://discord.do/vanlife-community/,https://discord.do/vanlife-community => INCONCLUSIVE_OFFLINE | https://discord.do/vanlife-community/ => INCONCLUSIVE_OFFLINE,,,,,,,50,CONDITIONAL_OR_UNKNOWN,SOURCE_ONLY,dg_141a2d6b3d31,UNIQUE_OR_UNMERGED,name_looks_compound_or_malformed | no_parseable_phone_in_source_or_context | no_parseable_email_in_source_or_context | live_network_not_tested,/mnt/data/master_resource_extract (1).json,481,FINAL RESOURCE LIST.txt,"Description: •	#VanLife Community 1 000 + members in a live Discord with dedicated channels for build help (mechanical, electrical, insulation, etc.): https://discord.do/vanlife-community/ (discord.do)
Benefits: • Eligibility:
Eligibility: • Intake:
Intake: • Source URLs: https://discord.do/vanlife-community/",,
3950a9e5a2873ec1f22c,ChroniCove A safe,,GRANTS,INCONCLUSIVE,Network/TLS/server failures prevented a reliable organization verdict.,https://disboard.org/servers/tag/disability,https://disboard.org/servers/tag/disability => INCONCLUSIVE_OFFLINE,,,,,,,50,CONDITIONAL_OR_UNKNOWN,SOURCE_ONLY,dg_e3ba9193c7d5,UNIQUE_OR_UNMERGED,no_parseable_phone_in_source_or_context | no_parseable_email_in_source_or_context | live_network_not_tested,/mnt/data/master_resource_extract (1).json,482,FINAL RESOURCE LIST.txt,"Description: •	ChroniCove A safe-harbour Discord for folks with chronic illness/disability to share tips, including accessible build hacks: https://disboard.org/servers/tag/disability (look for ChroniCove) (discord.me)    Here are the additional federal grant programs referenced by the advocacy and support organizations we discussed—each is new (not duplicated from prior resource lists), with their key details and verified intake links or contacts.    I. Fatherhood & Family Strengthening Grants
Benefits: • Eligibility:
Eligibility: • Intake:
Intake: • Source URLs: https://disboard.org/servers/tag/disability",,
7949ce27731f8fb2241e,FORGE Fatherhood Grant,,GRANTS,INSUFFICIENT_SOURCE_DATA,"No usable website, phone, or email was present or discovered.",,,,,,,,,50,CONDITIONAL_OR_UNKNOWN,SOURCE_ONLY,dg_c13dfa1b259e,UNIQUE_OR_UNMERGED,no_website_in_source_or_context | no_parseable_phone_in_source_or_context | no_parseable_email_in_source_or_context,/mnt/data/master_resource_extract (1).json,483,FINAL RESOURCE LIST.txt,"Description: •	FORGE Fatherhood Grant
Benefits: • Eligibility:
Eligibility: • Intake:
Intake: • Source URLs:",,
513f80eca2b3cec1a347,Opportunity Number: HHS,,COMMUNITIES & ADVOCACY,INSUFFICIENT_SOURCE_DATA,"No usable website, phone, or email was present or discovered.",,,,,,,,,50,CONDITIONAL_OR_UNKNOWN,SOURCE_ONLY,dg_48f1af01cdce,UNIQUE_OR_UNMERGED,no_website_in_source_or_context | no_parseable_phone_in_source_or_context | no_parseable_email_in_source_or_context,/mnt/data/master_resource_extract (1).json,484,FINAL RESOURCE LIST.txt,"Description: •	Opportunity Number: HHS-2025-ACF-OFA-ZJ-0014   •	Opportunity Number: HHS-2025-ACF-OFA-ZD-0013
Benefits: • Eligibility:
Eligibility: • Intake:
Intake: • Source URLs:",,
51a27a33950cf329bdbe,Purpose: Strengthen fathers’ engagement and co,,HOUSING,INSUFFICIENT_SOURCE_DATA,"No usable website, phone, or email was present or discovered.",,,,,,,,,50,CONDITIONAL_OR_UNKNOWN,SOURCE_ONLY,dg_a23b38290cfb,UNIQUE_OR_UNMERGED,no_website_in_source_or_context | no_parseable_phone_in_source_or_context | no_parseable_email_in_source_or_context,/mnt/data/master_resource_extract (1).json,485,FINAL RESOURCE LIST.txt,"Description: •	Purpose: Strengthen fathers’ engagement and co-parenting skills through community-based programming.
Benefits: • Eligibility:
Eligibility: • Intake:
Intake: • Source URLs:",,
35869daac461f2f7f81c,Apply via: Grants.gov (search “HHS,,GRANTS,INSUFFICIENT_SOURCE_DATA,"No usable website, phone, or email was present or discovered.",,,,,,,,,50,CONDITIONAL_OR_UNKNOWN,SOURCE_ONLY,dg_87052d8c2b8d,UNIQUE_OR_UNMERGED,no_website_in_source_or_context | no_parseable_phone_in_source_or_context | no_parseable_email_in_source_or_context,/mnt/data/master_resource_extract (1).json,486,FINAL RESOURCE LIST.txt,"Description: •	Apply via: Grants.gov (search “HHS-2025-ACF-OFA-ZJ-0014”)   •	Apply via: Grants.gov (search “HHS-2025-ACF-OFA-ZD-0013”)   •	Apply via: Grants.gov (search “HHS-2015-ACF-OFA-FK-0993”)
Benefits: • Eligibility:
Eligibility: • Intake:
Intake: • Source URLs:",,
53ae9ed556d15506e4e5,"Contact: Office of Family Assistance, ACF",,GRANTS,UNVERIFIED_CONTACT_ONLY,No website candidate; contact values remain source-derived until independently corroborated.,,,+1-202-205-8714,+1-202-205-8714 => PLAUSIBLE_UNVERIFIED,ofa@acf.hhs.gov,ofa@acf.hhs.gov => PLAUSIBLE_UNVERIFIED,,,50,CONDITIONAL_OR_UNKNOWN,SOURCE_ONLY,dg_889fafa611fe,UNIQUE_OR_UNMERGED,no_website_in_source_or_context,/mnt/data/master_resource_extract (1).json,487,FINAL RESOURCE LIST.txt,"Description: •	Contact: Office of Family Assistance, ACF – ofa@acf.hhs.gov | (202) 205-8714 (dadspadblog.com)   •	Contact: Office of Family Assistance, ACF – ofa@acf.hhs.gov | (202) 205-8714 (dadspadblog.com)   •	Contact: Office of Family Assistance, ACF – ofa@acf.hhs.gov | (202) 205-8714 (federalgrants.com)
Benefits: • Eligibility:
Eligibility: • Intake: Phones: (202) 205-8714 | Emails: ofa@acf.hhs.gov
Intake: Phones: (202) 205-8714 | Emails: ofa@acf.hhs.gov",,
b1163d62546bc2c85438,READY4Life (Youth Fatherhood Initiative),,COMMUNITIES & ADVOCACY,INSUFFICIENT_SOURCE_DATA,"No usable website, phone, or email was present or discovered.",,,,,,,,,50,CONDITIONAL_OR_UNKNOWN,SOURCE_ONLY,dg_74c3ad04f2c9,UNIQUE_OR_UNMERGED,no_website_in_source_or_context | no_parseable_phone_in_source_or_context | no_parseable_email_in_source_or_context,/mnt/data/master_resource_extract (1).json,488,FINAL RESOURCE LIST.txt,"Description: •	READY4Life (Youth Fatherhood Initiative)
Benefits: • Eligibility:
Eligibility: • Intake:
Intake: • Source URLs:",,
af31090ec87203b5024a,Purpose,,COMMUNITIES & ADVOCACY,INSUFFICIENT_SOURCE_DATA,"No usable website, phone, or email was present or discovered.",,,,,,,,,50,CONDITIONAL_OR_UNKNOWN,SOURCE_ONLY,dg_9f664583c37c,UNIQUE_OR_UNMERGED,no_website_in_source_or_context | no_parseable_phone_in_source_or_context | no_parseable_email_in_source_or_context,/mnt/data/master_resource_extract (1).json,489,FINAL RESOURCE LIST.txt,"Description: •	Purpose: Provide relationships, education, advancement, and development services for young fathers.
Benefits: • Eligibility:
Eligibility: • Intake:
Intake: • Source URLs:",,
88c02c2a6a5ac5a1a65f,New Pathways for Fathers & Families,,COMMUNITIES & ADVOCACY,INSUFFICIENT_SOURCE_DATA,"No usable website, phone, or email was present or discovered.",,,,,,,,,50,CONDITIONAL_OR_UNKNOWN,SOURCE_ONLY,dg_3c550c5c9387,UNIQUE_OR_UNMERGED,no_website_in_source_or_context | no_parseable_phone_in_source_or_context | no_parseable_email_in_source_or_context,/mnt/data/master_resource_extract (1).json,490,FINAL RESOURCE LIST.txt,"Description: •	New Pathways for Fathers & Families
Benefits: • Eligibility:
Eligibility: • Intake:
Intake: • Source URLs:",,
3e253ab8b22011094bcf,Former FOA: HHS,,COMMUNITIES & ADVOCACY,INSUFFICIENT_SOURCE_DATA,"No usable website, phone, or email was present or discovered.",,,,,,,,,50,CONDITIONAL_OR_UNKNOWN,SOURCE_ONLY,dg_52f6de7fcd4f,UNIQUE_OR_UNMERGED,no_website_in_source_or_context | no_parseable_phone_in_source_or_context | no_parseable_email_in_source_or_context,/mnt/data/master_resource_extract (1).json,491,FINAL RESOURCE LIST.txt,"Description: •	Former FOA: HHS-2015-ACF-OFA-FK-0993
Benefits: • Eligibility:
Eligibility: • Intake:
Intake: • Source URLs:",,
a2c35d596944e310d00f,Purpose: Support responsible fatherhood services and family,,COMMUNITIES & ADVOCACY,INSUFFICIENT_SOURCE_DATA,"No usable website, phone, or email was present or discovered.",,,,,,,,,50,CONDITIONAL_OR_UNKNOWN,SOURCE_ONLY,dg_4f75838ca345,UNIQUE_OR_UNMERGED,no_website_in_source_or_context | no_parseable_phone_in_source_or_context | no_parseable_email_in_source_or_context,/mnt/data/master_resource_extract (1).json,492,FINAL RESOURCE LIST.txt,"Description: •	Purpose: Support responsible fatherhood services and family-strengthening activities.
Benefits: • Eligibility:
Eligibility: • Intake:
Intake: • Source URLs:",,
1ae2d31369fe034e5db2,Responsible Fatherhood,,COMMUNITIES & ADVOCACY,INSUFFICIENT_SOURCE_DATA,"No usable website, phone, or email was present or discovered.",,,,,,,,,50,CONDITIONAL_OR_UNKNOWN,SOURCE_ONLY,dg_2b46a407a05c,UNIQUE_OR_UNMERGED,no_website_in_source_or_context | no_parseable_phone_in_source_or_context | no_parseable_email_in_source_or_context,/mnt/data/master_resource_extract (1).json,493,FINAL RESOURCE LIST.txt,"Description: •	Responsible Fatherhood
Benefits: • Eligibility:
Eligibility: • Intake:
Intake: • Source URLs:",,
b95797ce4521fecb5fb5,CFDA No.,,COMMUNITIES & ADVOCACY,INSUFFICIENT_SOURCE_DATA,"No usable website, phone, or email was present or discovered.",,,,,,,,,50,CONDITIONAL_OR_UNKNOWN,SOURCE_ONLY,dg_c366464f488f,UNIQUE_OR_UNMERGED,no_website_in_source_or_context | no_parseable_phone_in_source_or_context | no_parseable_email_in_source_or_context,/mnt/data/master_resource_extract (1).json,494,FINAL RESOURCE LIST.txt,"Description: •	CFDA No.: 93.086
Benefits: • Eligibility:
Eligibility: • Intake:
Intake: • Source URLs:",,
4778a9dc1e78e3acafe8,Purpose: Fund evidence,,HOUSING,INSUFFICIENT_SOURCE_DATA,"No usable website, phone, or email was present or discovered.",,,,,,,,,50,CONDITIONAL_OR_UNKNOWN,SOURCE_ONLY,dg_7ed488c6253e,UNIQUE_OR_UNMERGED,no_website_in_source_or_context | no_parseable_phone_in_source_or_context | no_parseable_email_in_source_or_context,/mnt/data/master_resource_extract (1).json,495,FINAL RESOURCE LIST.txt,"Description: •	Purpose: Fund evidence-based fatherhood program models to improve parenting skills, employment, and family stability.
Benefits: • Eligibility:
Eligibility: • Intake:
Intake: • Source URLs:",,
f82829c7b943468a4bff,Details & Intake: https://acf.hhs.gov/ofa/programs/responsible-fatherhood (acf.gov) II. Protection & Advocacy (P&A) Disability Grants Each state’s Protection & Advocacy (P&A) system is funded through these formula grants. Applicants are typically the designated P&A agency in each state—often a nonprofit legal services organization. Program CFDA No. Purpose Intake Website / Contact PADD,,GRANTS,INCONCLUSIVE,Network/TLS/server failures prevented a reliable organization verdict.,https://acf.hhs.gov/ofa/programs/responsible-fatherhood | https://acl.gov/program/grants/developmental-disabilities-basic-support-and-advocacy-grants | https://rsa.ed.gov/programs/cap | https://www.samhsa.gov/mental-health/serious-mental-illness/paimi | https://rsa.ed.gov/about/programs/protection-and-advocacy-of-individual-rights | https://disabilityrightsar.org/about-dra/pava-protection-and-advocacy-for-voting-access/ | https://disabilityrightsar.org/about-dra/paat-protection-and-advocacy-for-assistive-technology/ | https://biausa.org/public-affairs/media/protection-and-advocacy-system-empowers-individuals-with-disabilities,https://acf.hhs.gov/ofa/programs/responsible-fatherhood => INCONCLUSIVE_OFFLINE | https://acl.gov/program/grants/developmental-disabilities-basic-support-and-advocacy-grants => INCONCLUSIVE_OFFLINE | https://rsa.ed.gov/programs/cap => INCONCLUSIVE_OFFLINE | https://www.samhsa.gov/mental-health/serious-mental-illness/paimi => INCONCLUSIVE_OFFLINE | https://rsa.ed.gov/about/programs/protection-and-advocacy-of-individual-rights => INCONCLUSIVE_OFFLINE | https://disabilityrightsar.org/about-dra/pava-protection-and-advocacy-for-voting-access/ => INCONCLUSIVE_OFFLINE | https://disabilityrightsar.org/about-dra/paat-protection-and-advocacy-for-assistive-technology/ => INCONCLUSIVE_OFFLINE | https://biausa.org/public-affairs/media/protection-and-advocacy-system-empowers-individuals-with-disabilities => INCONCLUSIVE_OFFLINE,,,,,,,50,CONDITIONAL_OR_UNKNOWN,SOURCE_ONLY,dg_77dd0aa88f78,UNIQUE_OR_UNMERGED,name_looks_compound_or_malformed | multiple_domains_compound_record | no_parseable_phone_in_source_or_context | no_parseable_email_in_source_or_context | live_network_not_tested,/mnt/data/master_resource_extract (1).json,496,FINAL RESOURCE LIST.txt,"Description: •	Details & Intake: https://acf.hhs.gov/ofa/programs/responsible-fatherhood (acf.gov)      II. Protection & Advocacy (P&A) Disability Grants Each state’s Protection & Advocacy (P&A) system is funded through these formula grants. Applicants are typically the designated P&A agency in each state—often a nonprofit legal services organization. Program	CFDA No.	Purpose	Intake Website / Contact PADD – Protection & Advocacy for Individuals with Developmental Disabilities	93.630	Legal advocacy for people with developmental disabilities under the DD Act.	https://acl.gov/program/grants/developmental-disabilities-basic-support-and-advocacy-grants (taggs.hhs.gov) CAP – Client Assistance Program	84.161	Advises and assists individuals with disabilities in accessing vocational rehabilitation services.	https://rsa.ed.gov/programs/cap (rsa.ed.gov) PAIMI – Protection & Advocacy for Individuals with Mental Illness	93.150	Investigates and advocates against abuse/neglect of adults and children with serious mental illness.	https://www.samhsa.gov/mental-health/serious-mental-illness/paimi (samhsa.gov) PAIR – Protection & Advocacy of Individual Rights	84.240	Protects the legal and human rights of individuals with disabilities (ADA, IDEA, Medicaid appeals).	https://rsa.ed.gov/about/programs/protection-and-advocacy-of-individual-rights (rsa.ed.gov) PAVA – Protection & Advocacy for Voting Access	90.401	Ensures accessible, private voting for people with disabilities under HAVA.	https://disabilityrightsar.org/about-dra/pava-protection-and-advocacy-for-voting-access/ (disabilityrightsar.org) PAAT – Protection & Advocacy for Assistive Technology	84.224	Supports acquisition and use of assistive technology through advocacy and training.	https://disabilityrightsar.org/about-dra/paat-protection-and-advocacy-for-assistive-technology/ (disabilityrightsar.org) PATBI – Protection & Advocacy for Traumatic Brain Injury	93.922 (Assistance Listing 93.873)	Advocates for rights and services of individuals with TBI under the TBI Act.	https://biausa.org/public-affairs/media/protection-and-advocacy-system-empowers-individuals-with-disabilities (biausa.org)    Why these matter:
Benefits: • Eligibility: For people with developmental disabilities under the dd act.
Eligibility: For people with developmental disabilities under the dd act.
Intake: • Source URLs: https://acf.hhs.gov/ofa/programs/responsible-fatherhood; https://acl.gov/program/grants/developmental-disabilities-basic-support-and-advocacy-grants; https://rsa.ed.gov/programs/cap; https://www.samhsa.gov/mental-health/serious-mental-illness/paimi; https://rsa.ed.gov/about/programs/protection-and-advocacy-of-individual-rights; https://disabilityrightsar.org/about-dra/pava-protection-and-advocacy-for-voting-access/; https://disabilityrightsar.org/about-dra/paat-protection-and-advocacy-for-assistive-technology/; https://biausa.org/public-affairs/media/protection-and-advocacy-system-empowers-individuals-with-disabilities",,
659e85ecb0a5b284cbe3,Fatherhood grants provide dedicated funding streams for programs that directly engage and support fathers in family stability—and were highlighted by multiple father,,GRANTS,INSUFFICIENT_SOURCE_DATA,"No usable website, phone, or email was present or discovered.",,,,,,,,,50,CONDITIONAL_OR_UNKNOWN,SOURCE_ONLY,dg_11d0b6698256,UNIQUE_OR_UNMERGED,name_looks_compound_or_malformed | no_website_in_source_or_context | no_parseable_phone_in_source_or_context | no_parseable_email_in_source_or_context,/mnt/data/master_resource_extract (1).json,497,FINAL RESOURCE LIST.txt,"Description: • Fatherhood grants provide dedicated funding streams for programs that directly engage and support fathers in family stability—and were highlighted by multiple father-advocacy groups.
Benefits: • Eligibility:
Eligibility: • Intake:
Intake: • Source URLs:",,
58bb4de45c38c02541ec,"P&A grants are the backbone of legal advocacy for people with disabilities, ensuring rights, access to services, voting, and technologies through state",,GRANTS,INSUFFICIENT_SOURCE_DATA,"No usable website, phone, or email was present or discovered.",,,,,,,,,50,CONDITIONAL_OR_UNKNOWN,SOURCE_ONLY,dg_63eb44bf9651,UNIQUE_OR_UNMERGED,name_looks_compound_or_malformed | no_website_in_source_or_context | no_parseable_phone_in_source_or_context | no_parseable_email_in_source_or_context,/mnt/data/master_resource_extract (1).json,498,FINAL RESOURCE LIST.txt,"Description: • P&A grants are the backbone of legal advocacy for people with disabilities, ensuring rights, access to services, voting, and technologies through state-level agencies.    Facebook Groups
Benefits: • Eligibility: For people with disabilities, ensuring rights, access to services, voting, and technologies through state-level agencies.
Eligibility: For people with disabilities, ensuring rights, access to services, voting, and technologies through state-level agencies.
Intake: • Source URLs:",,
1e5f0f337c75633842da,"Room For Exchange For Work Trade childcare, light chores or home",,COMMUNITIES & ADVOCACY,INCONCLUSIVE,Network/TLS/server failures prevented a reliable organization verdict.,https://www.facebook.com/groups/633518910349073 | https://www.facebook.com/groups/633518910349073/,https://www.facebook.com/groups/633518910349073 => INCONCLUSIVE_OFFLINE | https://www.facebook.com/groups/633518910349073/ => INCONCLUSIVE_OFFLINE,,,,,,,50,CONDITIONAL_OR_UNKNOWN,SOURCE_ONLY,dg_7d997fdeb0ba,UNIQUE_OR_UNMERGED,phone_matches_url_numeric_id_quarantined | no_parseable_phone_in_source_or_context | no_parseable_email_in_source_or_context | live_network_not_tested,/mnt/data/master_resource_extract (1).json,499,FINAL RESOURCE LIST.txt,"Description: •	Room For Exchange For Work Trade childcare, light chores or home-office help in exchange for a private room. (facebook.com) https://www.facebook.com/groups/633518910349073/
Benefits: • Eligibility:
Eligibility: • Intake:
Intake: • Source URLs: https://www.facebook.com/groups/633518910349073/",,
9842132d3269580cd5a2,"Bartering Skills for Accommodation (Cave Creek/Carefree & Phoenix) Offers trades like gardening, handyman, pet/child care, etc., for lodging. (Also known as “Swip Swap North Phoenix”",,COMMUNITIES & ADVOCACY,INCONCLUSIVE,Network/TLS/server failures prevented a reliable organization verdict.,https://www.facebook.com/groups/632458750187459 | https://www.facebook.com/groups/632458750187459/,https://www.facebook.com/groups/632458750187459 => INCONCLUSIVE_OFFLINE | https://www.facebook.com/groups/632458750187459/ => INCONCLUSIVE_OFFLINE,,,,,,,50,CONDITIONAL_OR_UNKNOWN,SOURCE_ONLY,dg_d34dbe370b7a,UNIQUE_OR_UNMERGED,phone_matches_url_numeric_id_quarantined | name_looks_compound_or_malformed | no_parseable_phone_in_source_or_context | no_parseable_email_in_source_or_context | live_network_not_tested,/mnt/data/master_resource_extract (1).json,500,FINAL RESOURCE LIST.txt,"Description: •	Bartering Skills for Accommodation (Cave Creek/Carefree & Phoenix) Offers trades like gardening, handyman, pet/child care, etc., for lodging. (Also known as “Swip Swap North Phoenix” – 88 K members.) (facebook.com, facebook.com) https://www.facebook.com/groups/632458750187459/
Benefits: • Eligibility:
Eligibility: • Intake:
Intake: • Source URLs: https://www.facebook.com/groups/632458750187459/",,
dd080366f2987f21edc9,Arizona Barter Group General barter marketplace where housing/work,,HOUSING,INCONCLUSIVE,Network/TLS/server failures prevented a reliable organization verdict.,https://www.facebook.com/groups/1559525917407645 | https://www.facebook.com/groups/1559525917407645/,https://www.facebook.com/groups/1559525917407645 => INCONCLUSIVE_OFFLINE | https://www.facebook.com/groups/1559525917407645/ => INCONCLUSIVE_OFFLINE,,,,,,,50,CONDITIONAL_OR_UNKNOWN,SOURCE_ONLY,dg_406abe289e74,UNIQUE_OR_UNMERGED,phone_matches_url_numeric_id_quarantined | no_parseable_phone_in_source_or_context | no_parseable_email_in_source_or_context | live_network_not_tested,/mnt/data/master_resource_extract (1).json,501,FINAL RESOURCE LIST.txt,"Description: •	Arizona Barter Group General barter marketplace where housing/work-trade posts occasionally appear. (facebook.com) https://www.facebook.com/groups/1559525917407645/
Benefits: • Eligibility:
Eligibility: • Intake:
Intake: • Source URLs: https://www.facebook.com/groups/1559525917407645/",,
aadb2ffb7aa31dc6018a,Phoenix Free and Trade Community for giving away or trading goods/services; sometimes hosts lodging,,COMMUNITIES & ADVOCACY,INCONCLUSIVE,Network/TLS/server failures prevented a reliable organization verdict.,https://www.facebook.com/groups/782021498571144 | https://www.facebook.com/groups/782021498571144/,https://www.facebook.com/groups/782021498571144 => INCONCLUSIVE_OFFLINE | https://www.facebook.com/groups/782021498571144/ => INCONCLUSIVE_OFFLINE,,,,,,,50,CONDITIONAL_OR_UNKNOWN,SOURCE_ONLY,dg_4ad26d81d80f,UNIQUE_OR_UNMERGED,source_phone_unparseable | no_parseable_phone_in_source_or_context | no_parseable_email_in_source_or_context | live_network_not_tested,/mnt/data/master_resource_extract (1).json,502,FINAL RESOURCE LIST.txt,"Description: •	Phoenix Free and Trade Community for giving away or trading goods/services; sometimes hosts lodging-for-work offers. (facebook.com) https://www.facebook.com/groups/782021498571144/
Benefits: • Eligibility:
Eligibility: • Intake:
Intake: • Source URLs: https://www.facebook.com/groups/782021498571144/",,
80a2f66ad4a6c9d0933e,"Phoenix Sale & Trade Primarily buy/sell/trade, but you can find room",,COMMUNITIES & ADVOCACY,INCONCLUSIVE,Network/TLS/server failures prevented a reliable organization verdict.,https://www.facebook.com/groups/137355993055314 | https://www.facebook.com/groups/137355993055314/,https://www.facebook.com/groups/137355993055314 => INCONCLUSIVE_OFFLINE | https://www.facebook.com/groups/137355993055314/ => INCONCLUSIVE_OFFLINE,,,,,,,50,CONDITIONAL_OR_UNKNOWN,SOURCE_ONLY,dg_2aaf21526926,UNIQUE_OR_UNMERGED,phone_matches_url_numeric_id_quarantined | no_parseable_phone_in_source_or_context | no_parseable_email_in_source_or_context | live_network_not_tested,/mnt/data/master_resource_extract (1).json,503,FINAL RESOURCE LIST.txt,"Description: •	Phoenix Sale & Trade Primarily buy/sell/trade, but you can find room-in-exchange-for-help listings here. (facebook.com) https://www.facebook.com/groups/137355993055314/
Benefits: • Eligibility:
Eligibility: • Intake:
Intake: • Source URLs: https://www.facebook.com/groups/137355993055314/",,
3c63ec6c3c1fd3972dcc,WeLoveWorkamping National “work,,GIG/INCOME SOURCES,INCONCLUSIVE,Network/TLS/server failures prevented a reliable organization verdict.,https://www.facebook.com/groups/weloveworkamping | https://www.facebook.com/groups/weloveworkamping/,https://www.facebook.com/groups/weloveworkamping => INCONCLUSIVE_OFFLINE | https://www.facebook.com/groups/weloveworkamping/ => INCONCLUSIVE_OFFLINE,,,,,,,50,CONDITIONAL_OR_UNKNOWN,SOURCE_ONLY,dg_cb2053683b19,UNIQUE_OR_UNMERGED,no_parseable_phone_in_source_or_context | no_parseable_email_in_source_or_context | live_network_not_tested,/mnt/data/master_resource_extract (1).json,504,FINAL RESOURCE LIST.txt,"Description: •	WeLoveWorkamping National “work-amping” group—including Phoenix campground-host, event-staffing, and work-for-stay gigs. (facebook.com) https://www.facebook.com/groups/weloveworkamping/   Global Work-Exchange Platforms
Benefits: • Eligibility:
Eligibility: • Intake:
Intake: • Source URLs: https://www.facebook.com/groups/weloveworkamping/",,
7b7b3389ed47fbba72ca,"Worldpackers Search “work exchange” hosts in Phoenix offering services (e.g., guest; Worldpackers (Phoenix) Hosts list short-term stays in exchange for 4",,COMMUNITIES & ADVOCACY,INCONCLUSIVE,Network/TLS/server failures prevented a reliable organization verdict.,https://www.worldpackers.com/search/north_america/united_states/phoenix,https://www.worldpackers.com/search/north_america/united_states/phoenix => INCONCLUSIVE_OFFLINE,,,,,,,50,CONDITIONAL_OR_UNKNOWN,SOURCE_ONLY,dg_c0bdb99e19b0,UNIQUE_OR_UNMERGED,name_looks_compound_or_malformed | no_parseable_phone_in_source_or_context | no_parseable_email_in_source_or_context | live_network_not_tested,/mnt/data/master_resource_extract (1).json,505,FINAL RESOURCE LIST.txt,"Description: •	Worldpackers Search “work exchange” hosts in Phoenix offering services (e.g., guest-host support) for free lodging. (worldpackers.com) https://www.worldpackers.com/search/north_america/united_states/phoenix   •	Worldpackers (Phoenix) Hosts list short-term stays in exchange for 4–6 hrs/day of work (hostel-style, urban farms, community spaces). 🔗 https://www.worldpackers.com/search/north_america/united_states/phoenix (worldpackers.com)
Benefits: • Eligibility:
Eligibility: • Intake:
Intake: • Source URLs: https://www.worldpackers.com/search/north_america/united_states/phoenix",,
421a5ac128b201521dac,"Workaway Directory of Arizona hosts (farms, homestays, hostels) requesting ~4; Workaway (Arizona) Dozens of AZ hosts—farms, nonprofits, B&Bs—offering room & board for a few hours of daily help. 🔗 https",,COMMUNITIES & ADVOCACY,INCONCLUSIVE,Network/TLS/server failures prevented a reliable organization verdict.,https://www.workaway.info/en/hostlist/northamerica/us | https://www.workaway.info/en/hostlist/northamerica/us?region=arizona,https://www.workaway.info/en/hostlist/northamerica/us => INCONCLUSIVE_OFFLINE | https://www.workaway.info/en/hostlist/northamerica/us?region=arizona => INCONCLUSIVE_OFFLINE,,,,,,,50,CONDITIONAL_OR_UNKNOWN,SOURCE_ONLY,dg_c073ca61bfa9,UNIQUE_OR_UNMERGED,name_looks_compound_or_malformed | no_parseable_phone_in_source_or_context | no_parseable_email_in_source_or_context | live_network_not_tested,/mnt/data/master_resource_extract (1).json,506,FINAL RESOURCE LIST.txt,"Description: •	Workaway Directory of Arizona hosts (farms, homestays, hostels) requesting ~4–5 hrs/day help in exchange for room & board. (workaway.info) https://www.workaway.info/en/hostlist/northamerica/us?region=arizona   •	Workaway (Arizona) Dozens of AZ hosts—farms, nonprofits, B&Bs—offering room & board for a few hours of daily help. 🔗 https://www.workaway.info/en/hostlist/northamerica/us?region=arizona (workaway.info)
Benefits: • Eligibility:
Eligibility: • Intake:
Intake: • Source URLs: https://www.workaway.info/en/hostlist/northamerica/us?region=arizona",,
f8f44ce1a653aa6a3e82,"HelpX Worldwide listings (including AZ) of organic farms, homestays and B&Bs offering accommodation for daily work. (helpx.net) https",,COMMUNITIES & ADVOCACY,INCONCLUSIVE,Network/TLS/server failures prevented a reliable organization verdict.,https://www.helpx.net/,https://www.helpx.net/ => INCONCLUSIVE_OFFLINE,,,,,,,50,CONDITIONAL_OR_UNKNOWN,SOURCE_ONLY,dg_296203800dad,UNIQUE_OR_UNMERGED,no_parseable_phone_in_source_or_context | no_parseable_email_in_source_or_context | live_network_not_tested,/mnt/data/master_resource_extract (1).json,507,FINAL RESOURCE LIST.txt,"Description: •	HelpX Worldwide listings (including AZ) of organic farms, homestays and B&Bs offering accommodation for daily work. (helpx.net) https://www.helpx.net/
Benefits: • Eligibility:
Eligibility: • Intake:
Intake: • Source URLs: https://www.helpx.net/",,
8e7a5a6dbb36783df632,WWOOF USA Network of organic and hobby farms across Arizona hosting volunteers for meals & lodging in exchange for farm work. (wwoofusa.org) https://wwoofusa.org/en/hosts Here’s a deeper dive into active Phoenix,,COMMUNITIES & ADVOCACY,INCONCLUSIVE,Network/TLS/server failures prevented a reliable organization verdict.,https://wwoofusa.org/en/hosts,https://wwoofusa.org/en/hosts => INCONCLUSIVE_OFFLINE,,,,,,,50,CONDITIONAL_OR_UNKNOWN,SOURCE_ONLY,dg_254af1da9c7a,UNIQUE_OR_UNMERGED,name_looks_compound_or_malformed | no_parseable_phone_in_source_or_context | no_parseable_email_in_source_or_context | live_network_not_tested,/mnt/data/master_resource_extract (1).json,508,FINAL RESOURCE LIST.txt,"Description: •	WWOOF USA Network of organic and hobby farms across Arizona hosting volunteers for meals & lodging in exchange for farm work. (wwoofusa.org) https://wwoofusa.org/en/hosts      Here’s a deeper dive into active Phoenix-area communities and platforms where people trade skills or labor for room & board, plus a few supportive forums—each with verified links and recent activity. I’ve focused only on groups not previously listed and ensured no repeats.
Benefits: • Eligibility:
Eligibility: • Intake:
Intake: • Source URLs: https://wwoofusa.org/en/hosts",,
9664986a92150b12194a,Facebook Work,,HOUSING,INSUFFICIENT_SOURCE_DATA,"No usable website, phone, or email was present or discovered.",,,,,,,,,50,CONDITIONAL_OR_UNKNOWN,SOURCE_ONLY,dg_21972876ebeb,UNIQUE_OR_UNMERGED,no_website_in_source_or_context | no_parseable_phone_in_source_or_context | no_parseable_email_in_source_or_context,/mnt/data/master_resource_extract (1).json,509,FINAL RESOURCE LIST.txt,"Description: 1. Facebook Work-for-Housing & Cohousing Groups
Benefits: • Eligibility:
Eligibility: • Intake:
Intake: • Source URLs:",,
cd8ca995447ca493e67a,What Work,,HOUSING,INSUFFICIENT_SOURCE_DATA,"No usable website, phone, or email was present or discovered.",,,,,,,,,50,CONDITIONAL_OR_UNKNOWN,SOURCE_ONLY,dg_6ffa20f2546f,UNIQUE_OR_UNMERGED,no_website_in_source_or_context | no_parseable_phone_in_source_or_context | no_parseable_email_in_source_or_context,/mnt/data/master_resource_extract (1).json,510,FINAL RESOURCE LIST.txt,"Description: •	What Work-in-Exchange-For-Housing Opportunities Are … A dedicated Phoenix group where members post “I’ll housekeep/yard-work for a room” offers and vice versa.
Benefits: • Eligibility:
Eligibility: • Intake:
Intake: • Source URLs:",,
632d13c273b1eae38391,3 000 members; posts within the last month (facebook.com) 🔗 https,,COMMUNITIES & ADVOCACY,INCONCLUSIVE,Network/TLS/server failures prevented a reliable organization verdict.,https://www.facebook.com/groups/319909327445952 | https://www.facebook.com/groups/319909327445952/,https://www.facebook.com/groups/319909327445952 => INCONCLUSIVE_OFFLINE | https://www.facebook.com/groups/319909327445952/ => INCONCLUSIVE_OFFLINE,,,,,,,50,CONDITIONAL_OR_UNKNOWN,SOURCE_ONLY,dg_26796b0f6d54,UNIQUE_OR_UNMERGED,phone_matches_url_numeric_id_quarantined | no_parseable_phone_in_source_or_context | no_parseable_email_in_source_or_context | live_network_not_tested,/mnt/data/master_resource_extract (1).json,511,FINAL RESOURCE LIST.txt,"Description: • 3 000 members; posts within the last month (facebook.com) 🔗 https://www.facebook.com/groups/319909327445952/
Benefits: • Eligibility:
Eligibility: • Intake:
Intake: • Source URLs: https://www.facebook.com/groups/319909327445952/",,
657dde77b1753ebb6e0e,East Valley Cohousing Meets once a month to build intentional communities; many cohousing projects ask for agreed,,HOUSING,INSUFFICIENT_SOURCE_DATA,"No usable website, phone, or email was present or discovered.",,,,,,,,,50,CONDITIONAL_OR_UNKNOWN,SOURCE_ONLY,dg_de05c99f24e1,UNIQUE_OR_UNMERGED,no_website_in_source_or_context | no_parseable_phone_in_source_or_context | no_parseable_email_in_source_or_context,/mnt/data/master_resource_extract (1).json,512,FINAL RESOURCE LIST.txt,"Description: •	East Valley Cohousing Meets once a month to build intentional communities; many cohousing projects ask for agreed-upon work contributions in exchange for lower cost living.
Benefits: • Eligibility:
Eligibility: • Intake:
Intake: • Source URLs:",,
394d4360e6032586e3db,~1 500 members; active discussions this week (facebook.com) 🔗 https,,COMMUNITIES & ADVOCACY,INCONCLUSIVE,Network/TLS/server failures prevented a reliable organization verdict.,https://www.facebook.com/groups/414411639116863 | https://www.facebook.com/groups/414411639116863/,https://www.facebook.com/groups/414411639116863 => INCONCLUSIVE_OFFLINE | https://www.facebook.com/groups/414411639116863/ => INCONCLUSIVE_OFFLINE,,,,,,,50,CONDITIONAL_OR_UNKNOWN,SOURCE_ONLY,dg_b4eecef8435a,UNIQUE_OR_UNMERGED,phone_matches_url_numeric_id_quarantined | no_parseable_phone_in_source_or_context | no_parseable_email_in_source_or_context | live_network_not_tested,/mnt/data/master_resource_extract (1).json,513,FINAL RESOURCE LIST.txt,"Description: • ~1 500 members; active discussions this week (facebook.com) 🔗 https://www.facebook.com/groups/414411639116863/
Benefits: • Eligibility:
Eligibility: • Intake:
Intake: • Source URLs: https://www.facebook.com/groups/414411639116863/",,
95789a7eec56cd3abd3d,Phoenix Arizona Cohousing Grassroots group planning clustered homes with shared chores and community meals—ideal for trading labor for housing.,,HOUSING,INSUFFICIENT_SOURCE_DATA,"No usable website, phone, or email was present or discovered.",,,,,,,,,50,CONDITIONAL_OR_UNKNOWN,SOURCE_ONLY,dg_8e42fc7b9fb0,UNIQUE_OR_UNMERGED,name_looks_compound_or_malformed | no_website_in_source_or_context | no_parseable_phone_in_source_or_context | no_parseable_email_in_source_or_context,/mnt/data/master_resource_extract (1).json,514,FINAL RESOURCE LIST.txt,"Description: •	Phoenix Arizona Cohousing Grassroots group planning clustered homes with shared chores and community meals—ideal for trading labor for housing.
Benefits: • Eligibility:
Eligibility: • Intake:
Intake: • Source URLs:",,
a33d4162734ec3729b9a,"Phoenix Rooms For Rent While general “rooms & shares,” many listings specify “work trade acceptable” or “help around the house for reduced rent.”",,HOUSING,INSUFFICIENT_SOURCE_DATA,"No usable website, phone, or email was present or discovered.",,,,,,,,,50,CONDITIONAL_OR_UNKNOWN,SOURCE_ONLY,dg_693b00ea2b73,UNIQUE_OR_UNMERGED,name_looks_compound_or_malformed | no_website_in_source_or_context | no_parseable_phone_in_source_or_context | no_parseable_email_in_source_or_context,/mnt/data/master_resource_extract (1).json,515,FINAL RESOURCE LIST.txt,"Description: •	Phoenix Rooms For Rent While general “rooms & shares,” many listings specify “work trade acceptable” or “help around the house for reduced rent.”
Benefits: • Eligibility:
Eligibility: • Intake:
Intake: • Source URLs:",,
edefb50a034f61f3c88c,~12 000 members; new posts daily (facebook.com) 🔗 https,,COMMUNITIES & ADVOCACY,INCONCLUSIVE,Network/TLS/server failures prevented a reliable organization verdict.,https://www.facebook.com/groups/995596200484616 | https://www.facebook.com/groups/995596200484616/,https://www.facebook.com/groups/995596200484616 => INCONCLUSIVE_OFFLINE | https://www.facebook.com/groups/995596200484616/ => INCONCLUSIVE_OFFLINE,,,,,,,50,CONDITIONAL_OR_UNKNOWN,SOURCE_ONLY,dg_0eb532fe616f,UNIQUE_OR_UNMERGED,phone_matches_url_numeric_id_quarantined | no_parseable_phone_in_source_or_context | no_parseable_email_in_source_or_context | live_network_not_tested,/mnt/data/master_resource_extract (1).json,516,FINAL RESOURCE LIST.txt,"Description: • ~12 000 members; new posts daily (facebook.com) 🔗 https://www.facebook.com/groups/995596200484616/
Benefits: • Eligibility:
Eligibility: • Intake:
Intake: • Source URLs: https://www.facebook.com/groups/995596200484616/",,
0856de15bc301c6780dd,Discord Communities for Van,,COMMUNITIES & ADVOCACY,INSUFFICIENT_SOURCE_DATA,"No usable website, phone, or email was present or discovered.",,,,,,,,,50,CONDITIONAL_OR_UNKNOWN,SOURCE_ONLY,dg_98869e912920,UNIQUE_OR_UNMERGED,no_website_in_source_or_context | no_parseable_phone_in_source_or_context | no_parseable_email_in_source_or_context,/mnt/data/master_resource_extract (1).json,517,FINAL RESOURCE LIST.txt,"Description: 2. Discord Communities for Van-Life & Nomads
Benefits: • Eligibility:
Eligibility: • Intake:
Intake: • Source URLs:",,
3758a95736713bc50504,#VanLife Community Global van,,TRANSPORTATION,INCONCLUSIVE,Network/TLS/server failures prevented a reliable organization verdict.,https://discord.com/invite/vanlife-community-559847675714076692,https://discord.com/invite/vanlife-community-559847675714076692 => INCONCLUSIVE_OFFLINE,,,,,,,50,CONDITIONAL_OR_UNKNOWN,SOURCE_ONLY,dg_4031f84db078,UNIQUE_OR_UNMERGED,phone_matches_url_numeric_id_quarantined | no_parseable_phone_in_source_or_context | no_parseable_email_in_source_or_context | live_network_not_tested,/mnt/data/master_resource_extract (1).json,518,FINAL RESOURCE LIST.txt,"Description: •	#VanLife Community Global van-dweller Discord (1 598 members) with Phoenix-area channels—regular “work for park/ride” threads. 🔗 https://discord.com/invite/vanlife-community-559847675714076692 (discord.com)
Benefits: • Eligibility:
Eligibility: • Intake:
Intake: • Source URLs: https://discord.com/invite/vanlife-community-559847675714076692",,
4d21d5551273dd5bcc4a,Vehicle Life Discord Another active van,,COMMUNITIES & ADVOCACY,INCONCLUSIVE,Network/TLS/server failures prevented a reliable organization verdict.,https://discord.com/invite/kJ9HG9Ru,https://discord.com/invite/kJ9HG9Ru => INCONCLUSIVE_OFFLINE,,,,,,,50,CONDITIONAL_OR_UNKNOWN,SOURCE_ONLY,dg_af37f6ffd78f,UNIQUE_OR_UNMERGED,no_parseable_phone_in_source_or_context | no_parseable_email_in_source_or_context | live_network_not_tested,/mnt/data/master_resource_extract (1).json,519,FINAL RESOURCE LIST.txt,"Description: •	Vehicle Life Discord Another active van-life server (1 200+ members) covering “help needed” posts for free parking/lodging in exchange for chores. 🔗 https://discord.com/invite/kJ9HG9Ru (reddit.com)
Benefits: • Eligibility:
Eligibility: • Intake:
Intake: • Source URLs: https://discord.com/invite/kJ9HG9Ru",,
c3947f5dc1d9890df3cd,The Nomad Network Broad nomad community (2 934 members); channels include USA van,,COMMUNITIES & ADVOCACY,INCONCLUSIVE,Network/TLS/server failures prevented a reliable organization verdict.,https://discord.com/invite/zAKPG5dyRy,https://discord.com/invite/zAKPG5dyRy => INCONCLUSIVE_OFFLINE,,,,,,,50,CONDITIONAL_OR_UNKNOWN,SOURCE_ONLY,dg_a5bb9e528b5c,UNIQUE_OR_UNMERGED,no_parseable_phone_in_source_or_context | no_parseable_email_in_source_or_context | live_network_not_tested,/mnt/data/master_resource_extract (1).json,520,FINAL RESOURCE LIST.txt,"Description: •	The Nomad Network Broad nomad community (2 934 members); channels include USA van-life, barter, and Phoenix-specific advice. 🔗 https://discord.com/invite/zAKPG5dyRy (discord.com)
Benefits: • Eligibility:
Eligibility: • Intake:
Intake: • Source URLs: https://discord.com/invite/zAKPG5dyRy",,
d88285a5a550f429c36f,Global Work,,COMMUNITIES & ADVOCACY,INSUFFICIENT_SOURCE_DATA,"No usable website, phone, or email was present or discovered.",,,,,,,,,50,CONDITIONAL_OR_UNKNOWN,SOURCE_ONLY,dg_a23e5415e095,UNIQUE_OR_UNMERGED,no_website_in_source_or_context | no_parseable_phone_in_source_or_context | no_parseable_email_in_source_or_context,/mnt/data/master_resource_extract (1).json,521,FINAL RESOURCE LIST.txt,"Description: 3. Global Work-Exchange Platforms
Benefits: • Eligibility:
Eligibility: • Intake:
Intake: • Source URLs:",,
607553cfce9395fa39c0,TrustedHousesitters (Phoenix) Home,,COMMUNITIES & ADVOCACY,INCONCLUSIVE,Network/TLS/server failures prevented a reliable organization verdict.,https://www.trustedhousesitters.com/,https://www.trustedhousesitters.com/ => INCONCLUSIVE_OFFLINE,,,,,,,50,CONDITIONAL_OR_UNKNOWN,SOURCE_ONLY,dg_31b97e410796,UNIQUE_OR_UNMERGED,no_parseable_phone_in_source_or_context | no_parseable_email_in_source_or_context | live_network_not_tested,/mnt/data/master_resource_extract (1).json,522,FINAL RESOURCE LIST.txt,"Description: •	TrustedHousesitters (Phoenix) Home-and-pet sitting platform: free lodging in exchange for daily pet care and home checks. 🔗 https://www.trustedhousesitters.com/
Benefits: • Eligibility:
Eligibility: • Intake:
Intake: • Source URLs: https://www.trustedhousesitters.com/",,
e523ed982b50bf929dca,Reddit Forums,,COMMUNITIES & ADVOCACY,INSUFFICIENT_SOURCE_DATA,"No usable website, phone, or email was present or discovered.",,,,,,,,,50,CONDITIONAL_OR_UNKNOWN,SOURCE_ONLY,dg_b9ca2e5ff52a,UNIQUE_OR_UNMERGED,no_website_in_source_or_context | no_parseable_phone_in_source_or_context | no_parseable_email_in_source_or_context,/mnt/data/master_resource_extract (1).json,523,FINAL RESOURCE LIST.txt,"Description: 4. Reddit Forums
Benefits: • Eligibility:
Eligibility: • Intake:
Intake: • Source URLs:",,
bded320337048a47e646,"r/almosthomeless Active Phoenix threads (disabled vets, single parents) discussing real",,HOUSING,INCONCLUSIVE,Network/TLS/server failures prevented a reliable organization verdict.,https://www.reddit.com/r/almosthomeless | https://www.reddit.com/r/almosthomeless/,https://www.reddit.com/r/almosthomeless => INCONCLUSIVE_OFFLINE | https://www.reddit.com/r/almosthomeless/ => INCONCLUSIVE_OFFLINE,,,,,,,50,CONDITIONAL_OR_UNKNOWN,SOURCE_ONLY,dg_48ec28570432,UNIQUE_OR_UNMERGED,no_parseable_phone_in_source_or_context | no_parseable_email_in_source_or_context | live_network_not_tested,/mnt/data/master_resource_extract (1).json,524,FINAL RESOURCE LIST.txt,"Description: •	r/almosthomeless Active Phoenix threads (disabled vets, single parents) discussing real-time work-trade hacks (e.g., state-park volunteer housing). 🔗 https://www.reddit.com/r/almosthomeless/ (reddit.com)
Benefits: • Eligibility:
Eligibility: • Intake:
Intake: • Source URLs: https://www.reddit.com/r/almosthomeless/",,
9c8b59d7892c00bbc14b,r/VanLife & r/vandwellers Search “Phoenix” in these subreddits for posts on trades,,COMMUNITIES & ADVOCACY,INCONCLUSIVE,Network/TLS/server failures prevented a reliable organization verdict.,https://www.reddit.com/r/VanLife/ | https://www.reddit.com/r/vandwellers | https://www.reddit.com/r/vandwellers/,https://www.reddit.com/r/VanLife/ => INCONCLUSIVE_OFFLINE | https://www.reddit.com/r/vandwellers => INCONCLUSIVE_OFFLINE | https://www.reddit.com/r/vandwellers/ => INCONCLUSIVE_OFFLINE,,,,,,,50,CONDITIONAL_OR_UNKNOWN,SOURCE_ONLY,dg_c6a63a101fe5,UNIQUE_OR_UNMERGED,no_parseable_phone_in_source_or_context | no_parseable_email_in_source_or_context | live_network_not_tested,/mnt/data/master_resource_extract (1).json,525,FINAL RESOURCE LIST.txt,"Description: •	r/VanLife & r/vandwellers Search “Phoenix” in these subreddits for posts on trades: “I’ll clean your RV site for a week of parking.” 🔗 https://www.reddit.com/r/VanLife/ (reddit.com) 🔗 https://www.reddit.com/r/vandwellers/      How to Leverage These Communities
Benefits: • Eligibility:
Eligibility: • Intake:
Intake: • Source URLs: https://www.reddit.com/r/VanLife/; https://www.reddit.com/r/vandwellers/",,
ed6bc86f3de95b98e1ec,Join & Introduce Yourself,,COMMUNITIES & ADVOCACY,INSUFFICIENT_SOURCE_DATA,"No usable website, phone, or email was present or discovered.",,,,,,,,,50,CONDITIONAL_OR_UNKNOWN,SOURCE_ONLY,dg_9a607930d504,UNIQUE_OR_UNMERGED,no_website_in_source_or_context | no_parseable_phone_in_source_or_context | no_parseable_email_in_source_or_context,/mnt/data/master_resource_extract (1).json,526,FINAL RESOURCE LIST.txt,"Description: 1.	Join & Introduce Yourself: Briefly explain your situation, skills you offer, and what you need.
Benefits: • Eligibility:
Eligibility: • Intake:
Intake: • Source URLs:",,
681701ce7d510368b156,Monitor “For Hire” Channels,,GIG/INCOME SOURCES,INSUFFICIENT_SOURCE_DATA,"No usable website, phone, or email was present or discovered.",,,,,,,,,50,CONDITIONAL_OR_UNKNOWN,SOURCE_ONLY,dg_24fbe2290d42,UNIQUE_OR_UNMERGED,no_website_in_source_or_context | no_parseable_phone_in_source_or_context | no_parseable_email_in_source_or_context,/mnt/data/master_resource_extract (1).json,527,FINAL RESOURCE LIST.txt,"Description: 2.	Monitor “For Hire” Channels: Many Discord servers have dedicated “gigs” or “trade” channels.
Benefits: • Eligibility:
Eligibility: • Intake:
Intake: • Source URLs:",,
aa185815cfe21d2651ae,Set Alerts,,COMMUNITIES & ADVOCACY,INSUFFICIENT_SOURCE_DATA,"No usable website, phone, or email was present or discovered.",,,,,,,,,50,CONDITIONAL_OR_UNKNOWN,SOURCE_ONLY,dg_e91fdce71008,UNIQUE_OR_UNMERGED,no_website_in_source_or_context | no_parseable_phone_in_source_or_context | no_parseable_email_in_source_or_context,/mnt/data/master_resource_extract (1).json,528,FINAL RESOURCE LIST.txt,"Description: 3.	Set Alerts: On Facebook groups, turn on notifications for keywords like “work trade,” “room in exchange,” or “volunteer”.
Benefits: • Eligibility:
Eligibility: • Intake:
Intake: • Source URLs:",,
58cbab3ae7daba3642ec,Be Ready to Act: Have references or a simple “work‐for‐room” résumé ready (list past volunteer or handyman tasks). Here’s a curated list of platforms—both general-purpose and AI/no-code,,GIG/INCOME SOURCES,INSUFFICIENT_SOURCE_DATA,"No usable website, phone, or email was present or discovered.",,,,,,,,,50,CONDITIONAL_OR_UNKNOWN,SOURCE_ONLY,dg_cc8543dd6acf,UNIQUE_OR_UNMERGED,name_looks_compound_or_malformed | no_website_in_source_or_context | no_parseable_phone_in_source_or_context | no_parseable_email_in_source_or_context,/mnt/data/master_resource_extract (1).json,529,FINAL RESOURCE LIST.txt,"Description: 4.	Be Ready to Act: Have references or a simple “work‐for‐room” résumé ready (list past volunteer or handyman tasks).      Here’s a curated list of platforms—both general-purpose and AI/no-code–focused—where you can A) list your services (often for free) or B) find and filter gigs. All let you reach clients without high overhead, and many have dedicated AI/no-code channels.
Benefits: • Eligibility:
Eligibility: • Intake:
Intake: • Source URLs:",,
7250f0c772d90d150999,"General Freelance Marketplaces Platform What You Can Do Fee / Listing Link Fiverr Create “gig” packages starting at $5; great for no-code tools (Zapier, Bubble, Airtable). Free to list; 20% commission on sales https://www.fiverr.com/ Upwork Bid on posted jobs; set your own rate. Strong AI/data-entry/no-code demand. 20% ↘ 10% ↘ 5% sliding scale https://www.upwork.com/ Freelancer Browse “contest” or “project” listings; free membership tier. 10% or $5 (whichever higher) https://www.freelancer.com/ PeoplePerHour Hourlie offers (preset packages) or custom proposals. 20% ↘ 3.5% with volume https://www.peopleperhour.com/ Guru “Work rooms” for managing projects; safe-pay escrow. 9% fee https://www.guru.com/ Toptal Premium network for developers/designers—AI developers included. Vetted; 10",,GIG/INCOME SOURCES,INCONCLUSIVE,Network/TLS/server failures prevented a reliable organization verdict.,https://www.fiverr.com/ | https://www.upwork.com/ | https://www.freelancer.com/ | https://www.peopleperhour.com/ | https://www.guru.com/ | https://www.toptal.com/,https://www.fiverr.com/ => INCONCLUSIVE_OFFLINE | https://www.upwork.com/ => INCONCLUSIVE_OFFLINE | https://www.freelancer.com/ => INCONCLUSIVE_OFFLINE | https://www.peopleperhour.com/ => INCONCLUSIVE_OFFLINE | https://www.guru.com/ => INCONCLUSIVE_OFFLINE | https://www.toptal.com/ => INCONCLUSIVE_OFFLINE,,,,,,,50,CONDITIONAL_OR_UNKNOWN,SOURCE_ONLY,dg_e868db60823d,UNIQUE_OR_UNMERGED,name_looks_compound_or_malformed | multiple_domains_compound_record | no_parseable_phone_in_source_or_context | no_parseable_email_in_source_or_context | live_network_not_tested,/mnt/data/master_resource_extract (1).json,530,FINAL RESOURCE LIST.txt,"Description: 1. General Freelance Marketplaces Platform	What You Can Do	Fee / Listing	Link Fiverr	Create “gig” packages starting at $5; great for no-code tools (Zapier, Bubble, Airtable).	Free to list; 20% commission on sales	https://www.fiverr.com/ Upwork	Bid on posted jobs; set your own rate. Strong AI/data-entry/no-code demand.	20% ↘ 10% ↘ 5% sliding scale	https://www.upwork.com/ Freelancer	Browse “contest” or “project” listings; free membership tier.	10% or $5 (whichever higher)	https://www.freelancer.com/ PeoplePerHour	Hourlie offers (preset packages) or custom proposals.	20% ↘ 3.5% with volume	https://www.peopleperhour.com/ Guru	“Work rooms” for managing projects; safe-pay escrow.	9% fee	https://www.guru.com/ Toptal	Premium network for developers/designers—AI developers included.	Vetted; 10–30% commission	https://www.toptal.com/
Benefits: • Eligibility:
Eligibility: • Intake:
Intake: • Source URLs: https://www.fiverr.com/; https://www.upwork.com/; https://www.freelancer.com/; https://www.peopleperhour.com/; https://www.guru.com/; https://www.toptal.com/",,
240c3c783c2709e75b65,"Gig & Micro-Task Sites Platform What You Can Do Fee / Listing Link Craigslist Gigs Post “will code for food” style ads or browse local “gigs.” Free https://phoenix.craigslist.org/d/gigs/search/ggg TaskRabbit In-person odd jobs (e.g., setting up smart home, device installs). 15% service fee https://www.taskrabbit.com/ Microworkers Small micro-tasks (data labeling, simple automations). $0.01",,GIG/INCOME SOURCES,INCONCLUSIVE,Network/TLS/server failures prevented a reliable organization verdict.,https://phoenix.craigslist.org/d/gigs/search/ggg | https://www.taskrabbit.com/ | https://www.microworkers.com/ | https://www.mturk.com/,https://phoenix.craigslist.org/d/gigs/search/ggg => INCONCLUSIVE_OFFLINE | https://www.taskrabbit.com/ => INCONCLUSIVE_OFFLINE | https://www.microworkers.com/ => INCONCLUSIVE_OFFLINE | https://www.mturk.com/ => INCONCLUSIVE_OFFLINE,,,,,,,50,CONDITIONAL_OR_UNKNOWN,SOURCE_ONLY,dg_54db1293ba8e,UNIQUE_OR_UNMERGED,name_looks_compound_or_malformed | multiple_domains_compound_record | no_parseable_phone_in_source_or_context | no_parseable_email_in_source_or_context | live_network_not_tested,/mnt/data/master_resource_extract (1).json,531,FINAL RESOURCE LIST.txt,"Description: 2. Gig & Micro-Task Sites Platform	What You Can Do	Fee / Listing	Link Craigslist Gigs	Post “will code for food” style ads or browse local “gigs.”	Free	https://phoenix.craigslist.org/d/gigs/search/ggg TaskRabbit	In-person odd jobs (e.g., setting up smart home, device installs).	15% service fee	https://www.taskrabbit.com/ Microworkers	Small micro-tasks (data labeling, simple automations).	$0.01–$5 per task	https://www.microworkers.com/ Amazon Mechanical Turk	Human-labeling tasks, transcription—good for quick AI-training gigs.	Platform fee varies	https://www.mturk.com/
Benefits: • Eligibility:
Eligibility: • Intake:
Intake: • Source URLs: https://phoenix.craigslist.org/d/gigs/search/ggg; https://www.taskrabbit.com/; https://www.microworkers.com/; https://www.mturk.com/",,
969da0ea61c43cd2c44f,AI & No-Code,,GIG/INCOME SOURCES,INCONCLUSIVE,Network/TLS/server failures prevented a reliable organization verdict.,https://nocodedevs.com/marketplace | https://jobs.makerpad.co/ | https://worksome.com/ | https://codemap.io/ | https://www.kolabtree.com/ | https://aijobs.net/,https://nocodedevs.com/marketplace => INCONCLUSIVE_OFFLINE | https://jobs.makerpad.co/ => INCONCLUSIVE_OFFLINE | https://worksome.com/ => INCONCLUSIVE_OFFLINE | https://codemap.io/ => INCONCLUSIVE_OFFLINE | https://www.kolabtree.com/ => INCONCLUSIVE_OFFLINE | https://aijobs.net/ => INCONCLUSIVE_OFFLINE,,,,,,,50,CONDITIONAL_OR_UNKNOWN,SOURCE_ONLY,dg_e71c6c5fb25f,UNIQUE_OR_UNMERGED,multiple_domains_compound_record | no_parseable_phone_in_source_or_context | no_parseable_email_in_source_or_context | live_network_not_tested,/mnt/data/master_resource_extract (1).json,532,FINAL RESOURCE LIST.txt,"Description: 3. AI & No-Code–Focused Marketplaces Platform	What You Can Do	Fee / Listing	Link NoCodeDevs Marketplace	Buy/sell no-code templates (Bubble, Webflow) and services.	Free listing; 10% commission	https://nocodedevs.com/marketplace Makerpad Job Board	Premium; members post and find gigs around Airtable, Zapier, Bubble.	Free to apply; membership required to post	https://jobs.makerpad.co/ Worksome	Fast-track for tech & AI-adjacent freelancing, including no-code.	Free sign-up; service fee on earnings	https://worksome.com/ Codemap	Specialized in Web3 & no-code block-chain dApp builds.	Free to join; platform fee	https://codemap.io/ Kolabtree	Science/AI freelancing (data analysis, ML prototyping).	10–20% commission	https://www.kolabtree.com/ AIJobsNet	Job board for AI/ML roles—some freelance, remote-first.	Free to browse; paid employer posts	https://aijobs.net/
Benefits: • Eligibility:
Eligibility: • Intake:
Intake: • Source URLs: https://nocodedevs.com/marketplace; https://jobs.makerpad.co/; https://worksome.com/; https://codemap.io/; https://www.kolabtree.com/; https://aijobs.net/",,
2355e8d625a01e6e99ad,Remote,,GIG/INCOME SOURCES,INCONCLUSIVE,Network/TLS/server failures prevented a reliable organization verdict.,https://angel.co/ | https://weworkremotely.com/ | https://remotive.io/ | https://remoteok.com/,https://angel.co/ => INCONCLUSIVE_OFFLINE | https://weworkremotely.com/ => INCONCLUSIVE_OFFLINE | https://remotive.io/ => INCONCLUSIVE_OFFLINE | https://remoteok.com/ => INCONCLUSIVE_OFFLINE,,,,,,,50,CONDITIONAL_OR_UNKNOWN,SOURCE_ONLY,dg_938683b5f945,UNIQUE_OR_UNMERGED,multiple_domains_compound_record | no_parseable_phone_in_source_or_context | no_parseable_email_in_source_or_context | live_network_not_tested,/mnt/data/master_resource_extract (1).json,533,FINAL RESOURCE LIST.txt,"Description: 4. Remote-First & Startup-Focused Boards Platform	What You Can Do	Fee / Listing	Link AngelList / Wellfound	Apply for startup-funded freelance/contract gigs in AI & no-code.	Free	https://angel.co/ We Work Remotely	Remote-only jobs—including contract work on AI tools & automations.	Free to browse; employer fee	https://weworkremotely.com/ Remotive	Curated remote jobs newsletter & board—tech, AI, no-code roles.	Free	https://remotive.io/ Remote OK	Filters for “freelance,” “contract,” “no-code,” and “AI.”	Free	https://remoteok.com/
Benefits: • Eligibility:
Eligibility: • Intake:
Intake: • Source URLs: https://angel.co/; https://weworkremotely.com/; https://remotive.io/; https://remoteok.com/",,
bbceb4fc21dcfb2375f2,Community & Slack/Discord Channels Community Focus Access Link #nocode (Makerpad Discord) Real,,GIG/INCOME SOURCES,INCONCLUSIVE,Network/TLS/server failures prevented a reliable organization verdict.,https://discord.gg/9hY5qB | https://discord.gg/ai-freelance | https://webflow.com/experts | https://forum.bubble.io/c/jobs/11,https://discord.gg/9hY5qB => INCONCLUSIVE_OFFLINE | https://discord.gg/ai-freelance => INCONCLUSIVE_OFFLINE | https://webflow.com/experts => INCONCLUSIVE_OFFLINE | https://forum.bubble.io/c/jobs/11 => INCONCLUSIVE_OFFLINE,,,,,,,50,CONDITIONAL_OR_UNKNOWN,SOURCE_ONLY,dg_058893681f47,UNIQUE_OR_UNMERGED,name_looks_compound_or_malformed | multiple_domains_compound_record | no_parseable_phone_in_source_or_context | no_parseable_email_in_source_or_context | live_network_not_tested,/mnt/data/master_resource_extract (1).json,534,FINAL RESOURCE LIST.txt,"Description: 5. Community & Slack/Discord Channels Community	Focus	Access Link #nocode (Makerpad Discord)	Real-time gig swaps, collaboration on no-code projects.	https://discord.gg/9hY5qB AI Freelance (Discord)	AI-tool automation gigs, prompt engineering workshares.	https://discord.gg/ai-freelance Webflow Experts (Slack)	Clients post Webflow/UI jobs; no listing fees.	https://webflow.com/experts Bubble Forum Jobs	Bubble project owners post paid gigs and co-builds.	https://forum.bubble.io/c/jobs/11   Tips for Getting Started
Benefits: • Eligibility:
Eligibility: • Intake:
Intake: • Source URLs: https://discord.gg/9hY5qB; https://discord.gg/ai-freelance; https://webflow.com/experts; https://forum.bubble.io/c/jobs/11",,
83e5e71de289f12fae53,Cross,,COMMUNITIES & ADVOCACY,INSUFFICIENT_SOURCE_DATA,"No usable website, phone, or email was present or discovered.",,,,,,,,,50,CONDITIONAL_OR_UNKNOWN,SOURCE_ONLY,dg_0a42d568e57c,UNIQUE_OR_UNMERGED,no_website_in_source_or_context | no_parseable_phone_in_source_or_context | no_parseable_email_in_source_or_context,/mnt/data/master_resource_extract (1).json,535,FINAL RESOURCE LIST.txt,"Description: 1.	Cross-post Smartly: List a streamlined service on Fiverr, then link to your Upwork/PeoplePerHour profile for larger projects.
Benefits: • Eligibility:
Eligibility: • Intake:
Intake: • Source URLs:",,
b43eebb766cebe5b4d9b,Optimize Your Profile: Highlight AI/no,,GIG/INCOME SOURCES,INSUFFICIENT_SOURCE_DATA,"No usable website, phone, or email was present or discovered.",,,,,,,,,50,CONDITIONAL_OR_UNKNOWN,SOURCE_ONLY,dg_481bb3cb2dc2,UNIQUE_OR_UNMERGED,no_website_in_source_or_context | no_parseable_phone_in_source_or_context | no_parseable_email_in_source_or_context,/mnt/data/master_resource_extract (1).json,536,FINAL RESOURCE LIST.txt,"Description: 2.	Optimize Your Profile: Highlight AI/no-code tools (e.g. “Zapier certified,” “Bubble freelancer”).
Benefits: • Eligibility:
Eligibility: • Intake:
Intake: • Source URLs:",,
965bb227264afc2e2001,"Use Filters & Alerts: On platforms like Remote OK and AngelList, set alerts for “contract,” “no",,COMMUNITIES & ADVOCACY,INSUFFICIENT_SOURCE_DATA,"No usable website, phone, or email was present or discovered.",,,,,,,,,50,CONDITIONAL_OR_UNKNOWN,SOURCE_ONLY,dg_54a2f2f58b80,UNIQUE_OR_UNMERGED,no_website_in_source_or_context | no_parseable_phone_in_source_or_context | no_parseable_email_in_source_or_context,/mnt/data/master_resource_extract (1).json,537,FINAL RESOURCE LIST.txt,"Description: 3.	Use Filters & Alerts: On platforms like Remote OK and AngelList, set alerts for “contract,” “no-code,” or “prompt engineering.”
Benefits: • Eligibility:
Eligibility: • Intake:
Intake: • Source URLs:",,
c0bf2579815d488f248c,Leverage Community: Join Makerpad or Bubble Discord; often the fastest way to snag an under-the-radar gig. Pick 2,,GIG/INCOME SOURCES,INSUFFICIENT_SOURCE_DATA,"No usable website, phone, or email was present or discovered.",,,,,,,,,50,CONDITIONAL_OR_UNKNOWN,SOURCE_ONLY,dg_3670b4180a4e,UNIQUE_OR_UNMERGED,no_website_in_source_or_context | no_parseable_phone_in_source_or_context | no_parseable_email_in_source_or_context,/mnt/data/master_resource_extract (1).json,538,FINAL RESOURCE LIST.txt,"Description: 4.	Leverage Community: Join Makerpad or Bubble Discord; often the fastest way to snag an under-the-radar gig.   Pick 2–3 that fit your budget and skillset, set up your profiles, and start applying today!
Benefits: • Eligibility:
Eligibility: • Intake:
Intake: • Source URLs:",,
6e3cc2687eb05d7a8cbf,Santa Clara County Bar Association Lawyer,,CIVIL_RIGHTS_LEGAL_REFERRAL_TOTAL,INSUFFICIENT_SOURCE_DATA,"No usable website, phone, or email was present or discovered.",,,,,,,,,50,CONDITIONAL_OR_UNKNOWN,SOURCE_ONLY,dg_8f2168d4046e,UNIQUE_OR_UNMERGED,no_website_in_source_or_context | no_parseable_phone_in_source_or_context | no_parseable_email_in_source_or_context,/mnt/data/master_resource_extract (1).json,540,Help List Total copy.txt,"9. Santa Clara County Bar Association Lawyer
Referral Service",,
e13ef772f88771df9d1b,DOJ Civil Rights Division Report a,,CIVIL_RIGHTS_LEGAL_REFERRAL_TOTAL,INSUFFICIENT_SOURCE_DATA,"No usable website, phone, or email was present or discovered.",,,,,,,,,50,CONDITIONAL_OR_UNKNOWN,SOURCE_ONLY,dg_980fd87615ac,UNIQUE_OR_UNMERGED,no_website_in_source_or_context | no_parseable_phone_in_source_or_context | no_parseable_email_in_source_or_context,/mnt/data/master_resource_extract (1).json,541,Help List Total copy.txt,"10. DOJ Civil Rights Division Report a
Violation (not counsel)",,
358bac3dd3d4a65db9ce,Housing,,FATHERHOOD_DIRECTORY,INSUFFICIENT_SOURCE_DATA,"No usable website, phone, or email was present or discovered.",,,,,,,,,50,CONDITIONAL_OR_UNKNOWN,SOURCE_ONLY,dg_12d1a0d1b6e6,UNIQUE_OR_UNMERGED,no_website_in_source_or_context | no_parseable_phone_in_source_or_context | no_parseable_email_in_source_or_context,/mnt/data/master_resource_extract (1).json,543,Help List Total copy.txt,• Housing,,
f8a6886c300704a62c05,Food/Early Childhood,,FATHERHOOD_DIRECTORY,INSUFFICIENT_SOURCE_DATA,"No usable website, phone, or email was present or discovered.",,,,,,,,,50,CONDITIONAL_OR_UNKNOWN,SOURCE_ONLY,dg_ac69ae103c5a,UNIQUE_OR_UNMERGED,no_website_in_source_or_context | no_parseable_phone_in_source_or_context | no_parseable_email_in_source_or_context,/mnt/data/master_resource_extract (1).json,544,Help List Total copy.txt,• Food/Early Childhood,,
3851996bb3baf72c564a,Behavioral/Medical,,FATHERHOOD_DIRECTORY,INSUFFICIENT_SOURCE_DATA,"No usable website, phone, or email was present or discovered.",,,,,,,,,50,CONDITIONAL_OR_UNKNOWN,SOURCE_ONLY,dg_b3c3aa4337db,UNIQUE_OR_UNMERGED,no_website_in_source_or_context | no_parseable_phone_in_source_or_context | no_parseable_email_in_source_or_context,/mnt/data/master_resource_extract (1).json,545,Help List Total copy.txt,• Behavioral/Medical,,
7140d0ecf76261972d33,Parenting/Pregnancy,,FATHERHOOD_DIRECTORY,INSUFFICIENT_SOURCE_DATA,"No usable website, phone, or email was present or discovered.",,,,,,,,,50,CONDITIONAL_OR_UNKNOWN,SOURCE_ONLY,dg_2f2b254ab5cc,UNIQUE_OR_UNMERGED,no_website_in_source_or_context | no_parseable_phone_in_source_or_context | no_parseable_email_in_source_or_context,/mnt/data/master_resource_extract (1).json,546,Help List Total copy.txt,• Parenting/Pregnancy,,
b4af091f2532812c36c9,Legal,,FATHERHOOD_DIRECTORY,INSUFFICIENT_SOURCE_DATA,"No usable website, phone, or email was present or discovered.",,,,,,,,,50,CONDITIONAL_OR_UNKNOWN,SOURCE_ONLY,dg_2f2f99ad379a,UNIQUE_OR_UNMERGED,no_website_in_source_or_context | no_parseable_phone_in_source_or_context | no_parseable_email_in_source_or_context,/mnt/data/master_resource_extract (1).json,547,Help List Total copy.txt,• Legal,,
6a8970fb3b3300b6dfc4,Employment,,FATHERHOOD_DIRECTORY,INSUFFICIENT_SOURCE_DATA,"No usable website, phone, or email was present or discovered.",,,,,,,,,50,CONDITIONAL_OR_UNKNOWN,SOURCE_ONLY,dg_aa1c6720cb7c,UNIQUE_OR_UNMERGED,no_website_in_source_or_context | no_parseable_phone_in_source_or_context | no_parseable_email_in_source_or_context,/mnt/data/master_resource_extract (1).json,548,Help List Total copy.txt,• Employment,,
004bbe20405ca6dd5269,Education,,FATHERHOOD_DIRECTORY,INSUFFICIENT_SOURCE_DATA,"No usable website, phone, or email was present or discovered.",,,,,,,,,50,CONDITIONAL_OR_UNKNOWN,SOURCE_ONLY,dg_2d8845b04fa1,UNIQUE_OR_UNMERGED,no_website_in_source_or_context | no_parseable_phone_in_source_or_context | no_parseable_email_in_source_or_context,/mnt/data/master_resource_extract (1).json,549,Help List Total copy.txt,• Education,,
4e8554a32bced41548e6,Veterans,,FATHERHOOD_DIRECTORY,INSUFFICIENT_SOURCE_DATA,"No usable website, phone, or email was present or discovered.",,,,,,,,,50,CONDITIONAL_OR_UNKNOWN,SOURCE_ONLY,dg_79a2f55f162a,UNIQUE_OR_UNMERGED,no_website_in_source_or_context | no_parseable_phone_in_source_or_context | no_parseable_email_in_source_or_context,/mnt/data/master_resource_extract (1).json,550,Help List Total copy.txt,• Veterans,,
1820c391a51d83cefb0b,Child Care,,FATHERHOOD_DIRECTORY,INSUFFICIENT_SOURCE_DATA,"No usable website, phone, or email was present or discovered.",,,,,,,,,50,CONDITIONAL_OR_UNKNOWN,SOURCE_ONLY,dg_4ecb4717c823,UNIQUE_OR_UNMERGED,no_website_in_source_or_context | no_parseable_phone_in_source_or_context | no_parseable_email_in_source_or_context,/mnt/data/master_resource_extract (1).json,551,Help List Total copy.txt,• Child Care,,
9c4952e57d36f3461151,AHCCCS,,Behavioral/Medical,INCONCLUSIVE,Network/TLS/server failures prevented a reliable organization verdict.,https://www.azahcccs.gov/contactus | https://www.azahcccs.gov/contactus/,https://www.azahcccs.gov/contactus => INCONCLUSIVE_OFFLINE | https://www.azahcccs.gov/contactus/ => INCONCLUSIVE_OFFLINE,+1-602-417-4000,+1-602-417-4000 => PLAUSIBLE_UNVERIFIED,,,,,50,CONDITIONAL_OR_UNKNOWN,SOURCE_ONLY,dg_7f842fa33fcd,UNIQUE_OR_UNMERGED,no_parseable_email_in_source_or_context | live_network_not_tested,/mnt/data/master_resource_extract (1).json,552,Help List Total copy.txt,"• AHCCCS — 602-417-4000
Status: Verified • Verified 2025-09-09 · Member services · https://www.azahcccs.gov/contactus/",,
84fdfb3e9cba92a7f341,================================================================================================ ================================================================================================,,LEGAL_DOCUMENT_TOOL_TOTAL,INSUFFICIENT_SOURCE_DATA,"No usable website, phone, or email was present or discovered.",,,,,,,,,50,CONDITIONAL_OR_UNKNOWN,SOURCE_ONLY,dg_d7e6755693ce,UNIQUE_OR_UNMERGED,name_looks_compound_or_malformed | no_website_in_source_or_context | no_parseable_phone_in_source_or_context | no_parseable_email_in_source_or_context,/mnt/data/master_resource_extract (1).json,553,Help List Total copy.txt,"================================================================================================
================================================================================================",,
fb11cf51cd119cec527a,Arizona Health Care Cost Containment System (AHCCCS) (Medicaid),,NARRATIVE_RESOURCE_BLOCK,INSUFFICIENT_SOURCE_DATA,"No usable website, phone, or email was present or discovered.",,,,,,,,,64,CONDITIONAL_OR_UNKNOWN,SOURCE_ONLY,dg_c5c8d39c13b8,UNIQUE_OR_UNMERGED,no_website_in_source_or_context | no_parseable_phone_in_source_or_context | no_parseable_email_in_source_or_context,/mnt/data/master_resource_extract (1).json,554,Help List Total copy.txt,"Arizona Health Care Cost Containment System (AHCCCS) (Medicaid)
Provides: Health insurance for Arizona’s low-income residents. (Important: Medicaid enrollment is required for several other programs above.)

Eligibility: Arizona residency, income below threshold, citizen or qualified immigrant. Over income or out-of-state means ineligible.

Intake (if unsheltered): Apply online, by phone, or at any DES office. No lease needed; you need to prove you live in AZ (e.g. letter from shelter or outreach worker may suffice).",,
4d5b9ca85e6258af1d2e,whistleblowers.org,,National Resource Link / Whistleblower Support,INCONCLUSIVE,Network/TLS/server failures prevented a reliable organization verdict.,https://www.whistleblowers.org/,https://www.whistleblowers.org/ => INCONCLUSIVE_OFFLINE,,,,,,,50,CONDITIONAL_OR_UNKNOWN,SOURCE_ONLY,dg_34becd637b9b,UNIQUE_OR_UNMERGED,name_is_url_like | no_parseable_phone_in_source_or_context | no_parseable_email_in_source_or_context | live_network_not_tested,/mnt/data/master_resource_extract (1).json,558,Help_List_Total_corrected_normalized_forensic_output_v2.txt [Passage 1],[NOT PRESENT IN SOURCE] | [NOT PRESENT IN SOURCE] | [NOT PRESENT IN SOURCE] | [NOT PRESENT IN SOURCE],,
